> Task :compileJava UP-TO-DATE
> Task :processResources UP-TO-DATE
> Task :classes UP-TO-DATE
> Task :resolveMainClassName UP-TO-DATE

> Task :bootRun

  .   ____          _            __ _ _
 /\\ / ___'_ __ _ _(_)_ __  __ _ \ \ \ \
( ( )\___ | '_ | '_| | '_ \/ _` | \ \ \ \
 \\/  ___)| |_)| | | | | || (_| |  ) ) ) )
  '  |____| .__|_| |_|_| |_\__, | / / / /
 =========|_|==============|___/=/_/_/_/

 :: Spring Boot ::                (v3.5.4)

2025-08-17 02:05:59.111 - INFO 30417 --- [  restartedMain] com.pullit.BackendApplication            : Starting BackendApplication using Java 17.0.14 with PID 30417 (/Users/parkjisong/pullit/backend/build/classes/java/main started by parkjisong in /Users/parkjisong/pullit/backend)
-2025-08-17 02:05:59.112 -DEBUG 30417 --- [  restartedMain] com.pullit.BackendApplication            : Running with Spring Boot v3.5.4, Spring v6.2.9
-2025-08-17 02:05:59.112 - INFO 30417 --- [  restartedMain] com.pullit.BackendApplication            : The following 1 profile is active: "local"
-2025-08-17 02:05:59.125 - INFO 30417 --- [  restartedMain] .e.DevToolsPropertyDefaultsPostProcessor : Devtools property defaults active! Set 'spring.devtools.add-properties' to 'false' to disable
-2025-08-17 02:05:59.125 - INFO 30417 --- [  restartedMain] .e.DevToolsPropertyDefaultsPostProcessor : For additional web related logging consider setting the 'logging.level.web' property to 'DEBUG'
-2025-08-17 02:05:59.452 - INFO 30417 --- [  restartedMain] .s.d.r.c.RepositoryConfigurationDelegate : Multiple Spring Data modules found, entering strict repository configuration mode
-2025-08-17 02:05:59.453 - INFO 30417 --- [  restartedMain] .s.d.r.c.RepositoryConfigurationDelegate : Bootstrapping Spring Data JPA repositories in DEFAULT mode.
-2025-08-17 02:05:59.513 - INFO 30417 --- [  restartedMain] .s.d.r.c.RepositoryConfigurationDelegate : Finished Spring Data repository scanning in 57 ms. Found 6 JPA repository interfaces.
-2025-08-17 02:05:59.518 - INFO 30417 --- [  restartedMain] .s.d.r.c.RepositoryConfigurationDelegate : Multiple Spring Data modules found, entering strict repository configuration mode
-2025-08-17 02:05:59.519 - INFO 30417 --- [  restartedMain] .s.d.r.c.RepositoryConfigurationDelegate : Bootstrapping Spring Data Redis repositories in DEFAULT mode.
-2025-08-17 02:05:59.525 - INFO 30417 --- [  restartedMain] .RepositoryConfigurationExtensionSupport : Spring Data Redis - Could not safely identify store assignment for repository candidate interface com.pullit.chapter.repository.ChapterRepository; If you want this repository to be a Redis repository, consider annotating your entities with one of these annotations: org.springframework.data.redis.core.RedisHash (preferred), or consider extending one of the following types with your repository: org.springframework.data.keyvalue.repository.KeyValueRepository
-2025-08-17 02:05:59.526 - INFO 30417 --- [  restartedMain] .RepositoryConfigurationExtensionSupport : Spring Data Redis - Could not safely identify store assignment for repository candidate interface com.pullit.exam.repository.ExamRepository; If you want this repository to be a Redis repository, consider annotating your entities with one of these annotations: org.springframework.data.redis.core.RedisHash (preferred), or consider extending one of the following types with your repository: org.springframework.data.keyvalue.repository.KeyValueRepository
-2025-08-17 02:05:59.526 - INFO 30417 --- [  restartedMain] .RepositoryConfigurationExtensionSupport : Spring Data Redis - Could not safely identify store assignment for repository candidate interface com.pullit.exam.repository.UserExamRepository; If you want this repository to be a Redis repository, consider annotating your entities with one of these annotations: org.springframework.data.redis.core.RedisHash (preferred), or consider extending one of the following types with your repository: org.springframework.data.keyvalue.repository.KeyValueRepository
-2025-08-17 02:05:59.526 - INFO 30417 --- [  restartedMain] .RepositoryConfigurationExtensionSupport : Spring Data Redis - Could not safely identify store assignment for repository candidate interface com.pullit.filehistory.repository.FileHistoryRepository; If you want this repository to be a Redis repository, consider annotating your entities with one of these annotations: org.springframework.data.redis.core.RedisHash (preferred), or consider extending one of the following types with your repository: org.springframework.data.keyvalue.repository.KeyValueRepository
-2025-08-17 02:05:59.526 - INFO 30417 --- [  restartedMain] .RepositoryConfigurationExtensionSupport : Spring Data Redis - Could not safely identify store assignment for repository candidate interface com.pullit.item.dao.SubjectRepository; If you want this repository to be a Redis repository, consider annotating your entities with one of these annotations: org.springframework.data.redis.core.RedisHash (preferred), or consider extending one of the following types with your repository: org.springframework.data.keyvalue.repository.KeyValueRepository
-2025-08-17 02:05:59.526 - INFO 30417 --- [  restartedMain] .RepositoryConfigurationExtensionSupport : Spring Data Redis - Could not safely identify store assignment for repository candidate interface com.pullit.user.repository.UserRepository; If you want this repository to be a Redis repository, consider annotating your entities with one of these annotations: org.springframework.data.redis.core.RedisHash (preferred), or consider extending one of the following types with your repository: org.springframework.data.keyvalue.repository.KeyValueRepository
-2025-08-17 02:05:59.526 - INFO 30417 --- [  restartedMain] .s.d.r.c.RepositoryConfigurationDelegate : Finished Spring Data repository scanning in 4 ms. Found 0 Redis repository interfaces.
-2025-08-17 02:05:59.789 - INFO 30417 --- [  restartedMain] o.s.b.w.embedded.tomcat.TomcatWebServer  : Tomcat initialized with port 8080 (http)
-2025-08-17 02:05:59.795 - INFO 30417 --- [  restartedMain] o.apache.catalina.core.StandardService   : Starting service [Tomcat]
-2025-08-17 02:05:59.795 - INFO 30417 --- [  restartedMain] o.apache.catalina.core.StandardEngine    : Starting Servlet engine: [Apache Tomcat/10.1.43]
-2025-08-17 02:05:59.809 - INFO 30417 --- [  restartedMain] o.a.c.c.C.[Tomcat].[localhost].[/]       : Initializing Spring embedded WebApplicationContext
-2025-08-17 02:05:59.809 - INFO 30417 --- [  restartedMain] w.s.c.ServletWebServerApplicationContext : Root WebApplicationContext: initialization completed in 684 ms
-2025-08-17 02:05:59.844 -DEBUG 30417 --- [  restartedMain] com.zaxxer.hikari.HikariConfig           : Class com.mysql.cj.jdbc.Driver found in Thread context class loader org.springframework.boot.devtools.restart.classloader.RestartClassLoader@49341aef
-2025-08-17 02:05:59.877 - INFO 30417 --- [  restartedMain] o.hibernate.jpa.internal.util.LogHelper  : HHH000204: Processing PersistenceUnitInfo [name: default]
-2025-08-17 02:05:59.893 - INFO 30417 --- [  restartedMain] org.hibernate.Version                    : HHH000412: Hibernate ORM core version 6.6.22.Final
-2025-08-17 02:05:59.904 - INFO 30417 --- [  restartedMain] o.h.c.internal.RegionFactoryInitiator    : HHH000026: Second-level cache disabled
-2025-08-17 02:05:59.985 - INFO 30417 --- [  restartedMain] o.s.o.j.p.SpringPersistenceUnitInfo      : No LoadTimeWeaver setup: ignoring JPA class transformer
-2025-08-17 02:05:59.993 -DEBUG 30417 --- [  restartedMain] com.zaxxer.hikari.HikariConfig           : HikariPool-1 - configuration:
-2025-08-17 02:05:59.995 -DEBUG 30417 --- [  restartedMain] com.zaxxer.hikari.HikariConfig           : allowPoolSuspension.............false
-2025-08-17 02:05:59.995 -DEBUG 30417 --- [  restartedMain] com.zaxxer.hikari.HikariConfig           : autoCommit......................true
-2025-08-17 02:05:59.995 -DEBUG 30417 --- [  restartedMain] com.zaxxer.hikari.HikariConfig           : catalog.........................none
-2025-08-17 02:05:59.995 -DEBUG 30417 --- [  restartedMain] com.zaxxer.hikari.HikariConfig           : connectionInitSql...............none
-2025-08-17 02:05:59.995 -DEBUG 30417 --- [  restartedMain] com.zaxxer.hikari.HikariConfig           : connectionTestQuery.............none
-2025-08-17 02:05:59.995 -DEBUG 30417 --- [  restartedMain] com.zaxxer.hikari.HikariConfig           : connectionTimeout...............30000
-2025-08-17 02:05:59.995 -DEBUG 30417 --- [  restartedMain] com.zaxxer.hikari.HikariConfig           : credentials.....................com.zaxxer.hikari.util.Credentials@261a92a4
-2025-08-17 02:05:59.995 -DEBUG 30417 --- [  restartedMain] com.zaxxer.hikari.HikariConfig           : dataSource......................none
-2025-08-17 02:05:59.995 -DEBUG 30417 --- [  restartedMain] com.zaxxer.hikari.HikariConfig           : dataSourceClassName.............none
-2025-08-17 02:05:59.995 -DEBUG 30417 --- [  restartedMain] com.zaxxer.hikari.HikariConfig           : dataSourceJNDI..................none
-2025-08-17 02:05:59.995 -DEBUG 30417 --- [  restartedMain] com.zaxxer.hikari.HikariConfig           : dataSourceProperties............{password=<masked>}
-2025-08-17 02:05:59.995 -DEBUG 30417 --- [  restartedMain] com.zaxxer.hikari.HikariConfig           : driverClassName................."com.mysql.cj.jdbc.Driver"
-2025-08-17 02:05:59.995 -DEBUG 30417 --- [  restartedMain] com.zaxxer.hikari.HikariConfig           : exceptionOverride...............none
-2025-08-17 02:05:59.995 -DEBUG 30417 --- [  restartedMain] com.zaxxer.hikari.HikariConfig           : exceptionOverrideClassName......none
-2025-08-17 02:05:59.995 -DEBUG 30417 --- [  restartedMain] com.zaxxer.hikari.HikariConfig           : healthCheckProperties...........{}
-2025-08-17 02:05:59.995 -DEBUG 30417 --- [  restartedMain] com.zaxxer.hikari.HikariConfig           : healthCheckRegistry.............none
-2025-08-17 02:05:59.995 -DEBUG 30417 --- [  restartedMain] com.zaxxer.hikari.HikariConfig           : idleTimeout.....................600000
-2025-08-17 02:05:59.995 -DEBUG 30417 --- [  restartedMain] com.zaxxer.hikari.HikariConfig           : initializationFailTimeout.......1
-2025-08-17 02:05:59.995 -DEBUG 30417 --- [  restartedMain] com.zaxxer.hikari.HikariConfig           : isolateInternalQueries..........false
-2025-08-17 02:05:59.995 -DEBUG 30417 --- [  restartedMain] com.zaxxer.hikari.HikariConfig           : jdbcUrl.........................jdbc:mysql://pullit-db.cfm6wkquapqe.ap-northeast-2.rds.amazonaws.com:3306/pullit?useSSL=false&serverTimezone=Asia/Seoul&characterEncoding=UTF-8
-2025-08-17 02:05:59.996 -DEBUG 30417 --- [  restartedMain] com.zaxxer.hikari.HikariConfig           : keepaliveTime...................120000
-2025-08-17 02:05:59.996 -DEBUG 30417 --- [  restartedMain] com.zaxxer.hikari.HikariConfig           : leakDetectionThreshold..........0
-2025-08-17 02:05:59.996 -DEBUG 30417 --- [  restartedMain] com.zaxxer.hikari.HikariConfig           : maxLifetime.....................1800000
-2025-08-17 02:05:59.996 -DEBUG 30417 --- [  restartedMain] com.zaxxer.hikari.HikariConfig           : maximumPoolSize.................10
-2025-08-17 02:05:59.996 -DEBUG 30417 --- [  restartedMain] com.zaxxer.hikari.HikariConfig           : metricRegistry..................none
-2025-08-17 02:05:59.996 -DEBUG 30417 --- [  restartedMain] com.zaxxer.hikari.HikariConfig           : metricsTrackerFactory...........none
-2025-08-17 02:05:59.996 -DEBUG 30417 --- [  restartedMain] com.zaxxer.hikari.HikariConfig           : minimumIdle.....................5
-2025-08-17 02:05:59.996 -DEBUG 30417 --- [  restartedMain] com.zaxxer.hikari.HikariConfig           : password........................<masked>
-2025-08-17 02:05:59.996 -DEBUG 30417 --- [  restartedMain] com.zaxxer.hikari.HikariConfig           : poolName........................"HikariPool-1"
-2025-08-17 02:05:59.996 -DEBUG 30417 --- [  restartedMain] com.zaxxer.hikari.HikariConfig           : readOnly........................false
-2025-08-17 02:05:59.996 -DEBUG 30417 --- [  restartedMain] com.zaxxer.hikari.HikariConfig           : registerMbeans..................false
-2025-08-17 02:05:59.996 -DEBUG 30417 --- [  restartedMain] com.zaxxer.hikari.HikariConfig           : scheduledExecutor...............none
-2025-08-17 02:05:59.996 -DEBUG 30417 --- [  restartedMain] com.zaxxer.hikari.HikariConfig           : schema..........................none
-2025-08-17 02:05:59.996 -DEBUG 30417 --- [  restartedMain] com.zaxxer.hikari.HikariConfig           : threadFactory...................internal
-2025-08-17 02:05:59.996 -DEBUG 30417 --- [  restartedMain] com.zaxxer.hikari.HikariConfig           : transactionIsolation............default
-2025-08-17 02:05:59.996 -DEBUG 30417 --- [  restartedMain] com.zaxxer.hikari.HikariConfig           : username........................"pullit"
-2025-08-17 02:05:59.996 -DEBUG 30417 --- [  restartedMain] com.zaxxer.hikari.HikariConfig           : validationTimeout...............5000
-2025-08-17 02:05:59.996 - INFO 30417 --- [  restartedMain] com.zaxxer.hikari.HikariDataSource       : HikariPool-1 - Starting...
-2025-08-17 02:06:00.002 -DEBUG 30417 --- [  restartedMain] com.zaxxer.hikari.pool.PoolBase          : HikariPool-1 - Attempting to create/setup new connection (b3668497-66ee-4d3e-94fc-63746e00ad8f)
-2025-08-17 02:06:00.333 -DEBUG 30417 --- [  restartedMain] com.zaxxer.hikari.pool.PoolBase          : HikariPool-1 - Established new connection (b3668497-66ee-4d3e-94fc-63746e00ad8f)
-2025-08-17 02:06:00.334 - INFO 30417 --- [  restartedMain] com.zaxxer.hikari.pool.HikariPool        : HikariPool-1 - Added connection com.mysql.cj.jdbc.ConnectionImpl@6b63001
-2025-08-17 02:06:00.335 - INFO 30417 --- [  restartedMain] com.zaxxer.hikari.HikariDataSource       : HikariPool-1 - Start completed.
-2025-08-17 02:06:00.371 - WARN 30417 --- [  restartedMain] org.hibernate.orm.deprecation            : HHH90000025: MySQL8Dialect does not need to be specified explicitly using 'hibernate.dialect' (remove the property setting and it will be selected by default)
-2025-08-17 02:06:00.371 - WARN 30417 --- [  restartedMain] org.hibernate.orm.deprecation            : HHH90000026: MySQL8Dialect has been deprecated; use org.hibernate.dialect.MySQLDialect instead
-2025-08-17 02:06:00.378 - INFO 30417 --- [  restartedMain] org.hibernate.orm.connections.pooling    : HHH10001005: Database info:
	Database JDBC URL [Connecting through datasource 'HikariDataSource (HikariPool-1)']
	Database driver: undefined/unknown
	Database version: 8.0
	Autocommit mode: undefined/unknown
	Isolation level: undefined/unknown
	Minimum pool size: undefined/unknown
	Maximum pool size: undefined/unknown
-2025-08-17 02:06:00.440 -DEBUG 30417 --- [l-1:housekeeper] com.zaxxer.hikari.pool.HikariPool        : HikariPool-1 - Before cleanup stats (total=1/10, idle=1/5, active=0, waiting=0)
-2025-08-17 02:06:00.441 -DEBUG 30417 --- [l-1:housekeeper] com.zaxxer.hikari.pool.HikariPool        : HikariPool-1 - After  cleanup stats (total=1/10, idle=1/5, active=0, waiting=0)
-2025-08-17 02:06:00.441 -DEBUG 30417 --- [onnection-adder] com.zaxxer.hikari.pool.PoolBase          : HikariPool-1 - Attempting to create/setup new connection (576ba297-f8ac-470c-bd08-798f4252a63a)
-2025-08-17 02:06:00.505 -DEBUG 30417 --- [onnection-adder] com.zaxxer.hikari.pool.PoolBase          : HikariPool-1 - Established new connection (576ba297-f8ac-470c-bd08-798f4252a63a)
-2025-08-17 02:06:00.505 -DEBUG 30417 --- [onnection-adder] com.zaxxer.hikari.pool.HikariPool        : HikariPool-1 - Added connection com.mysql.cj.jdbc.ConnectionImpl@7f3ce30f
-2025-08-17 02:06:00.537 -DEBUG 30417 --- [onnection-adder] com.zaxxer.hikari.pool.HikariPool        : HikariPool-1 - After adding stats (total=2/10, idle=2/5, active=0, waiting=0)
-2025-08-17 02:06:00.538 -DEBUG 30417 --- [onnection-adder] com.zaxxer.hikari.pool.PoolBase          : HikariPool-1 - Attempting to create/setup new connection (04915486-1bcd-4716-9b2e-b0184aec0b4d)
-2025-08-17 02:06:00.603 -DEBUG 30417 --- [onnection-adder] com.zaxxer.hikari.pool.PoolBase          : HikariPool-1 - Established new connection (04915486-1bcd-4716-9b2e-b0184aec0b4d)
-2025-08-17 02:06:00.603 -DEBUG 30417 --- [onnection-adder] com.zaxxer.hikari.pool.HikariPool        : HikariPool-1 - Added connection com.mysql.cj.jdbc.ConnectionImpl@3e01e934
-2025-08-17 02:06:00.637 -DEBUG 30417 --- [onnection-adder] com.zaxxer.hikari.pool.HikariPool        : HikariPool-1 - After adding stats (total=3/10, idle=3/5, active=0, waiting=0)
-2025-08-17 02:06:00.637 -DEBUG 30417 --- [onnection-adder] com.zaxxer.hikari.pool.PoolBase          : HikariPool-1 - Attempting to create/setup new connection (93ebb9d0-ba29-4f25-9ef8-36586315f077)
-2025-08-17 02:06:00.701 -DEBUG 30417 --- [onnection-adder] com.zaxxer.hikari.pool.PoolBase          : HikariPool-1 - Established new connection (93ebb9d0-ba29-4f25-9ef8-36586315f077)
-2025-08-17 02:06:00.701 -DEBUG 30417 --- [onnection-adder] com.zaxxer.hikari.pool.HikariPool        : HikariPool-1 - Added connection com.mysql.cj.jdbc.ConnectionImpl@f75b1da
-2025-08-17 02:06:00.732 -DEBUG 30417 --- [onnection-adder] com.zaxxer.hikari.pool.HikariPool        : HikariPool-1 - After adding stats (total=4/10, idle=4/5, active=0, waiting=0)
-2025-08-17 02:06:00.732 -DEBUG 30417 --- [onnection-adder] com.zaxxer.hikari.pool.PoolBase          : HikariPool-1 - Attempting to create/setup new connection (2617f2d8-c4ad-4ef6-9ab2-8d08fca2d976)
-2025-08-17 02:06:00.795 -DEBUG 30417 --- [onnection-adder] com.zaxxer.hikari.pool.PoolBase          : HikariPool-1 - Established new connection (2617f2d8-c4ad-4ef6-9ab2-8d08fca2d976)
-2025-08-17 02:06:00.796 -DEBUG 30417 --- [onnection-adder] com.zaxxer.hikari.pool.HikariPool        : HikariPool-1 - Added connection com.mysql.cj.jdbc.ConnectionImpl@5e2e167b
-2025-08-17 02:06:00.808 - INFO 30417 --- [  restartedMain] o.h.e.t.j.p.i.JtaPlatformInitiator       : HHH000489: No JTA platform available (set 'hibernate.transaction.jta.platform' to enable JTA platform integration)
-2025-08-17 02:06:00.826 -DEBUG 30417 --- [onnection-adder] com.zaxxer.hikari.pool.HikariPool        : HikariPool-1 - After adding stats (total=5/10, idle=4/5, active=1, waiting=0)
-2025-08-17 02:06:00.857 -DEBUG 30417 --- [  restartedMain] org.hibernate.SQL                        : 
    alter table exam_usage_history 
       modify column exam_type enum ('SYSTEM','USER') not null
-Hibernate: 
    alter table exam_usage_history 
       modify column exam_type enum ('SYSTEM','USER') not null
2025-08-17 02:06:00.891 -DEBUG 30417 --- [  restartedMain] org.hibernate.SQL                        : 
    alter table exam_usage_history 
       modify column usage_type enum ('COMPLETE','COPY','DOWNLOAD','EDIT','EXPORT_ANSWER','EXPORT_PDF','PRINT','SHARE','VIEW') not null
-Hibernate: 
    alter table exam_usage_history 
       modify column usage_type enum ('COMPLETE','COPY','DOWNLOAD','EDIT','EXPORT_ANSWER','EXPORT_PDF','PRINT','SHARE','VIEW') not null
2025-08-17 02:06:00.920 -DEBUG 30417 --- [  restartedMain] org.hibernate.SQL                        : 
    alter table user_exams 
       modify column visibility enum ('PRIVATE','PUBLIC','SCHOOL')
-Hibernate: 
    alter table user_exams 
       modify column visibility enum ('PRIVATE','PUBLIC','SCHOOL')
2025-08-17 02:06:01.291 - INFO 30417 --- [  restartedMain] j.LocalContainerEntityManagerFactoryBean : Initialized JPA EntityManagerFactory for persistence unit 'default'
-2025-08-17 02:06:01.301 - INFO 30417 --- [  restartedMain] c.pullit.common.config.PropertyConfig    : RSA public key loaded from: public-key.pem
-2025-08-17 02:06:01.303 - INFO 30417 --- [  restartedMain] c.pullit.common.config.PropertyConfig    : RSA private key loaded from: private-key.pem
-2025-08-17 02:06:01.413 - INFO 30417 --- [  restartedMain] o.s.d.j.r.query.QueryEnhancerFactory     : Hibernate is in classpath; If applicable, HQL parser will be used.
-2025-08-17 02:06:01.666 -ERROR 30417 --- [  restartedMain] i.n.r.d.DnsServerAddressStreamProviders  : Unable to load io.netty.resolver.dns.macos.MacOSDnsServerAddressStreamProvider, fallback to system defaults. This may result in incorrect DNS resolutions on MacOS. Check whether you have a dependency on 'io.netty:netty-resolver-dns-native-macos'. Use DEBUG level to see the full stack: java.lang.UnsatisfiedLinkError: failed to load the required native library
-2025-08-17 02:06:02.179 - WARN 30417 --- [  restartedMain] JpaBaseConfiguration$JpaWebConfiguration : spring.jpa.open-in-view is enabled by default. Therefore, database queries may be performed during view rendering. Explicitly configure spring.jpa.open-in-view to disable this warning
-2025-08-17 02:06:02.228 -DEBUG 30417 --- [  restartedMain] s.w.s.m.m.a.RequestMappingHandlerMapping : 41 mappings in 'requestMappingHandlerMapping'
-2025-08-17 02:06:02.437 -DEBUG 30417 --- [  restartedMain] s.w.s.m.m.a.RequestMappingHandlerAdapter : ControllerAdvice beans: 0 @ModelAttribute, 0 @InitBinder, 1 RequestBodyAdvice, 1 ResponseBodyAdvice
-2025-08-17 02:06:02.461 -DEBUG 30417 --- [  restartedMain] .m.m.a.ExceptionHandlerExceptionResolver : ControllerAdvice beans: 2 @ExceptionHandler, 1 ResponseBodyAdvice
-2025-08-17 02:06:02.581 - INFO 30417 --- [  restartedMain] o.s.b.d.a.OptionalLiveReloadServer       : LiveReload server is running on port 35729
-2025-08-17 02:06:02.598 - INFO 30417 --- [  restartedMain] o.s.b.w.embedded.tomcat.TomcatWebServer  : Tomcat started on port 8080 (http) with context path '/'
-2025-08-17 02:06:02.604 - INFO 30417 --- [  restartedMain] com.pullit.BackendApplication            : Started BackendApplication in 3.64 seconds (process running for 3.783)
-2025-08-17 02:06:12.940 - INFO 30417 --- [nio-8080-exec-1] o.a.c.c.C.[Tomcat].[localhost].[/]       : Initializing Spring DispatcherServlet 'dispatcherServlet'
-2025-08-17 02:06:12.940 - INFO 30417 --- [nio-8080-exec-1] o.s.web.servlet.DispatcherServlet        : Initializing Servlet 'dispatcherServlet'
-2025-08-17 02:06:12.941 - INFO 30417 --- [nio-8080-exec-1] o.s.web.servlet.DispatcherServlet        : Completed initialization in 1 ms
-2025-08-17 02:06:12.951 -DEBUG 30417 --- [nio-8080-exec-1] s.w.s.m.m.a.RequestMappingHandlerMapping : Mapped to com.pullit.exam.controller.ExamController#searchExams(ExamSearchRequest)
-2025-08-17 02:06:12.962 - INFO 30417 --- [nio-8080-exec-1] c.pullit.exam.controller.ExamController  : 시험지 검색 요청: ExamSearchRequest(query=null, keyword=null, schoolLevel=null, grade=null, gradeCode=null, term=null, termCode=null, subjects=null, areaCode=KO, chapters=null, minItems=null, maxItems=null, visibility=null, recentlyUpdated=null, myExams=null, schoolExams=null, publicExams=null, includeSystemExams=true, includeUserExams=true, sortBy=relevance, sortDirection=DESC, popularPeriod=null, page=0, size=5, hasPdf=null, hasAnswerPdf=null, pdfGeneratedFrom=null, pdfGeneratedTo=null, minTimeLimit=null, maxTimeLimit=null, examDateFrom=null, examDateTo=null, onlyTrending=null, minUseCount=null, minRating=null)
-2025-08-17 02:06:12.967 - INFO 30417 --- [nio-8080-exec-1] c.pullit.exam.controller.ExamController  : 검색 파라미터 - areaCode: KO, gradeCode: null, termCode: null, keyword: null
-2025-08-17 02:06:12.967 - INFO 30417 --- [nio-8080-exec-1] c.pullit.exam.controller.ExamController  : Include flags - system: true, user: true
-2025-08-17 02:06:12.995 - INFO 30417 --- [nio-8080-exec-1] com.pullit.exam.service.ExamService      : searchAllExams 시작 - areaCode: KO, includeSystem: true, includeUser: true
-=== ExamRepository searchExams 시작 ===
Request: ExamSearchRequest(query=null, keyword=null, schoolLevel=null, grade=null, gradeCode=null, term=null, termCode=null, subjects=null, areaCode=KO, chapters=null, minItems=null, maxItems=null, visibility=null, recentlyUpdated=null, myExams=null, schoolExams=null, publicExams=null, includeSystemExams=true, includeUserExams=true, sortBy=relevance, sortDirection=DESC, popularPeriod=null, page=0, size=5, hasPdf=null, hasAnswerPdf=null, pdfGeneratedFrom=null, pdfGeneratedTo=null, minTimeLimit=null, maxTimeLimit=null, examDateFrom=null, examDateTo=null, onlyTrending=null, minUseCount=null, minRating=null)
areaCode: KO
gradeCode: null
termCode: null
Pageable - page: 0, size: 10
=== buildSearchPredicate 시작 ===
areaCode: KO
gradeCode: null
termCode: null
과목 필터 적용: KO
최종 조건: subject.area.code = KO
적용할 조건: subject.area.code = KO
2025-08-17 02:06:13.054 -DEBUG 30417 --- [nio-8080-exec-1] org.hibernate.SQL                        : 
    select
        e1_0.exam_id,
        e1_0.created_by,
        e1_0.created_date,
        e1_0.exam_name,
        e1_0.file_url,
        e1_0.is_public,
        e1_0.item_count,
        e1_0.large_chapter_id,
        e1_0.large_chapter_name,
        e1_0.preview_url,
        s1_0.subject_id,
        s1_0.area_code,
        s1_0.area_name,
        s1_0.curriculum_code,
        s1_0.curriculum_name,
        s1_0.grade_code,
        s1_0.grade_name,
        s1_0.school_level_code,
        s1_0.school_level_name,
        s1_0.subject_name,
        s1_0.subject_thumbnail,
        s1_0.term_code,
        s1_0.term_name,
        e1_0.updated_by,
        e1_0.updated_date,
        e1_0.visibility 
    from
        exams e1_0 
    left join
        subjects s1_0 
            on s1_0.subject_id=e1_0.subject_id 
    where
        s1_0.area_code=? 
    order by
        e1_0.created_date desc 
    limit
        ?, ?
-Hibernate: 
    select
        e1_0.exam_id,
        e1_0.created_by,
        e1_0.created_date,
        e1_0.exam_name,
        e1_0.file_url,
        e1_0.is_public,
        e1_0.item_count,
        e1_0.large_chapter_id,
        e1_0.large_chapter_name,
        e1_0.preview_url,
        s1_0.subject_id,
        s1_0.area_code,
        s1_0.area_name,
        s1_0.curriculum_code,
        s1_0.curriculum_name,
        s1_0.grade_code,
        s1_0.grade_name,
        s1_0.school_level_code,
        s1_0.school_level_name,
        s1_0.subject_name,
        s1_0.subject_thumbnail,
        s1_0.term_code,
        s1_0.term_name,
        e1_0.updated_by,
        e1_0.updated_date,
        e1_0.visibility 
    from
        exams e1_0 
    left join
        subjects s1_0 
            on s1_0.subject_id=e1_0.subject_id 
    where
        s1_0.area_code=? 
    order by
        e1_0.created_date desc 
    limit
        ?, ?
=== 조회 결과 ===
조회된 시험지 수: 10
시험지 1: 중_ 국어 3-2(박)_1-더 읽어 보기_단원평가_1회_T셀파
  - ID: 1234
  - ItemCount: 2
  - Subject ID: 1203
  - Area: KO / 국어
시험지 2: 중_ 국어 3-2(박)_2-더 읽어 보기_단원평가_1회_T셀파
  - ID: 1290
  - ItemCount: 11
  - Subject ID: 1203
  - Area: KO / 국어
시험지 3: 중_ 국어 3-2(박)_4-더 읽어 보기_단원평가_1회_T셀파
  - ID: 1335
  - ItemCount: 19
  - Subject ID: 1203
  - Area: KO / 국어
2025-08-17 02:06:13.083 -DEBUG 30417 --- [nio-8080-exec-1] org.hibernate.SQL                        : 
    select
        count(e1_0.exam_id) 
    from
        exams e1_0 
    left join
        subjects s1_0 
            on s1_0.subject_id=e1_0.subject_id 
    where
        s1_0.area_code=?
-Hibernate: 
    select
        count(e1_0.exam_id) 
    from
        exams e1_0 
    left join
        subjects s1_0 
            on s1_0.subject_id=e1_0.subject_id 
    where
        s1_0.area_code=?
전체 시험지 수: 350
=== ExamRepository searchExams 종료 ===

2025-08-17 02:06:13.092 - INFO 30417 --- [nio-8080-exec-1] com.pullit.exam.service.ExamService      : 시스템 시험지 검색 결과: 10개 (전체: 350개)
-2025-08-17 02:06:13.094 -DEBUG 30417 --- [nio-8080-exec-1] org.hibernate.SQL                        : 
    select
        ue1_0.exam_id,
        ue1_0.answer_pdf_url,
        ue1_0.area_code,
        ue1_0.area_name,
        ue1_0.class_id,
        ue1_0.created_by,
        ue1_0.created_date,
        ue1_0.deleted_by,
        ue1_0.deleted_date,
        ue1_0.description,
        ue1_0.exam_date,
        ue1_0.exam_name,
        ue1_0.exam_type,
        ue1_0.grade_code,
        ue1_0.grade_name,
        ue1_0.pdf_generated_at,
        ue1_0.pdf_url,
        ue1_0.term_code,
        ue1_0.term_name,
        ue1_0.time_limit,
        ue1_0.total_items,
        ue1_0.total_points,
        ue1_0.updated_by,
        ue1_0.updated_date,
        ue1_0.visibility 
    from
        user_exams ue1_0 
    where
        (
            ue1_0.deleted_date IS NULL
        ) 
        and ue1_0.area_code=? 
        and ue1_0.deleted_date is null 
    order by
        ue1_0.updated_date desc 
    limit
        ?, ?
-Hibernate: 
    select
        ue1_0.exam_id,
        ue1_0.answer_pdf_url,
        ue1_0.area_code,
        ue1_0.area_name,
        ue1_0.class_id,
        ue1_0.created_by,
        ue1_0.created_date,
        ue1_0.deleted_by,
        ue1_0.deleted_date,
        ue1_0.description,
        ue1_0.exam_date,
        ue1_0.exam_name,
        ue1_0.exam_type,
        ue1_0.grade_code,
        ue1_0.grade_name,
        ue1_0.pdf_generated_at,
        ue1_0.pdf_url,
        ue1_0.term_code,
        ue1_0.term_name,
        ue1_0.time_limit,
        ue1_0.total_items,
        ue1_0.total_points,
        ue1_0.updated_by,
        ue1_0.updated_date,
        ue1_0.visibility 
    from
        user_exams ue1_0 
    where
        (
            ue1_0.deleted_date IS NULL
        ) 
        and ue1_0.area_code=? 
        and ue1_0.deleted_date is null 
    order by
        ue1_0.updated_date desc 
    limit
        ?, ?
2025-08-17 02:06:13.102 -DEBUG 30417 --- [nio-8080-exec-1] org.hibernate.SQL                        : 
    select
        count(ue1_0.exam_id) 
    from
        user_exams ue1_0 
    where
        (
            ue1_0.deleted_date IS NULL
        ) 
        and ue1_0.area_code=? 
        and ue1_0.deleted_date is null
-Hibernate: 
    select
        count(ue1_0.exam_id) 
    from
        user_exams ue1_0 
    where
        (
            ue1_0.deleted_date IS NULL
        ) 
        and ue1_0.area_code=? 
        and ue1_0.deleted_date is null
2025-08-17 02:06:13.109 - INFO 30417 --- [nio-8080-exec-1] com.pullit.exam.service.ExamService      : 사용자 시험지 검색 결과: 0개 (전체: 0개)
-2025-08-17 02:06:13.110 - INFO 30417 --- [nio-8080-exec-1] com.pullit.exam.service.ExamService      : 최종 결과: 5개 반환 (전체: 350개)
-2025-08-17 02:06:13.132 - INFO 30417 --- [nio-8080-exec-1] c.pullit.exam.controller.ExamController  : 검색 결과 - 총 350개, 현재 페이지 5개
-2025-08-17 02:06:13.152 -DEBUG 30417 --- [nio-8080-exec-1] o.s.w.s.m.m.a.HttpEntityMethodProcessor  : Using 'application/json', given [application/json] and supported [application/json, application/*+json, application/yaml]
-2025-08-17 02:06:13.153 -DEBUG 30417 --- [nio-8080-exec-1] o.s.w.s.m.m.a.HttpEntityMethodProcessor  : Writing [com.pullit.common.dto.response.ApiResponse@1df58108]
-2025-08-17 02:06:13.158 - WARN 30417 --- [nio-8080-exec-1] ration$PageModule$WarningLoggingModifier : Serializing PageImpl instances as-is is not supported, meaning that there is no guarantee about the stability of the resulting JSON structure!
	For a stable JSON structure, please use Spring Data's PagedModel (globally via @EnableSpringDataWebSupport(pageSerializationMode = VIA_DTO))
	or Spring HATEOAS and Spring Data's PagedResourcesAssembler as documented in https://docs.spring.io/spring-data/commons/reference/repositories/core-extensions.html#core.web.pageables.

-2025-08-17 02:06:23.197 -DEBUG 30417 --- [nio-8080-exec-2] s.w.s.m.m.a.RequestMappingHandlerMapping : Mapped to com.pullit.exam.controller.ExamController#searchExams(ExamSearchRequest)
-2025-08-17 02:06:23.198 - INFO 30417 --- [nio-8080-exec-2] c.pullit.exam.controller.ExamController  : 시험지 검색 요청: ExamSearchRequest(query=null, keyword=null, schoolLevel=null, grade=null, gradeCode=null, term=null, termCode=null, subjects=null, areaCode=MA, chapters=null, minItems=null, maxItems=null, visibility=null, recentlyUpdated=null, myExams=null, schoolExams=null, publicExams=null, includeSystemExams=true, includeUserExams=true, sortBy=relevance, sortDirection=DESC, popularPeriod=null, page=0, size=5, hasPdf=null, hasAnswerPdf=null, pdfGeneratedFrom=null, pdfGeneratedTo=null, minTimeLimit=null, maxTimeLimit=null, examDateFrom=null, examDateTo=null, onlyTrending=null, minUseCount=null, minRating=null)
-2025-08-17 02:06:23.198 - INFO 30417 --- [nio-8080-exec-2] c.pullit.exam.controller.ExamController  : 검색 파라미터 - areaCode: MA, gradeCode: null, termCode: null, keyword: null
-2025-08-17 02:06:23.198 - INFO 30417 --- [nio-8080-exec-2] c.pullit.exam.controller.ExamController  : Include flags - system: true, user: true
-2025-08-17 02:06:23.219 - INFO 30417 --- [nio-8080-exec-2] com.pullit.exam.service.ExamService      : searchAllExams 시작 - areaCode: MA, includeSystem: true, includeUser: true
-=== ExamRepository searchExams 시작 ===
Request: ExamSearchRequest(query=null, keyword=null, schoolLevel=null, grade=null, gradeCode=null, term=null, termCode=null, subjects=null, areaCode=MA, chapters=null, minItems=null, maxItems=null, visibility=null, recentlyUpdated=null, myExams=null, schoolExams=null, publicExams=null, includeSystemExams=true, includeUserExams=true, sortBy=relevance, sortDirection=DESC, popularPeriod=null, page=0, size=5, hasPdf=null, hasAnswerPdf=null, pdfGeneratedFrom=null, pdfGeneratedTo=null, minTimeLimit=null, maxTimeLimit=null, examDateFrom=null, examDateTo=null, onlyTrending=null, minUseCount=null, minRating=null)
areaCode: MA
gradeCode: null
termCode: null
Pageable - page: 0, size: 10
=== buildSearchPredicate 시작 ===
areaCode: MA
gradeCode: null
termCode: null
과목 필터 적용: MA
최종 조건: subject.area.code = MA
적용할 조건: subject.area.code = MA
2025-08-17 02:06:23.221 -DEBUG 30417 --- [nio-8080-exec-2] org.hibernate.SQL                        : 
    select
        e1_0.exam_id,
        e1_0.created_by,
        e1_0.created_date,
        e1_0.exam_name,
        e1_0.file_url,
        e1_0.is_public,
        e1_0.item_count,
        e1_0.large_chapter_id,
        e1_0.large_chapter_name,
        e1_0.preview_url,
        s1_0.subject_id,
        s1_0.area_code,
        s1_0.area_name,
        s1_0.curriculum_code,
        s1_0.curriculum_name,
        s1_0.grade_code,
        s1_0.grade_name,
        s1_0.school_level_code,
        s1_0.school_level_name,
        s1_0.subject_name,
        s1_0.subject_thumbnail,
        s1_0.term_code,
        s1_0.term_name,
        e1_0.updated_by,
        e1_0.updated_date,
        e1_0.visibility 
    from
        exams e1_0 
    left join
        subjects s1_0 
            on s1_0.subject_id=e1_0.subject_id 
    where
        s1_0.area_code=? 
    order by
        e1_0.created_date desc 
    limit
        ?, ?
-Hibernate: 
    select
        e1_0.exam_id,
        e1_0.created_by,
        e1_0.created_date,
        e1_0.exam_name,
        e1_0.file_url,
        e1_0.is_public,
        e1_0.item_count,
        e1_0.large_chapter_id,
        e1_0.large_chapter_name,
        e1_0.preview_url,
        s1_0.subject_id,
        s1_0.area_code,
        s1_0.area_name,
        s1_0.curriculum_code,
        s1_0.curriculum_name,
        s1_0.grade_code,
        s1_0.grade_name,
        s1_0.school_level_code,
        s1_0.school_level_name,
        s1_0.subject_name,
        s1_0.subject_thumbnail,
        s1_0.term_code,
        s1_0.term_name,
        e1_0.updated_by,
        e1_0.updated_date,
        e1_0.visibility 
    from
        exams e1_0 
    left join
        subjects s1_0 
            on s1_0.subject_id=e1_0.subject_id 
    where
        s1_0.area_code=? 
    order by
        e1_0.created_date desc 
    limit
        ?, ?
=== 조회 결과 ===
조회된 시험지 수: 10
시험지 1: 중_수학3(이)_4-2-4_형성평가_1회_T셀파
  - ID: 1942
  - ItemCount: 20
  - Subject ID: 1141
  - Area: MA / 수학
시험지 2: 중_수학3(이)_2-2-2_형성평가_2회_T셀파
  - ID: 1930
  - ItemCount: 20
  - Subject ID: 1141
  - Area: MA / 수학
시험지 3: 중_수학3(이)_4-2-3_형성평가_1회_T셀파
  - ID: 1941
  - ItemCount: 20
  - Subject ID: 1141
  - Area: MA / 수학
2025-08-17 02:06:23.233 -DEBUG 30417 --- [nio-8080-exec-2] org.hibernate.SQL                        : 
    select
        count(e1_0.exam_id) 
    from
        exams e1_0 
    left join
        subjects s1_0 
            on s1_0.subject_id=e1_0.subject_id 
    where
        s1_0.area_code=?
-Hibernate: 
    select
        count(e1_0.exam_id) 
    from
        exams e1_0 
    left join
        subjects s1_0 
            on s1_0.subject_id=e1_0.subject_id 
    where
        s1_0.area_code=?
전체 시험지 수: 228
=== ExamRepository searchExams 종료 ===

2025-08-17 02:06:23.240 - INFO 30417 --- [nio-8080-exec-2] com.pullit.exam.service.ExamService      : 시스템 시험지 검색 결과: 10개 (전체: 228개)
-2025-08-17 02:06:23.241 -DEBUG 30417 --- [nio-8080-exec-2] org.hibernate.SQL                        : 
    select
        ue1_0.exam_id,
        ue1_0.answer_pdf_url,
        ue1_0.area_code,
        ue1_0.area_name,
        ue1_0.class_id,
        ue1_0.created_by,
        ue1_0.created_date,
        ue1_0.deleted_by,
        ue1_0.deleted_date,
        ue1_0.description,
        ue1_0.exam_date,
        ue1_0.exam_name,
        ue1_0.exam_type,
        ue1_0.grade_code,
        ue1_0.grade_name,
        ue1_0.pdf_generated_at,
        ue1_0.pdf_url,
        ue1_0.term_code,
        ue1_0.term_name,
        ue1_0.time_limit,
        ue1_0.total_items,
        ue1_0.total_points,
        ue1_0.updated_by,
        ue1_0.updated_date,
        ue1_0.visibility 
    from
        user_exams ue1_0 
    where
        (
            ue1_0.deleted_date IS NULL
        ) 
        and ue1_0.area_code=? 
        and ue1_0.deleted_date is null 
    order by
        ue1_0.updated_date desc 
    limit
        ?, ?
-Hibernate: 
    select
        ue1_0.exam_id,
        ue1_0.answer_pdf_url,
        ue1_0.area_code,
        ue1_0.area_name,
        ue1_0.class_id,
        ue1_0.created_by,
        ue1_0.created_date,
        ue1_0.deleted_by,
        ue1_0.deleted_date,
        ue1_0.description,
        ue1_0.exam_date,
        ue1_0.exam_name,
        ue1_0.exam_type,
        ue1_0.grade_code,
        ue1_0.grade_name,
        ue1_0.pdf_generated_at,
        ue1_0.pdf_url,
        ue1_0.term_code,
        ue1_0.term_name,
        ue1_0.time_limit,
        ue1_0.total_items,
        ue1_0.total_points,
        ue1_0.updated_by,
        ue1_0.updated_date,
        ue1_0.visibility 
    from
        user_exams ue1_0 
    where
        (
            ue1_0.deleted_date IS NULL
        ) 
        and ue1_0.area_code=? 
        and ue1_0.deleted_date is null 
    order by
        ue1_0.updated_date desc 
    limit
        ?, ?
2025-08-17 02:06:23.248 -DEBUG 30417 --- [nio-8080-exec-2] org.hibernate.SQL                        : 
    select
        count(ue1_0.exam_id) 
    from
        user_exams ue1_0 
    where
        (
            ue1_0.deleted_date IS NULL
        ) 
        and ue1_0.area_code=? 
        and ue1_0.deleted_date is null
-Hibernate: 
    select
        count(ue1_0.exam_id) 
    from
        user_exams ue1_0 
    where
        (
            ue1_0.deleted_date IS NULL
        ) 
        and ue1_0.area_code=? 
        and ue1_0.deleted_date is null
2025-08-17 02:06:23.256 - INFO 30417 --- [nio-8080-exec-2] com.pullit.exam.service.ExamService      : 사용자 시험지 검색 결과: 0개 (전체: 0개)
-2025-08-17 02:06:23.256 - INFO 30417 --- [nio-8080-exec-2] com.pullit.exam.service.ExamService      : 최종 결과: 5개 반환 (전체: 228개)
-2025-08-17 02:06:23.278 - INFO 30417 --- [nio-8080-exec-2] c.pullit.exam.controller.ExamController  : 검색 결과 - 총 228개, 현재 페이지 5개
-2025-08-17 02:06:23.279 -DEBUG 30417 --- [nio-8080-exec-2] o.s.w.s.m.m.a.HttpEntityMethodProcessor  : Using 'application/json', given [application/json] and supported [application/json, application/*+json, application/yaml]
-2025-08-17 02:06:23.279 -DEBUG 30417 --- [nio-8080-exec-2] o.s.w.s.m.m.a.HttpEntityMethodProcessor  : Writing [com.pullit.common.dto.response.ApiResponse@621ea6d3]
-2025-08-17 02:06:30.445 -DEBUG 30417 --- [l-1:housekeeper] com.zaxxer.hikari.pool.HikariPool        : HikariPool-1 - Before cleanup stats (total=5/10, idle=5/5, active=0, waiting=0)
-2025-08-17 02:06:30.446 -DEBUG 30417 --- [l-1:housekeeper] com.zaxxer.hikari.pool.HikariPool        : HikariPool-1 - After  cleanup stats (total=5/10, idle=5/5, active=0, waiting=0)
-2025-08-17 02:06:30.446 -DEBUG 30417 --- [l-1:housekeeper] com.zaxxer.hikari.pool.HikariPool        : HikariPool-1 - Fill pool skipped, pool has sufficient level or currently being filled.
-2025-08-17 02:06:41.883 -DEBUG 30417 --- [nio-8080-exec-4] s.w.s.m.m.a.RequestMappingHandlerMapping : Mapped to com.pullit.exam.controller.ExamController#searchExams(ExamSearchRequest)
-2025-08-17 02:06:41.883 - INFO 30417 --- [nio-8080-exec-4] c.pullit.exam.controller.ExamController  : 시험지 검색 요청: ExamSearchRequest(query=null, keyword=null, schoolLevel=null, grade=null, gradeCode=null, term=null, termCode=null, subjects=null, areaCode=EN, chapters=null, minItems=null, maxItems=null, visibility=null, recentlyUpdated=null, myExams=null, schoolExams=null, publicExams=null, includeSystemExams=true, includeUserExams=true, sortBy=relevance, sortDirection=DESC, popularPeriod=null, page=0, size=1, hasPdf=null, hasAnswerPdf=null, pdfGeneratedFrom=null, pdfGeneratedTo=null, minTimeLimit=null, maxTimeLimit=null, examDateFrom=null, examDateTo=null, onlyTrending=null, minUseCount=null, minRating=null)
-2025-08-17 02:06:41.883 - INFO 30417 --- [nio-8080-exec-4] c.pullit.exam.controller.ExamController  : 검색 파라미터 - areaCode: EN, gradeCode: null, termCode: null, keyword: null
-2025-08-17 02:06:41.883 - INFO 30417 --- [nio-8080-exec-4] c.pullit.exam.controller.ExamController  : Include flags - system: true, user: true
-2025-08-17 02:06:41.905 - INFO 30417 --- [nio-8080-exec-4] com.pullit.exam.service.ExamService      : searchAllExams 시작 - areaCode: EN, includeSystem: true, includeUser: true
-=== ExamRepository searchExams 시작 ===
Request: ExamSearchRequest(query=null, keyword=null, schoolLevel=null, grade=null, gradeCode=null, term=null, termCode=null, subjects=null, areaCode=EN, chapters=null, minItems=null, maxItems=null, visibility=null, recentlyUpdated=null, myExams=null, schoolExams=null, publicExams=null, includeSystemExams=true, includeUserExams=true, sortBy=relevance, sortDirection=DESC, popularPeriod=null, page=0, size=1, hasPdf=null, hasAnswerPdf=null, pdfGeneratedFrom=null, pdfGeneratedTo=null, minTimeLimit=null, maxTimeLimit=null, examDateFrom=null, examDateTo=null, onlyTrending=null, minUseCount=null, minRating=null)
areaCode: EN
gradeCode: null
termCode: null
Pageable - page: 0, size: 2
=== buildSearchPredicate 시작 ===
areaCode: EN
gradeCode: null
termCode: null
과목 필터 적용: EN
최종 조건: subject.area.code = EN
적용할 조건: subject.area.code = EN
2025-08-17 02:06:41.905 -DEBUG 30417 --- [nio-8080-exec-4] org.hibernate.SQL                        : 
    select
        e1_0.exam_id,
        e1_0.created_by,
        e1_0.created_date,
        e1_0.exam_name,
        e1_0.file_url,
        e1_0.is_public,
        e1_0.item_count,
        e1_0.large_chapter_id,
        e1_0.large_chapter_name,
        e1_0.preview_url,
        s1_0.subject_id,
        s1_0.area_code,
        s1_0.area_name,
        s1_0.curriculum_code,
        s1_0.curriculum_name,
        s1_0.grade_code,
        s1_0.grade_name,
        s1_0.school_level_code,
        s1_0.school_level_name,
        s1_0.subject_name,
        s1_0.subject_thumbnail,
        s1_0.term_code,
        s1_0.term_name,
        e1_0.updated_by,
        e1_0.updated_date,
        e1_0.visibility 
    from
        exams e1_0 
    left join
        subjects s1_0 
            on s1_0.subject_id=e1_0.subject_id 
    where
        s1_0.area_code=? 
    order by
        e1_0.created_date desc 
    limit
        ?, ?
-Hibernate: 
    select
        e1_0.exam_id,
        e1_0.created_by,
        e1_0.created_date,
        e1_0.exam_name,
        e1_0.file_url,
        e1_0.is_public,
        e1_0.item_count,
        e1_0.large_chapter_id,
        e1_0.large_chapter_name,
        e1_0.preview_url,
        s1_0.subject_id,
        s1_0.area_code,
        s1_0.area_name,
        s1_0.curriculum_code,
        s1_0.curriculum_name,
        s1_0.grade_code,
        s1_0.grade_name,
        s1_0.school_level_code,
        s1_0.school_level_name,
        s1_0.subject_name,
        s1_0.subject_thumbnail,
        s1_0.term_code,
        s1_0.term_name,
        e1_0.updated_by,
        e1_0.updated_date,
        e1_0.visibility 
    from
        exams e1_0 
    left join
        subjects s1_0 
            on s1_0.subject_id=e1_0.subject_id 
    where
        s1_0.area_code=? 
    order by
        e1_0.created_date desc 
    limit
        ?, ?
=== 조회 결과 ===
조회된 시험지 수: 2
시험지 1: 중_영어3(정)_4-G_단원평가_1회_T셀파
  - ID: 1393
  - ItemCount: 15
  - Subject ID: 1165
  - Area: EN / 영어
시험지 2: 중_영어3(정)_2-G_단원평가_1회_T셀파
  - ID: 2016
  - ItemCount: 15
  - Subject ID: 1165
  - Area: EN / 영어
2025-08-17 02:06:41.915 -DEBUG 30417 --- [nio-8080-exec-4] org.hibernate.SQL                        : 
    select
        count(e1_0.exam_id) 
    from
        exams e1_0 
    left join
        subjects s1_0 
            on s1_0.subject_id=e1_0.subject_id 
    where
        s1_0.area_code=?
-Hibernate: 
    select
        count(e1_0.exam_id) 
    from
        exams e1_0 
    left join
        subjects s1_0 
            on s1_0.subject_id=e1_0.subject_id 
    where
        s1_0.area_code=?
전체 시험지 수: 265
=== ExamRepository searchExams 종료 ===

2025-08-17 02:06:41.923 - INFO 30417 --- [nio-8080-exec-4] com.pullit.exam.service.ExamService      : 시스템 시험지 검색 결과: 2개 (전체: 265개)
-2025-08-17 02:06:41.923 -DEBUG 30417 --- [nio-8080-exec-4] org.hibernate.SQL                        : 
    select
        ue1_0.exam_id,
        ue1_0.answer_pdf_url,
        ue1_0.area_code,
        ue1_0.area_name,
        ue1_0.class_id,
        ue1_0.created_by,
        ue1_0.created_date,
        ue1_0.deleted_by,
        ue1_0.deleted_date,
        ue1_0.description,
        ue1_0.exam_date,
        ue1_0.exam_name,
        ue1_0.exam_type,
        ue1_0.grade_code,
        ue1_0.grade_name,
        ue1_0.pdf_generated_at,
        ue1_0.pdf_url,
        ue1_0.term_code,
        ue1_0.term_name,
        ue1_0.time_limit,
        ue1_0.total_items,
        ue1_0.total_points,
        ue1_0.updated_by,
        ue1_0.updated_date,
        ue1_0.visibility 
    from
        user_exams ue1_0 
    where
        (
            ue1_0.deleted_date IS NULL
        ) 
        and ue1_0.area_code=? 
        and ue1_0.deleted_date is null 
    order by
        ue1_0.updated_date desc 
    limit
        ?, ?
-Hibernate: 
    select
        ue1_0.exam_id,
        ue1_0.answer_pdf_url,
        ue1_0.area_code,
        ue1_0.area_name,
        ue1_0.class_id,
        ue1_0.created_by,
        ue1_0.created_date,
        ue1_0.deleted_by,
        ue1_0.deleted_date,
        ue1_0.description,
        ue1_0.exam_date,
        ue1_0.exam_name,
        ue1_0.exam_type,
        ue1_0.grade_code,
        ue1_0.grade_name,
        ue1_0.pdf_generated_at,
        ue1_0.pdf_url,
        ue1_0.term_code,
        ue1_0.term_name,
        ue1_0.time_limit,
        ue1_0.total_items,
        ue1_0.total_points,
        ue1_0.updated_by,
        ue1_0.updated_date,
        ue1_0.visibility 
    from
        user_exams ue1_0 
    where
        (
            ue1_0.deleted_date IS NULL
        ) 
        and ue1_0.area_code=? 
        and ue1_0.deleted_date is null 
    order by
        ue1_0.updated_date desc 
    limit
        ?, ?
2025-08-17 02:06:41.931 -DEBUG 30417 --- [nio-8080-exec-4] org.hibernate.SQL                        : 
    select
        count(ue1_0.exam_id) 
    from
        user_exams ue1_0 
    where
        (
            ue1_0.deleted_date IS NULL
        ) 
        and ue1_0.area_code=? 
        and ue1_0.deleted_date is null
-Hibernate: 
    select
        count(ue1_0.exam_id) 
    from
        user_exams ue1_0 
    where
        (
            ue1_0.deleted_date IS NULL
        ) 
        and ue1_0.area_code=? 
        and ue1_0.deleted_date is null
2025-08-17 02:06:41.939 - INFO 30417 --- [nio-8080-exec-4] com.pullit.exam.service.ExamService      : 사용자 시험지 검색 결과: 0개 (전체: 0개)
-2025-08-17 02:06:41.939 - INFO 30417 --- [nio-8080-exec-4] com.pullit.exam.service.ExamService      : 최종 결과: 1개 반환 (전체: 265개)
-2025-08-17 02:06:41.963 - INFO 30417 --- [nio-8080-exec-4] c.pullit.exam.controller.ExamController  : 검색 결과 - 총 265개, 현재 페이지 1개
-2025-08-17 02:06:41.963 -DEBUG 30417 --- [nio-8080-exec-4] o.s.w.s.m.m.a.HttpEntityMethodProcessor  : Using 'application/json', given [application/json] and supported [application/json, application/*+json, application/yaml]
-2025-08-17 02:06:41.963 -DEBUG 30417 --- [nio-8080-exec-4] o.s.w.s.m.m.a.HttpEntityMethodProcessor  : Writing [com.pullit.common.dto.response.ApiResponse@1174f908]
-2025-08-17 02:06:41.972 -DEBUG 30417 --- [nio-8080-exec-6] s.w.s.m.m.a.RequestMappingHandlerMapping : Mapped to com.pullit.exam.controller.ExamController#searchExams(ExamSearchRequest)
-2025-08-17 02:06:41.972 - INFO 30417 --- [nio-8080-exec-6] c.pullit.exam.controller.ExamController  : 시험지 검색 요청: ExamSearchRequest(query=null, keyword=null, schoolLevel=null, grade=null, gradeCode=null, term=null, termCode=null, subjects=null, areaCode=SC, chapters=null, minItems=null, maxItems=null, visibility=null, recentlyUpdated=null, myExams=null, schoolExams=null, publicExams=null, includeSystemExams=true, includeUserExams=true, sortBy=relevance, sortDirection=DESC, popularPeriod=null, page=0, size=1, hasPdf=null, hasAnswerPdf=null, pdfGeneratedFrom=null, pdfGeneratedTo=null, minTimeLimit=null, maxTimeLimit=null, examDateFrom=null, examDateTo=null, onlyTrending=null, minUseCount=null, minRating=null)
-2025-08-17 02:06:41.972 - INFO 30417 --- [nio-8080-exec-6] c.pullit.exam.controller.ExamController  : 검색 파라미터 - areaCode: SC, gradeCode: null, termCode: null, keyword: null
-2025-08-17 02:06:41.972 - INFO 30417 --- [nio-8080-exec-6] c.pullit.exam.controller.ExamController  : Include flags - system: true, user: true
-2025-08-17 02:06:41.987 - INFO 30417 --- [nio-8080-exec-6] com.pullit.exam.service.ExamService      : searchAllExams 시작 - areaCode: SC, includeSystem: true, includeUser: true
-=== ExamRepository searchExams 시작 ===
Request: ExamSearchRequest(query=null, keyword=null, schoolLevel=null, grade=null, gradeCode=null, term=null, termCode=null, subjects=null, areaCode=SC, chapters=null, minItems=null, maxItems=null, visibility=null, recentlyUpdated=null, myExams=null, schoolExams=null, publicExams=null, includeSystemExams=true, includeUserExams=true, sortBy=relevance, sortDirection=DESC, popularPeriod=null, page=0, size=1, hasPdf=null, hasAnswerPdf=null, pdfGeneratedFrom=null, pdfGeneratedTo=null, minTimeLimit=null, maxTimeLimit=null, examDateFrom=null, examDateTo=null, onlyTrending=null, minUseCount=null, minRating=null)
areaCode: SC
gradeCode: null
termCode: null
Pageable - page: 0, size: 2
=== buildSearchPredicate 시작 ===
areaCode: SC
gradeCode: null
termCode: null
과목 필터 적용: SC
최종 조건: subject.area.code = SC
적용할 조건: subject.area.code = SC
2025-08-17 02:06:41.987 -DEBUG 30417 --- [nio-8080-exec-6] org.hibernate.SQL                        : 
    select
        e1_0.exam_id,
        e1_0.created_by,
        e1_0.created_date,
        e1_0.exam_name,
        e1_0.file_url,
        e1_0.is_public,
        e1_0.item_count,
        e1_0.large_chapter_id,
        e1_0.large_chapter_name,
        e1_0.preview_url,
        s1_0.subject_id,
        s1_0.area_code,
        s1_0.area_name,
        s1_0.curriculum_code,
        s1_0.curriculum_name,
        s1_0.grade_code,
        s1_0.grade_name,
        s1_0.school_level_code,
        s1_0.school_level_name,
        s1_0.subject_name,
        s1_0.subject_thumbnail,
        s1_0.term_code,
        s1_0.term_name,
        e1_0.updated_by,
        e1_0.updated_date,
        e1_0.visibility 
    from
        exams e1_0 
    left join
        subjects s1_0 
            on s1_0.subject_id=e1_0.subject_id 
    where
        s1_0.area_code=? 
    order by
        e1_0.created_date desc 
    limit
        ?, ?
-Hibernate: 
    select
        e1_0.exam_id,
        e1_0.created_by,
        e1_0.created_date,
        e1_0.exam_name,
        e1_0.file_url,
        e1_0.is_public,
        e1_0.item_count,
        e1_0.large_chapter_id,
        e1_0.large_chapter_name,
        e1_0.preview_url,
        s1_0.subject_id,
        s1_0.area_code,
        s1_0.area_name,
        s1_0.curriculum_code,
        s1_0.curriculum_name,
        s1_0.grade_code,
        s1_0.grade_name,
        s1_0.school_level_code,
        s1_0.school_level_name,
        s1_0.subject_name,
        s1_0.subject_thumbnail,
        s1_0.term_code,
        s1_0.term_name,
        e1_0.updated_by,
        e1_0.updated_date,
        e1_0.visibility 
    from
        exams e1_0 
    left join
        subjects s1_0 
            on s1_0.subject_id=e1_0.subject_id 
    where
        s1_0.area_code=? 
    order by
        e1_0.created_date desc 
    limit
        ?, ?
=== 조회 결과 ===
조회된 시험지 수: 2
시험지 1: 중_과학3(노)_1-3-2_형성평가_2회_T셀파
  - ID: 2470
  - ItemCount: 15
  - Subject ID: 1176
  - Area: SC / 과학
시험지 2: 중_과학3(노)_5-2-5_형성평가_2회_T셀파
  - ID: 2599
  - ItemCount: 15
  - Subject ID: 1176
  - Area: SC / 과학
2025-08-17 02:06:41.997 -DEBUG 30417 --- [nio-8080-exec-6] org.hibernate.SQL                        : 
    select
        count(e1_0.exam_id) 
    from
        exams e1_0 
    left join
        subjects s1_0 
            on s1_0.subject_id=e1_0.subject_id 
    where
        s1_0.area_code=?
-Hibernate: 
    select
        count(e1_0.exam_id) 
    from
        exams e1_0 
    left join
        subjects s1_0 
            on s1_0.subject_id=e1_0.subject_id 
    where
        s1_0.area_code=?
전체 시험지 수: 214
=== ExamRepository searchExams 종료 ===

2025-08-17 02:06:42.004 - INFO 30417 --- [nio-8080-exec-6] com.pullit.exam.service.ExamService      : 시스템 시험지 검색 결과: 2개 (전체: 214개)
-2025-08-17 02:06:42.004 -DEBUG 30417 --- [nio-8080-exec-6] org.hibernate.SQL                        : 
    select
        ue1_0.exam_id,
        ue1_0.answer_pdf_url,
        ue1_0.area_code,
        ue1_0.area_name,
        ue1_0.class_id,
        ue1_0.created_by,
        ue1_0.created_date,
        ue1_0.deleted_by,
        ue1_0.deleted_date,
        ue1_0.description,
        ue1_0.exam_date,
        ue1_0.exam_name,
        ue1_0.exam_type,
        ue1_0.grade_code,
        ue1_0.grade_name,
        ue1_0.pdf_generated_at,
        ue1_0.pdf_url,
        ue1_0.term_code,
        ue1_0.term_name,
        ue1_0.time_limit,
        ue1_0.total_items,
        ue1_0.total_points,
        ue1_0.updated_by,
        ue1_0.updated_date,
        ue1_0.visibility 
    from
        user_exams ue1_0 
    where
        (
            ue1_0.deleted_date IS NULL
        ) 
        and ue1_0.area_code=? 
        and ue1_0.deleted_date is null 
    order by
        ue1_0.updated_date desc 
    limit
        ?, ?
-Hibernate: 
    select
        ue1_0.exam_id,
        ue1_0.answer_pdf_url,
        ue1_0.area_code,
        ue1_0.area_name,
        ue1_0.class_id,
        ue1_0.created_by,
        ue1_0.created_date,
        ue1_0.deleted_by,
        ue1_0.deleted_date,
        ue1_0.description,
        ue1_0.exam_date,
        ue1_0.exam_name,
        ue1_0.exam_type,
        ue1_0.grade_code,
        ue1_0.grade_name,
        ue1_0.pdf_generated_at,
        ue1_0.pdf_url,
        ue1_0.term_code,
        ue1_0.term_name,
        ue1_0.time_limit,
        ue1_0.total_items,
        ue1_0.total_points,
        ue1_0.updated_by,
        ue1_0.updated_date,
        ue1_0.visibility 
    from
        user_exams ue1_0 
    where
        (
            ue1_0.deleted_date IS NULL
        ) 
        and ue1_0.area_code=? 
        and ue1_0.deleted_date is null 
    order by
        ue1_0.updated_date desc 
    limit
        ?, ?
2025-08-17 02:06:42.012 -DEBUG 30417 --- [nio-8080-exec-6] org.hibernate.SQL                        : 
    select
        count(ue1_0.exam_id) 
    from
        user_exams ue1_0 
    where
        (
            ue1_0.deleted_date IS NULL
        ) 
        and ue1_0.area_code=? 
        and ue1_0.deleted_date is null
-Hibernate: 
    select
        count(ue1_0.exam_id) 
    from
        user_exams ue1_0 
    where
        (
            ue1_0.deleted_date IS NULL
        ) 
        and ue1_0.area_code=? 
        and ue1_0.deleted_date is null
2025-08-17 02:06:42.019 - INFO 30417 --- [nio-8080-exec-6] com.pullit.exam.service.ExamService      : 사용자 시험지 검색 결과: 0개 (전체: 0개)
-2025-08-17 02:06:42.019 - INFO 30417 --- [nio-8080-exec-6] com.pullit.exam.service.ExamService      : 최종 결과: 1개 반환 (전체: 214개)
-2025-08-17 02:06:42.042 - INFO 30417 --- [nio-8080-exec-6] c.pullit.exam.controller.ExamController  : 검색 결과 - 총 214개, 현재 페이지 1개
-2025-08-17 02:06:42.042 -DEBUG 30417 --- [nio-8080-exec-6] o.s.w.s.m.m.a.HttpEntityMethodProcessor  : Using 'application/json', given [application/json] and supported [application/json, application/*+json, application/yaml]
-2025-08-17 02:06:42.042 -DEBUG 30417 --- [nio-8080-exec-6] o.s.w.s.m.m.a.HttpEntityMethodProcessor  : Writing [com.pullit.common.dto.response.ApiResponse@270e8562]
-2025-08-17 02:06:42.051 -DEBUG 30417 --- [nio-8080-exec-8] s.w.s.m.m.a.RequestMappingHandlerMapping : Mapped to com.pullit.exam.controller.ExamController#searchExams(ExamSearchRequest)
-2025-08-17 02:06:42.051 - INFO 30417 --- [nio-8080-exec-8] c.pullit.exam.controller.ExamController  : 시험지 검색 요청: ExamSearchRequest(query=null, keyword=null, schoolLevel=null, grade=null, gradeCode=null, term=null, termCode=null, subjects=null, areaCode=SO, chapters=null, minItems=null, maxItems=null, visibility=null, recentlyUpdated=null, myExams=null, schoolExams=null, publicExams=null, includeSystemExams=true, includeUserExams=true, sortBy=relevance, sortDirection=DESC, popularPeriod=null, page=0, size=1, hasPdf=null, hasAnswerPdf=null, pdfGeneratedFrom=null, pdfGeneratedTo=null, minTimeLimit=null, maxTimeLimit=null, examDateFrom=null, examDateTo=null, onlyTrending=null, minUseCount=null, minRating=null)
-2025-08-17 02:06:42.051 - INFO 30417 --- [nio-8080-exec-8] c.pullit.exam.controller.ExamController  : 검색 파라미터 - areaCode: SO, gradeCode: null, termCode: null, keyword: null
-2025-08-17 02:06:42.051 - INFO 30417 --- [nio-8080-exec-8] c.pullit.exam.controller.ExamController  : Include flags - system: true, user: true
-2025-08-17 02:06:42.066 - INFO 30417 --- [nio-8080-exec-8] com.pullit.exam.service.ExamService      : searchAllExams 시작 - areaCode: SO, includeSystem: true, includeUser: true
-=== ExamRepository searchExams 시작 ===
Request: ExamSearchRequest(query=null, keyword=null, schoolLevel=null, grade=null, gradeCode=null, term=null, termCode=null, subjects=null, areaCode=SO, chapters=null, minItems=null, maxItems=null, visibility=null, recentlyUpdated=null, myExams=null, schoolExams=null, publicExams=null, includeSystemExams=true, includeUserExams=true, sortBy=relevance, sortDirection=DESC, popularPeriod=null, page=0, size=1, hasPdf=null, hasAnswerPdf=null, pdfGeneratedFrom=null, pdfGeneratedTo=null, minTimeLimit=null, maxTimeLimit=null, examDateFrom=null, examDateTo=null, onlyTrending=null, minUseCount=null, minRating=null)
areaCode: SO
gradeCode: null
termCode: null
Pageable - page: 0, size: 2
=== buildSearchPredicate 시작 ===
areaCode: SO
gradeCode: null
termCode: null
과목 필터 적용: SO
최종 조건: subject.area.code = SO
적용할 조건: subject.area.code = SO
2025-08-17 02:06:42.066 -DEBUG 30417 --- [nio-8080-exec-8] org.hibernate.SQL                        : 
    select
        e1_0.exam_id,
        e1_0.created_by,
        e1_0.created_date,
        e1_0.exam_name,
        e1_0.file_url,
        e1_0.is_public,
        e1_0.item_count,
        e1_0.large_chapter_id,
        e1_0.large_chapter_name,
        e1_0.preview_url,
        s1_0.subject_id,
        s1_0.area_code,
        s1_0.area_name,
        s1_0.curriculum_code,
        s1_0.curriculum_name,
        s1_0.grade_code,
        s1_0.grade_name,
        s1_0.school_level_code,
        s1_0.school_level_name,
        s1_0.subject_name,
        s1_0.subject_thumbnail,
        s1_0.term_code,
        s1_0.term_name,
        e1_0.updated_by,
        e1_0.updated_date,
        e1_0.visibility 
    from
        exams e1_0 
    left join
        subjects s1_0 
            on s1_0.subject_id=e1_0.subject_id 
    where
        s1_0.area_code=? 
    order by
        e1_0.created_date desc 
    limit
        ?, ?
-Hibernate: 
    select
        e1_0.exam_id,
        e1_0.created_by,
        e1_0.created_date,
        e1_0.exam_name,
        e1_0.file_url,
        e1_0.is_public,
        e1_0.item_count,
        e1_0.large_chapter_id,
        e1_0.large_chapter_name,
        e1_0.preview_url,
        s1_0.subject_id,
        s1_0.area_code,
        s1_0.area_name,
        s1_0.curriculum_code,
        s1_0.curriculum_name,
        s1_0.grade_code,
        s1_0.grade_name,
        s1_0.school_level_code,
        s1_0.school_level_name,
        s1_0.subject_name,
        s1_0.subject_thumbnail,
        s1_0.term_code,
        s1_0.term_name,
        e1_0.updated_by,
        e1_0.updated_date,
        e1_0.visibility 
    from
        exams e1_0 
    left join
        subjects s1_0 
            on s1_0.subject_id=e1_0.subject_id 
    where
        s1_0.area_code=? 
    order by
        e1_0.created_date desc 
    limit
        ?, ?
=== 조회 결과 ===
조회된 시험지 수: 2
시험지 1: 중_사회2(박)_5-3-4_형성평가_1회_T셀파
  - ID: 1049
  - ItemCount: 15
  - Subject ID: 1169
  - Area: SO / 사회
시험지 2: 중_사회2(박)_5-3-3_형성평가_1회_T셀파
  - ID: 1045
  - ItemCount: 15
  - Subject ID: 1169
  - Area: SO / 사회
2025-08-17 02:06:42.076 -DEBUG 30417 --- [nio-8080-exec-8] org.hibernate.SQL                        : 
    select
        count(e1_0.exam_id) 
    from
        exams e1_0 
    left join
        subjects s1_0 
            on s1_0.subject_id=e1_0.subject_id 
    where
        s1_0.area_code=?
-Hibernate: 
    select
        count(e1_0.exam_id) 
    from
        exams e1_0 
    left join
        subjects s1_0 
            on s1_0.subject_id=e1_0.subject_id 
    where
        s1_0.area_code=?
전체 시험지 수: 420
=== ExamRepository searchExams 종료 ===

2025-08-17 02:06:42.084 - INFO 30417 --- [nio-8080-exec-8] com.pullit.exam.service.ExamService      : 시스템 시험지 검색 결과: 2개 (전체: 420개)
-2025-08-17 02:06:42.084 -DEBUG 30417 --- [nio-8080-exec-8] org.hibernate.SQL                        : 
    select
        ue1_0.exam_id,
        ue1_0.answer_pdf_url,
        ue1_0.area_code,
        ue1_0.area_name,
        ue1_0.class_id,
        ue1_0.created_by,
        ue1_0.created_date,
        ue1_0.deleted_by,
        ue1_0.deleted_date,
        ue1_0.description,
        ue1_0.exam_date,
        ue1_0.exam_name,
        ue1_0.exam_type,
        ue1_0.grade_code,
        ue1_0.grade_name,
        ue1_0.pdf_generated_at,
        ue1_0.pdf_url,
        ue1_0.term_code,
        ue1_0.term_name,
        ue1_0.time_limit,
        ue1_0.total_items,
        ue1_0.total_points,
        ue1_0.updated_by,
        ue1_0.updated_date,
        ue1_0.visibility 
    from
        user_exams ue1_0 
    where
        (
            ue1_0.deleted_date IS NULL
        ) 
        and ue1_0.area_code=? 
        and ue1_0.deleted_date is null 
    order by
        ue1_0.updated_date desc 
    limit
        ?, ?
-Hibernate: 
    select
        ue1_0.exam_id,
        ue1_0.answer_pdf_url,
        ue1_0.area_code,
        ue1_0.area_name,
        ue1_0.class_id,
        ue1_0.created_by,
        ue1_0.created_date,
        ue1_0.deleted_by,
        ue1_0.deleted_date,
        ue1_0.description,
        ue1_0.exam_date,
        ue1_0.exam_name,
        ue1_0.exam_type,
        ue1_0.grade_code,
        ue1_0.grade_name,
        ue1_0.pdf_generated_at,
        ue1_0.pdf_url,
        ue1_0.term_code,
        ue1_0.term_name,
        ue1_0.time_limit,
        ue1_0.total_items,
        ue1_0.total_points,
        ue1_0.updated_by,
        ue1_0.updated_date,
        ue1_0.visibility 
    from
        user_exams ue1_0 
    where
        (
            ue1_0.deleted_date IS NULL
        ) 
        and ue1_0.area_code=? 
        and ue1_0.deleted_date is null 
    order by
        ue1_0.updated_date desc 
    limit
        ?, ?
2025-08-17 02:06:42.092 -DEBUG 30417 --- [nio-8080-exec-8] org.hibernate.SQL                        : 
    select
        count(ue1_0.exam_id) 
    from
        user_exams ue1_0 
    where
        (
            ue1_0.deleted_date IS NULL
        ) 
        and ue1_0.area_code=? 
        and ue1_0.deleted_date is null
-Hibernate: 
    select
        count(ue1_0.exam_id) 
    from
        user_exams ue1_0 
    where
        (
            ue1_0.deleted_date IS NULL
        ) 
        and ue1_0.area_code=? 
        and ue1_0.deleted_date is null
2025-08-17 02:06:42.099 - INFO 30417 --- [nio-8080-exec-8] com.pullit.exam.service.ExamService      : 사용자 시험지 검색 결과: 0개 (전체: 0개)
-2025-08-17 02:06:42.099 - INFO 30417 --- [nio-8080-exec-8] com.pullit.exam.service.ExamService      : 최종 결과: 1개 반환 (전체: 420개)
-2025-08-17 02:06:42.121 - INFO 30417 --- [nio-8080-exec-8] c.pullit.exam.controller.ExamController  : 검색 결과 - 총 420개, 현재 페이지 1개
-2025-08-17 02:06:42.122 -DEBUG 30417 --- [nio-8080-exec-8] o.s.w.s.m.m.a.HttpEntityMethodProcessor  : Using 'application/json', given [application/json] and supported [application/json, application/*+json, application/yaml]
-2025-08-17 02:06:42.122 -DEBUG 30417 --- [nio-8080-exec-8] o.s.w.s.m.m.a.HttpEntityMethodProcessor  : Writing [com.pullit.common.dto.response.ApiResponse@342a0849]
-2025-08-17 02:06:42.131 -DEBUG 30417 --- [io-8080-exec-10] s.w.s.m.m.a.RequestMappingHandlerMapping : Mapped to com.pullit.exam.controller.ExamController#searchExams(ExamSearchRequest)
-2025-08-17 02:06:42.131 - INFO 30417 --- [io-8080-exec-10] c.pullit.exam.controller.ExamController  : 시험지 검색 요청: ExamSearchRequest(query=null, keyword=null, schoolLevel=null, grade=null, gradeCode=null, term=null, termCode=null, subjects=null, areaCode=HS, chapters=null, minItems=null, maxItems=null, visibility=null, recentlyUpdated=null, myExams=null, schoolExams=null, publicExams=null, includeSystemExams=true, includeUserExams=true, sortBy=relevance, sortDirection=DESC, popularPeriod=null, page=0, size=1, hasPdf=null, hasAnswerPdf=null, pdfGeneratedFrom=null, pdfGeneratedTo=null, minTimeLimit=null, maxTimeLimit=null, examDateFrom=null, examDateTo=null, onlyTrending=null, minUseCount=null, minRating=null)
-2025-08-17 02:06:42.131 - INFO 30417 --- [io-8080-exec-10] c.pullit.exam.controller.ExamController  : 검색 파라미터 - areaCode: HS, gradeCode: null, termCode: null, keyword: null
-2025-08-17 02:06:42.132 - INFO 30417 --- [io-8080-exec-10] c.pullit.exam.controller.ExamController  : Include flags - system: true, user: true
-2025-08-17 02:06:42.146 - INFO 30417 --- [io-8080-exec-10] com.pullit.exam.service.ExamService      : searchAllExams 시작 - areaCode: HS, includeSystem: true, includeUser: true
-=== ExamRepository searchExams 시작 ===
Request: ExamSearchRequest(query=null, keyword=null, schoolLevel=null, grade=null, gradeCode=null, term=null, termCode=null, subjects=null, areaCode=HS, chapters=null, minItems=null, maxItems=null, visibility=null, recentlyUpdated=null, myExams=null, schoolExams=null, publicExams=null, includeSystemExams=true, includeUserExams=true, sortBy=relevance, sortDirection=DESC, popularPeriod=null, page=0, size=1, hasPdf=null, hasAnswerPdf=null, pdfGeneratedFrom=null, pdfGeneratedTo=null, minTimeLimit=null, maxTimeLimit=null, examDateFrom=null, examDateTo=null, onlyTrending=null, minUseCount=null, minRating=null)
areaCode: HS
gradeCode: null
termCode: null
Pageable - page: 0, size: 2
=== buildSearchPredicate 시작 ===
areaCode: HS
gradeCode: null
termCode: null
과목 필터 적용: HS
최종 조건: subject.area.code = HS
적용할 조건: subject.area.code = HS
2025-08-17 02:06:42.147 -DEBUG 30417 --- [io-8080-exec-10] org.hibernate.SQL                        : 
    select
        e1_0.exam_id,
        e1_0.created_by,
        e1_0.created_date,
        e1_0.exam_name,
        e1_0.file_url,
        e1_0.is_public,
        e1_0.item_count,
        e1_0.large_chapter_id,
        e1_0.large_chapter_name,
        e1_0.preview_url,
        s1_0.subject_id,
        s1_0.area_code,
        s1_0.area_name,
        s1_0.curriculum_code,
        s1_0.curriculum_name,
        s1_0.grade_code,
        s1_0.grade_name,
        s1_0.school_level_code,
        s1_0.school_level_name,
        s1_0.subject_name,
        s1_0.subject_thumbnail,
        s1_0.term_code,
        s1_0.term_name,
        e1_0.updated_by,
        e1_0.updated_date,
        e1_0.visibility 
    from
        exams e1_0 
    left join
        subjects s1_0 
            on s1_0.subject_id=e1_0.subject_id 
    where
        s1_0.area_code=? 
    order by
        e1_0.created_date desc 
    limit
        ?, ?
-Hibernate: 
    select
        e1_0.exam_id,
        e1_0.created_by,
        e1_0.created_date,
        e1_0.exam_name,
        e1_0.file_url,
        e1_0.is_public,
        e1_0.item_count,
        e1_0.large_chapter_id,
        e1_0.large_chapter_name,
        e1_0.preview_url,
        s1_0.subject_id,
        s1_0.area_code,
        s1_0.area_name,
        s1_0.curriculum_code,
        s1_0.curriculum_name,
        s1_0.grade_code,
        s1_0.grade_name,
        s1_0.school_level_code,
        s1_0.school_level_name,
        s1_0.subject_name,
        s1_0.subject_thumbnail,
        s1_0.term_code,
        s1_0.term_name,
        e1_0.updated_by,
        e1_0.updated_date,
        e1_0.visibility 
    from
        exams e1_0 
    left join
        subjects s1_0 
            on s1_0.subject_id=e1_0.subject_id 
    where
        s1_0.area_code=? 
    order by
        e1_0.created_date desc 
    limit
        ?, ?
=== 조회 결과 ===
조회된 시험지 수: 2
시험지 1: 중_역사2(김)_3-4-4_형성평가_1회_T셀파
  - ID: 1577
  - ItemCount: 5
  - Subject ID: 1171
  - Area: HS / 역사
시험지 2: 중_역사2(김)_6-4-2_형성평가_1회_T셀파
  - ID: 1665
  - ItemCount: 25
  - Subject ID: 1171
  - Area: HS / 역사
2025-08-17 02:06:42.156 -DEBUG 30417 --- [io-8080-exec-10] org.hibernate.SQL                        : 
    select
        count(e1_0.exam_id) 
    from
        exams e1_0 
    left join
        subjects s1_0 
            on s1_0.subject_id=e1_0.subject_id 
    where
        s1_0.area_code=?
-Hibernate: 
    select
        count(e1_0.exam_id) 
    from
        exams e1_0 
    left join
        subjects s1_0 
            on s1_0.subject_id=e1_0.subject_id 
    where
        s1_0.area_code=?
전체 시험지 수: 141
=== ExamRepository searchExams 종료 ===

2025-08-17 02:06:42.162 - INFO 30417 --- [io-8080-exec-10] com.pullit.exam.service.ExamService      : 시스템 시험지 검색 결과: 2개 (전체: 141개)
-2025-08-17 02:06:42.163 -DEBUG 30417 --- [io-8080-exec-10] org.hibernate.SQL                        : 
    select
        ue1_0.exam_id,
        ue1_0.answer_pdf_url,
        ue1_0.area_code,
        ue1_0.area_name,
        ue1_0.class_id,
        ue1_0.created_by,
        ue1_0.created_date,
        ue1_0.deleted_by,
        ue1_0.deleted_date,
        ue1_0.description,
        ue1_0.exam_date,
        ue1_0.exam_name,
        ue1_0.exam_type,
        ue1_0.grade_code,
        ue1_0.grade_name,
        ue1_0.pdf_generated_at,
        ue1_0.pdf_url,
        ue1_0.term_code,
        ue1_0.term_name,
        ue1_0.time_limit,
        ue1_0.total_items,
        ue1_0.total_points,
        ue1_0.updated_by,
        ue1_0.updated_date,
        ue1_0.visibility 
    from
        user_exams ue1_0 
    where
        (
            ue1_0.deleted_date IS NULL
        ) 
        and ue1_0.area_code=? 
        and ue1_0.deleted_date is null 
    order by
        ue1_0.updated_date desc 
    limit
        ?, ?
-Hibernate: 
    select
        ue1_0.exam_id,
        ue1_0.answer_pdf_url,
        ue1_0.area_code,
        ue1_0.area_name,
        ue1_0.class_id,
        ue1_0.created_by,
        ue1_0.created_date,
        ue1_0.deleted_by,
        ue1_0.deleted_date,
        ue1_0.description,
        ue1_0.exam_date,
        ue1_0.exam_name,
        ue1_0.exam_type,
        ue1_0.grade_code,
        ue1_0.grade_name,
        ue1_0.pdf_generated_at,
        ue1_0.pdf_url,
        ue1_0.term_code,
        ue1_0.term_name,
        ue1_0.time_limit,
        ue1_0.total_items,
        ue1_0.total_points,
        ue1_0.updated_by,
        ue1_0.updated_date,
        ue1_0.visibility 
    from
        user_exams ue1_0 
    where
        (
            ue1_0.deleted_date IS NULL
        ) 
        and ue1_0.area_code=? 
        and ue1_0.deleted_date is null 
    order by
        ue1_0.updated_date desc 
    limit
        ?, ?
2025-08-17 02:06:42.171 -DEBUG 30417 --- [io-8080-exec-10] org.hibernate.SQL                        : 
    select
        count(ue1_0.exam_id) 
    from
        user_exams ue1_0 
    where
        (
            ue1_0.deleted_date IS NULL
        ) 
        and ue1_0.area_code=? 
        and ue1_0.deleted_date is null
-Hibernate: 
    select
        count(ue1_0.exam_id) 
    from
        user_exams ue1_0 
    where
        (
            ue1_0.deleted_date IS NULL
        ) 
        and ue1_0.area_code=? 
        and ue1_0.deleted_date is null
2025-08-17 02:06:42.179 - INFO 30417 --- [io-8080-exec-10] com.pullit.exam.service.ExamService      : 사용자 시험지 검색 결과: 0개 (전체: 0개)
-2025-08-17 02:06:42.179 - INFO 30417 --- [io-8080-exec-10] com.pullit.exam.service.ExamService      : 최종 결과: 1개 반환 (전체: 141개)
-2025-08-17 02:06:42.201 - INFO 30417 --- [io-8080-exec-10] c.pullit.exam.controller.ExamController  : 검색 결과 - 총 141개, 현재 페이지 1개
-2025-08-17 02:06:42.201 -DEBUG 30417 --- [io-8080-exec-10] o.s.w.s.m.m.a.HttpEntityMethodProcessor  : Using 'application/json', given [application/json] and supported [application/json, application/*+json, application/yaml]
-2025-08-17 02:06:42.201 -DEBUG 30417 --- [io-8080-exec-10] o.s.w.s.m.m.a.HttpEntityMethodProcessor  : Writing [com.pullit.common.dto.response.ApiResponse@78292a69]
-2025-08-17 02:06:42.209 -DEBUG 30417 --- [nio-8080-exec-2] s.w.s.m.m.a.RequestMappingHandlerMapping : Mapped to com.pullit.exam.controller.ExamController#searchExams(ExamSearchRequest)
-2025-08-17 02:06:42.210 - INFO 30417 --- [nio-8080-exec-2] c.pullit.exam.controller.ExamController  : 시험지 검색 요청: ExamSearchRequest(query=null, keyword=null, schoolLevel=null, grade=null, gradeCode=null, term=null, termCode=null, subjects=null, areaCode=MO, chapters=null, minItems=null, maxItems=null, visibility=null, recentlyUpdated=null, myExams=null, schoolExams=null, publicExams=null, includeSystemExams=true, includeUserExams=true, sortBy=relevance, sortDirection=DESC, popularPeriod=null, page=0, size=1, hasPdf=null, hasAnswerPdf=null, pdfGeneratedFrom=null, pdfGeneratedTo=null, minTimeLimit=null, maxTimeLimit=null, examDateFrom=null, examDateTo=null, onlyTrending=null, minUseCount=null, minRating=null)
-2025-08-17 02:06:42.210 - INFO 30417 --- [nio-8080-exec-2] c.pullit.exam.controller.ExamController  : 검색 파라미터 - areaCode: MO, gradeCode: null, termCode: null, keyword: null
-2025-08-17 02:06:42.210 - INFO 30417 --- [nio-8080-exec-2] c.pullit.exam.controller.ExamController  : Include flags - system: true, user: true
-2025-08-17 02:06:42.225 - INFO 30417 --- [nio-8080-exec-2] com.pullit.exam.service.ExamService      : searchAllExams 시작 - areaCode: MO, includeSystem: true, includeUser: true
-=== ExamRepository searchExams 시작 ===
Request: ExamSearchRequest(query=null, keyword=null, schoolLevel=null, grade=null, gradeCode=null, term=null, termCode=null, subjects=null, areaCode=MO, chapters=null, minItems=null, maxItems=null, visibility=null, recentlyUpdated=null, myExams=null, schoolExams=null, publicExams=null, includeSystemExams=true, includeUserExams=true, sortBy=relevance, sortDirection=DESC, popularPeriod=null, page=0, size=1, hasPdf=null, hasAnswerPdf=null, pdfGeneratedFrom=null, pdfGeneratedTo=null, minTimeLimit=null, maxTimeLimit=null, examDateFrom=null, examDateTo=null, onlyTrending=null, minUseCount=null, minRating=null)
areaCode: MO
gradeCode: null
termCode: null
Pageable - page: 0, size: 2
=== buildSearchPredicate 시작 ===
areaCode: MO
gradeCode: null
termCode: null
과목 필터 적용: MO
최종 조건: subject.area.code = MO
적용할 조건: subject.area.code = MO
2025-08-17 02:06:42.225 -DEBUG 30417 --- [nio-8080-exec-2] org.hibernate.SQL                        : 
    select
        e1_0.exam_id,
        e1_0.created_by,
        e1_0.created_date,
        e1_0.exam_name,
        e1_0.file_url,
        e1_0.is_public,
        e1_0.item_count,
        e1_0.large_chapter_id,
        e1_0.large_chapter_name,
        e1_0.preview_url,
        s1_0.subject_id,
        s1_0.area_code,
        s1_0.area_name,
        s1_0.curriculum_code,
        s1_0.curriculum_name,
        s1_0.grade_code,
        s1_0.grade_name,
        s1_0.school_level_code,
        s1_0.school_level_name,
        s1_0.subject_name,
        s1_0.subject_thumbnail,
        s1_0.term_code,
        s1_0.term_name,
        e1_0.updated_by,
        e1_0.updated_date,
        e1_0.visibility 
    from
        exams e1_0 
    left join
        subjects s1_0 
            on s1_0.subject_id=e1_0.subject_id 
    where
        s1_0.area_code=? 
    order by
        e1_0.created_date desc 
    limit
        ?, ?
-Hibernate: 
    select
        e1_0.exam_id,
        e1_0.created_by,
        e1_0.created_date,
        e1_0.exam_name,
        e1_0.file_url,
        e1_0.is_public,
        e1_0.item_count,
        e1_0.large_chapter_id,
        e1_0.large_chapter_name,
        e1_0.preview_url,
        s1_0.subject_id,
        s1_0.area_code,
        s1_0.area_name,
        s1_0.curriculum_code,
        s1_0.curriculum_name,
        s1_0.grade_code,
        s1_0.grade_name,
        s1_0.school_level_code,
        s1_0.school_level_name,
        s1_0.subject_name,
        s1_0.subject_thumbnail,
        s1_0.term_code,
        s1_0.term_name,
        e1_0.updated_by,
        e1_0.updated_date,
        e1_0.visibility 
    from
        exams e1_0 
    left join
        subjects s1_0 
            on s1_0.subject_id=e1_0.subject_id 
    where
        s1_0.area_code=? 
    order by
        e1_0.created_date desc 
    limit
        ?, ?
=== 조회 결과 ===
조회된 시험지 수: 2
시험지 1: 중_도덕2(변)_2-4-3_형성평가_1회_T셀파
  - ID: 786
  - ItemCount: 5
  - Subject ID: 1173
  - Area: MO / 도덕
시험지 2: 중_도덕2(변)_2-4-2_형성평가_1회_T셀파
  - ID: 784
  - ItemCount: 5
  - Subject ID: 1173
  - Area: MO / 도덕
2025-08-17 02:06:42.234 -DEBUG 30417 --- [nio-8080-exec-2] org.hibernate.SQL                        : 
    select
        count(e1_0.exam_id) 
    from
        exams e1_0 
    left join
        subjects s1_0 
            on s1_0.subject_id=e1_0.subject_id 
    where
        s1_0.area_code=?
-Hibernate: 
    select
        count(e1_0.exam_id) 
    from
        exams e1_0 
    left join
        subjects s1_0 
            on s1_0.subject_id=e1_0.subject_id 
    where
        s1_0.area_code=?
전체 시험지 수: 69
=== ExamRepository searchExams 종료 ===

2025-08-17 02:06:42.241 - INFO 30417 --- [nio-8080-exec-2] com.pullit.exam.service.ExamService      : 시스템 시험지 검색 결과: 2개 (전체: 69개)
-2025-08-17 02:06:42.241 -DEBUG 30417 --- [nio-8080-exec-2] org.hibernate.SQL                        : 
    select
        ue1_0.exam_id,
        ue1_0.answer_pdf_url,
        ue1_0.area_code,
        ue1_0.area_name,
        ue1_0.class_id,
        ue1_0.created_by,
        ue1_0.created_date,
        ue1_0.deleted_by,
        ue1_0.deleted_date,
        ue1_0.description,
        ue1_0.exam_date,
        ue1_0.exam_name,
        ue1_0.exam_type,
        ue1_0.grade_code,
        ue1_0.grade_name,
        ue1_0.pdf_generated_at,
        ue1_0.pdf_url,
        ue1_0.term_code,
        ue1_0.term_name,
        ue1_0.time_limit,
        ue1_0.total_items,
        ue1_0.total_points,
        ue1_0.updated_by,
        ue1_0.updated_date,
        ue1_0.visibility 
    from
        user_exams ue1_0 
    where
        (
            ue1_0.deleted_date IS NULL
        ) 
        and ue1_0.area_code=? 
        and ue1_0.deleted_date is null 
    order by
        ue1_0.updated_date desc 
    limit
        ?, ?
-Hibernate: 
    select
        ue1_0.exam_id,
        ue1_0.answer_pdf_url,
        ue1_0.area_code,
        ue1_0.area_name,
        ue1_0.class_id,
        ue1_0.created_by,
        ue1_0.created_date,
        ue1_0.deleted_by,
        ue1_0.deleted_date,
        ue1_0.description,
        ue1_0.exam_date,
        ue1_0.exam_name,
        ue1_0.exam_type,
        ue1_0.grade_code,
        ue1_0.grade_name,
        ue1_0.pdf_generated_at,
        ue1_0.pdf_url,
        ue1_0.term_code,
        ue1_0.term_name,
        ue1_0.time_limit,
        ue1_0.total_items,
        ue1_0.total_points,
        ue1_0.updated_by,
        ue1_0.updated_date,
        ue1_0.visibility 
    from
        user_exams ue1_0 
    where
        (
            ue1_0.deleted_date IS NULL
        ) 
        and ue1_0.area_code=? 
        and ue1_0.deleted_date is null 
    order by
        ue1_0.updated_date desc 
    limit
        ?, ?
2025-08-17 02:06:42.249 -DEBUG 30417 --- [nio-8080-exec-2] org.hibernate.SQL                        : 
    select
        count(ue1_0.exam_id) 
    from
        user_exams ue1_0 
    where
        (
            ue1_0.deleted_date IS NULL
        ) 
        and ue1_0.area_code=? 
        and ue1_0.deleted_date is null
-Hibernate: 
    select
        count(ue1_0.exam_id) 
    from
        user_exams ue1_0 
    where
        (
            ue1_0.deleted_date IS NULL
        ) 
        and ue1_0.area_code=? 
        and ue1_0.deleted_date is null
2025-08-17 02:06:42.257 - INFO 30417 --- [nio-8080-exec-2] com.pullit.exam.service.ExamService      : 사용자 시험지 검색 결과: 0개 (전체: 0개)
-2025-08-17 02:06:42.257 - INFO 30417 --- [nio-8080-exec-2] com.pullit.exam.service.ExamService      : 최종 결과: 1개 반환 (전체: 69개)
-2025-08-17 02:06:42.280 - INFO 30417 --- [nio-8080-exec-2] c.pullit.exam.controller.ExamController  : 검색 결과 - 총 69개, 현재 페이지 1개
-2025-08-17 02:06:42.280 -DEBUG 30417 --- [nio-8080-exec-2] o.s.w.s.m.m.a.HttpEntityMethodProcessor  : Using 'application/json', given [application/json] and supported [application/json, application/*+json, application/yaml]
-2025-08-17 02:06:42.280 -DEBUG 30417 --- [nio-8080-exec-2] o.s.w.s.m.m.a.HttpEntityMethodProcessor  : Writing [com.pullit.common.dto.response.ApiResponse@115d37c3]
-2025-08-17 02:06:45.969 -DEBUG 30417 --- [nio-8080-exec-4] s.w.s.m.m.a.RequestMappingHandlerMapping : Mapped to com.pullit.exam.controller.ExamController#searchExams(ExamSearchRequest)
-2025-08-17 02:06:45.970 - INFO 30417 --- [nio-8080-exec-4] c.pullit.exam.controller.ExamController  : 시험지 검색 요청: ExamSearchRequest(query=null, keyword=, schoolLevel=null, grade=null, gradeCode=, term=null, termCode=01, subjects=null, areaCode=MA, chapters=null, minItems=null, maxItems=null, visibility=null, recentlyUpdated=null, myExams=null, schoolExams=null, publicExams=null, includeSystemExams=true, includeUserExams=true, sortBy=relevance, sortDirection=DESC, popularPeriod=null, page=0, size=20, hasPdf=null, hasAnswerPdf=null, pdfGeneratedFrom=null, pdfGeneratedTo=null, minTimeLimit=null, maxTimeLimit=null, examDateFrom=null, examDateTo=null, onlyTrending=null, minUseCount=null, minRating=null)
-2025-08-17 02:06:45.970 - INFO 30417 --- [nio-8080-exec-4] c.pullit.exam.controller.ExamController  : 검색 파라미터 - areaCode: MA, gradeCode: , termCode: 01, keyword: 
-2025-08-17 02:06:45.970 - INFO 30417 --- [nio-8080-exec-4] c.pullit.exam.controller.ExamController  : Include flags - system: true, user: true
-2025-08-17 02:06:45.993 - INFO 30417 --- [nio-8080-exec-4] com.pullit.exam.service.ExamService      : searchAllExams 시작 - areaCode: MA, includeSystem: true, includeUser: true
-=== ExamRepository searchExams 시작 ===
Request: ExamSearchRequest(query=null, keyword=, schoolLevel=null, grade=null, gradeCode=, term=null, termCode=01, subjects=null, areaCode=MA, chapters=null, minItems=null, maxItems=null, visibility=null, recentlyUpdated=null, myExams=null, schoolExams=null, publicExams=null, includeSystemExams=true, includeUserExams=true, sortBy=relevance, sortDirection=DESC, popularPeriod=null, page=0, size=20, hasPdf=null, hasAnswerPdf=null, pdfGeneratedFrom=null, pdfGeneratedTo=null, minTimeLimit=null, maxTimeLimit=null, examDateFrom=null, examDateTo=null, onlyTrending=null, minUseCount=null, minRating=null)
areaCode: MA
gradeCode: 
termCode: 01
Pageable - page: 0, size: 40
=== buildSearchPredicate 시작 ===
areaCode: MA
gradeCode: 
termCode: 01
과목 필터 적용: MA
학기 필터 적용: 01
최종 조건: subject.area.code = MA && subject.term.code = 01
적용할 조건: subject.area.code = MA && subject.term.code = 01
2025-08-17 02:06:45.997 -DEBUG 30417 --- [nio-8080-exec-4] org.hibernate.SQL                        : 
    select
        e1_0.exam_id,
        e1_0.created_by,
        e1_0.created_date,
        e1_0.exam_name,
        e1_0.file_url,
        e1_0.is_public,
        e1_0.item_count,
        e1_0.large_chapter_id,
        e1_0.large_chapter_name,
        e1_0.preview_url,
        s1_0.subject_id,
        s1_0.area_code,
        s1_0.area_name,
        s1_0.curriculum_code,
        s1_0.curriculum_name,
        s1_0.grade_code,
        s1_0.grade_name,
        s1_0.school_level_code,
        s1_0.school_level_name,
        s1_0.subject_name,
        s1_0.subject_thumbnail,
        s1_0.term_code,
        s1_0.term_name,
        e1_0.updated_by,
        e1_0.updated_date,
        e1_0.visibility 
    from
        exams e1_0 
    left join
        subjects s1_0 
            on s1_0.subject_id=e1_0.subject_id 
    where
        s1_0.area_code=? 
        and s1_0.term_code=? 
    order by
        e1_0.created_date desc 
    limit
        ?, ?
-Hibernate: 
    select
        e1_0.exam_id,
        e1_0.created_by,
        e1_0.created_date,
        e1_0.exam_name,
        e1_0.file_url,
        e1_0.is_public,
        e1_0.item_count,
        e1_0.large_chapter_id,
        e1_0.large_chapter_name,
        e1_0.preview_url,
        s1_0.subject_id,
        s1_0.area_code,
        s1_0.area_name,
        s1_0.curriculum_code,
        s1_0.curriculum_name,
        s1_0.grade_code,
        s1_0.grade_name,
        s1_0.school_level_code,
        s1_0.school_level_name,
        s1_0.subject_name,
        s1_0.subject_thumbnail,
        s1_0.term_code,
        s1_0.term_name,
        e1_0.updated_by,
        e1_0.updated_date,
        e1_0.visibility 
    from
        exams e1_0 
    left join
        subjects s1_0 
            on s1_0.subject_id=e1_0.subject_id 
    where
        s1_0.area_code=? 
        and s1_0.term_code=? 
    order by
        e1_0.created_date desc 
    limit
        ?, ?
=== 조회 결과 ===
조회된 시험지 수: 0
2025-08-17 02:06:46.007 -DEBUG 30417 --- [nio-8080-exec-4] org.hibernate.SQL                        : 
    select
        count(e1_0.exam_id) 
    from
        exams e1_0 
    left join
        subjects s1_0 
            on s1_0.subject_id=e1_0.subject_id 
    where
        s1_0.area_code=? 
        and s1_0.term_code=?
-Hibernate: 
    select
        count(e1_0.exam_id) 
    from
        exams e1_0 
    left join
        subjects s1_0 
            on s1_0.subject_id=e1_0.subject_id 
    where
        s1_0.area_code=? 
        and s1_0.term_code=?
전체 시험지 수: 0
=== ExamRepository searchExams 종료 ===

2025-08-17 02:06:46.015 - INFO 30417 --- [nio-8080-exec-4] com.pullit.exam.service.ExamService      : 시스템 시험지 검색 결과: 0개 (전체: 0개)
-2025-08-17 02:06:46.016 -DEBUG 30417 --- [nio-8080-exec-4] org.hibernate.SQL                        : 
    select
        ue1_0.exam_id,
        ue1_0.answer_pdf_url,
        ue1_0.area_code,
        ue1_0.area_name,
        ue1_0.class_id,
        ue1_0.created_by,
        ue1_0.created_date,
        ue1_0.deleted_by,
        ue1_0.deleted_date,
        ue1_0.description,
        ue1_0.exam_date,
        ue1_0.exam_name,
        ue1_0.exam_type,
        ue1_0.grade_code,
        ue1_0.grade_name,
        ue1_0.pdf_generated_at,
        ue1_0.pdf_url,
        ue1_0.term_code,
        ue1_0.term_name,
        ue1_0.time_limit,
        ue1_0.total_items,
        ue1_0.total_points,
        ue1_0.updated_by,
        ue1_0.updated_date,
        ue1_0.visibility 
    from
        user_exams ue1_0 
    where
        (
            ue1_0.deleted_date IS NULL
        ) 
        and ue1_0.term_code=? 
        and ue1_0.area_code=? 
        and ue1_0.deleted_date is null 
    order by
        ue1_0.updated_date desc 
    limit
        ?, ?
-Hibernate: 
    select
        ue1_0.exam_id,
        ue1_0.answer_pdf_url,
        ue1_0.area_code,
        ue1_0.area_name,
        ue1_0.class_id,
        ue1_0.created_by,
        ue1_0.created_date,
        ue1_0.deleted_by,
        ue1_0.deleted_date,
        ue1_0.description,
        ue1_0.exam_date,
        ue1_0.exam_name,
        ue1_0.exam_type,
        ue1_0.grade_code,
        ue1_0.grade_name,
        ue1_0.pdf_generated_at,
        ue1_0.pdf_url,
        ue1_0.term_code,
        ue1_0.term_name,
        ue1_0.time_limit,
        ue1_0.total_items,
        ue1_0.total_points,
        ue1_0.updated_by,
        ue1_0.updated_date,
        ue1_0.visibility 
    from
        user_exams ue1_0 
    where
        (
            ue1_0.deleted_date IS NULL
        ) 
        and ue1_0.term_code=? 
        and ue1_0.area_code=? 
        and ue1_0.deleted_date is null 
    order by
        ue1_0.updated_date desc 
    limit
        ?, ?
2025-08-17 02:06:46.026 -DEBUG 30417 --- [nio-8080-exec-4] org.hibernate.SQL                        : 
    select
        count(ue1_0.exam_id) 
    from
        user_exams ue1_0 
    where
        (
            ue1_0.deleted_date IS NULL
        ) 
        and ue1_0.term_code=? 
        and ue1_0.area_code=? 
        and ue1_0.deleted_date is null
-Hibernate: 
    select
        count(ue1_0.exam_id) 
    from
        user_exams ue1_0 
    where
        (
            ue1_0.deleted_date IS NULL
        ) 
        and ue1_0.term_code=? 
        and ue1_0.area_code=? 
        and ue1_0.deleted_date is null
2025-08-17 02:06:46.034 - INFO 30417 --- [nio-8080-exec-4] com.pullit.exam.service.ExamService      : 사용자 시험지 검색 결과: 0개 (전체: 0개)
-2025-08-17 02:06:46.034 - INFO 30417 --- [nio-8080-exec-4] com.pullit.exam.service.ExamService      : 최종 결과: 0개 반환 (전체: 0개)
-2025-08-17 02:06:46.056 - INFO 30417 --- [nio-8080-exec-4] c.pullit.exam.controller.ExamController  : 검색 결과 - 총 0개, 현재 페이지 0개
-2025-08-17 02:06:46.056 -DEBUG 30417 --- [nio-8080-exec-4] o.s.w.s.m.m.a.HttpEntityMethodProcessor  : Using 'application/json', given [application/json, text/plain, */*] and supported [application/json, application/*+json, application/yaml]
-2025-08-17 02:06:46.056 -DEBUG 30417 --- [nio-8080-exec-4] o.s.w.s.m.m.a.HttpEntityMethodProcessor  : Writing [com.pullit.common.dto.response.ApiResponse@6296d066]
-2025-08-17 02:06:46.460 -DEBUG 30417 --- [nio-8080-exec-5] s.w.s.m.m.a.RequestMappingHandlerMapping : Mapped to com.pullit.exam.controller.ExamController#searchExams(ExamSearchRequest)
-2025-08-17 02:06:46.464 - INFO 30417 --- [nio-8080-exec-5] c.pullit.exam.controller.ExamController  : 시험지 검색 요청: ExamSearchRequest(query=null, keyword=, schoolLevel=null, grade=null, gradeCode=, term=null, termCode=01, subjects=null, areaCode=MA, chapters=null, minItems=null, maxItems=null, visibility=null, recentlyUpdated=null, myExams=null, schoolExams=null, publicExams=null, includeSystemExams=true, includeUserExams=true, sortBy=relevance, sortDirection=DESC, popularPeriod=null, page=0, size=20, hasPdf=null, hasAnswerPdf=null, pdfGeneratedFrom=null, pdfGeneratedTo=null, minTimeLimit=null, maxTimeLimit=null, examDateFrom=null, examDateTo=null, onlyTrending=null, minUseCount=null, minRating=null)
-2025-08-17 02:06:46.464 - INFO 30417 --- [nio-8080-exec-5] c.pullit.exam.controller.ExamController  : 검색 파라미터 - areaCode: MA, gradeCode: , termCode: 01, keyword: 
-2025-08-17 02:06:46.464 - INFO 30417 --- [nio-8080-exec-5] c.pullit.exam.controller.ExamController  : Include flags - system: true, user: true
-2025-08-17 02:06:46.481 - INFO 30417 --- [nio-8080-exec-5] com.pullit.exam.service.ExamService      : searchAllExams 시작 - areaCode: MA, includeSystem: true, includeUser: true
-=== ExamRepository searchExams 시작 ===
Request: ExamSearchRequest(query=null, keyword=, schoolLevel=null, grade=null, gradeCode=, term=null, termCode=01, subjects=null, areaCode=MA, chapters=null, minItems=null, maxItems=null, visibility=null, recentlyUpdated=null, myExams=null, schoolExams=null, publicExams=null, includeSystemExams=true, includeUserExams=true, sortBy=relevance, sortDirection=DESC, popularPeriod=null, page=0, size=20, hasPdf=null, hasAnswerPdf=null, pdfGeneratedFrom=null, pdfGeneratedTo=null, minTimeLimit=null, maxTimeLimit=null, examDateFrom=null, examDateTo=null, onlyTrending=null, minUseCount=null, minRating=null)
areaCode: MA
gradeCode: 
termCode: 01
Pageable - page: 0, size: 40
=== buildSearchPredicate 시작 ===
areaCode: MA
gradeCode: 
termCode: 01
과목 필터 적용: MA
학기 필터 적용: 01
최종 조건: subject.area.code = MA && subject.term.code = 01
적용할 조건: subject.area.code = MA && subject.term.code = 01
2025-08-17 02:06:46.483 -DEBUG 30417 --- [nio-8080-exec-5] org.hibernate.SQL                        : 
    select
        e1_0.exam_id,
        e1_0.created_by,
        e1_0.created_date,
        e1_0.exam_name,
        e1_0.file_url,
        e1_0.is_public,
        e1_0.item_count,
        e1_0.large_chapter_id,
        e1_0.large_chapter_name,
        e1_0.preview_url,
        s1_0.subject_id,
        s1_0.area_code,
        s1_0.area_name,
        s1_0.curriculum_code,
        s1_0.curriculum_name,
        s1_0.grade_code,
        s1_0.grade_name,
        s1_0.school_level_code,
        s1_0.school_level_name,
        s1_0.subject_name,
        s1_0.subject_thumbnail,
        s1_0.term_code,
        s1_0.term_name,
        e1_0.updated_by,
        e1_0.updated_date,
        e1_0.visibility 
    from
        exams e1_0 
    left join
        subjects s1_0 
            on s1_0.subject_id=e1_0.subject_id 
    where
        s1_0.area_code=? 
        and s1_0.term_code=? 
    order by
        e1_0.created_date desc 
    limit
        ?, ?
-Hibernate: 
    select
        e1_0.exam_id,
        e1_0.created_by,
        e1_0.created_date,
        e1_0.exam_name,
        e1_0.file_url,
        e1_0.is_public,
        e1_0.item_count,
        e1_0.large_chapter_id,
        e1_0.large_chapter_name,
        e1_0.preview_url,
        s1_0.subject_id,
        s1_0.area_code,
        s1_0.area_name,
        s1_0.curriculum_code,
        s1_0.curriculum_name,
        s1_0.grade_code,
        s1_0.grade_name,
        s1_0.school_level_code,
        s1_0.school_level_name,
        s1_0.subject_name,
        s1_0.subject_thumbnail,
        s1_0.term_code,
        s1_0.term_name,
        e1_0.updated_by,
        e1_0.updated_date,
        e1_0.visibility 
    from
        exams e1_0 
    left join
        subjects s1_0 
            on s1_0.subject_id=e1_0.subject_id 
    where
        s1_0.area_code=? 
        and s1_0.term_code=? 
    order by
        e1_0.created_date desc 
    limit
        ?, ?
=== 조회 결과 ===
조회된 시험지 수: 0
2025-08-17 02:06:46.492 -DEBUG 30417 --- [nio-8080-exec-5] org.hibernate.SQL                        : 
    select
        count(e1_0.exam_id) 
    from
        exams e1_0 
    left join
        subjects s1_0 
            on s1_0.subject_id=e1_0.subject_id 
    where
        s1_0.area_code=? 
        and s1_0.term_code=?
-Hibernate: 
    select
        count(e1_0.exam_id) 
    from
        exams e1_0 
    left join
        subjects s1_0 
            on s1_0.subject_id=e1_0.subject_id 
    where
        s1_0.area_code=? 
        and s1_0.term_code=?
전체 시험지 수: 0
=== ExamRepository searchExams 종료 ===

2025-08-17 02:06:46.500 - INFO 30417 --- [nio-8080-exec-5] com.pullit.exam.service.ExamService      : 시스템 시험지 검색 결과: 0개 (전체: 0개)
-2025-08-17 02:06:46.501 -DEBUG 30417 --- [nio-8080-exec-5] org.hibernate.SQL                        : 
    select
        ue1_0.exam_id,
        ue1_0.answer_pdf_url,
        ue1_0.area_code,
        ue1_0.area_name,
        ue1_0.class_id,
        ue1_0.created_by,
        ue1_0.created_date,
        ue1_0.deleted_by,
        ue1_0.deleted_date,
        ue1_0.description,
        ue1_0.exam_date,
        ue1_0.exam_name,
        ue1_0.exam_type,
        ue1_0.grade_code,
        ue1_0.grade_name,
        ue1_0.pdf_generated_at,
        ue1_0.pdf_url,
        ue1_0.term_code,
        ue1_0.term_name,
        ue1_0.time_limit,
        ue1_0.total_items,
        ue1_0.total_points,
        ue1_0.updated_by,
        ue1_0.updated_date,
        ue1_0.visibility 
    from
        user_exams ue1_0 
    where
        (
            ue1_0.deleted_date IS NULL
        ) 
        and ue1_0.term_code=? 
        and ue1_0.area_code=? 
        and ue1_0.deleted_date is null 
    order by
        ue1_0.updated_date desc 
    limit
        ?, ?
-Hibernate: 
    select
        ue1_0.exam_id,
        ue1_0.answer_pdf_url,
        ue1_0.area_code,
        ue1_0.area_name,
        ue1_0.class_id,
        ue1_0.created_by,
        ue1_0.created_date,
        ue1_0.deleted_by,
        ue1_0.deleted_date,
        ue1_0.description,
        ue1_0.exam_date,
        ue1_0.exam_name,
        ue1_0.exam_type,
        ue1_0.grade_code,
        ue1_0.grade_name,
        ue1_0.pdf_generated_at,
        ue1_0.pdf_url,
        ue1_0.term_code,
        ue1_0.term_name,
        ue1_0.time_limit,
        ue1_0.total_items,
        ue1_0.total_points,
        ue1_0.updated_by,
        ue1_0.updated_date,
        ue1_0.visibility 
    from
        user_exams ue1_0 
    where
        (
            ue1_0.deleted_date IS NULL
        ) 
        and ue1_0.term_code=? 
        and ue1_0.area_code=? 
        and ue1_0.deleted_date is null 
    order by
        ue1_0.updated_date desc 
    limit
        ?, ?
2025-08-17 02:06:46.510 -DEBUG 30417 --- [nio-8080-exec-5] org.hibernate.SQL                        : 
    select
        count(ue1_0.exam_id) 
    from
        user_exams ue1_0 
    where
        (
            ue1_0.deleted_date IS NULL
        ) 
        and ue1_0.term_code=? 
        and ue1_0.area_code=? 
        and ue1_0.deleted_date is null
-Hibernate: 
    select
        count(ue1_0.exam_id) 
    from
        user_exams ue1_0 
    where
        (
            ue1_0.deleted_date IS NULL
        ) 
        and ue1_0.term_code=? 
        and ue1_0.area_code=? 
        and ue1_0.deleted_date is null
2025-08-17 02:06:46.518 - INFO 30417 --- [nio-8080-exec-5] com.pullit.exam.service.ExamService      : 사용자 시험지 검색 결과: 0개 (전체: 0개)
-2025-08-17 02:06:46.518 - INFO 30417 --- [nio-8080-exec-5] com.pullit.exam.service.ExamService      : 최종 결과: 0개 반환 (전체: 0개)
-2025-08-17 02:06:46.541 - INFO 30417 --- [nio-8080-exec-5] c.pullit.exam.controller.ExamController  : 검색 결과 - 총 0개, 현재 페이지 0개
-2025-08-17 02:06:46.542 -DEBUG 30417 --- [nio-8080-exec-5] o.s.w.s.m.m.a.HttpEntityMethodProcessor  : Using 'application/json', given [application/json, text/plain, */*] and supported [application/json, application/*+json, application/yaml]
-2025-08-17 02:06:46.542 -DEBUG 30417 --- [nio-8080-exec-5] o.s.w.s.m.m.a.HttpEntityMethodProcessor  : Writing [com.pullit.common.dto.response.ApiResponse@44b0c84b]
-2025-08-17 02:06:47.603 -DEBUG 30417 --- [nio-8080-exec-6] s.w.s.m.m.a.RequestMappingHandlerMapping : Mapped to com.pullit.exam.controller.ExamController#searchExams(ExamSearchRequest)
-2025-08-17 02:06:47.604 - INFO 30417 --- [nio-8080-exec-6] c.pullit.exam.controller.ExamController  : 시험지 검색 요청: ExamSearchRequest(query=null, keyword=, schoolLevel=null, grade=null, gradeCode=, term=null, termCode=01, subjects=null, areaCode=, chapters=null, minItems=null, maxItems=null, visibility=null, recentlyUpdated=null, myExams=null, schoolExams=null, publicExams=null, includeSystemExams=true, includeUserExams=true, sortBy=relevance, sortDirection=DESC, popularPeriod=null, page=0, size=20, hasPdf=null, hasAnswerPdf=null, pdfGeneratedFrom=null, pdfGeneratedTo=null, minTimeLimit=null, maxTimeLimit=null, examDateFrom=null, examDateTo=null, onlyTrending=null, minUseCount=null, minRating=null)
-2025-08-17 02:06:47.604 - INFO 30417 --- [nio-8080-exec-6] c.pullit.exam.controller.ExamController  : 검색 파라미터 - areaCode: , gradeCode: , termCode: 01, keyword: 
-2025-08-17 02:06:47.604 - INFO 30417 --- [nio-8080-exec-6] c.pullit.exam.controller.ExamController  : Include flags - system: true, user: true
-2025-08-17 02:06:47.627 - INFO 30417 --- [nio-8080-exec-6] com.pullit.exam.service.ExamService      : searchAllExams 시작 - areaCode: , includeSystem: true, includeUser: true
-=== ExamRepository searchExams 시작 ===
Request: ExamSearchRequest(query=null, keyword=, schoolLevel=null, grade=null, gradeCode=, term=null, termCode=01, subjects=null, areaCode=, chapters=null, minItems=null, maxItems=null, visibility=null, recentlyUpdated=null, myExams=null, schoolExams=null, publicExams=null, includeSystemExams=true, includeUserExams=true, sortBy=relevance, sortDirection=DESC, popularPeriod=null, page=0, size=20, hasPdf=null, hasAnswerPdf=null, pdfGeneratedFrom=null, pdfGeneratedTo=null, minTimeLimit=null, maxTimeLimit=null, examDateFrom=null, examDateTo=null, onlyTrending=null, minUseCount=null, minRating=null)
areaCode: 
gradeCode: 
termCode: 01
Pageable - page: 0, size: 40
=== buildSearchPredicate 시작 ===
areaCode: 
gradeCode: 
termCode: 01
학기 필터 적용: 01
최종 조건: subject.term.code = 01
적용할 조건: subject.term.code = 01
2025-08-17 02:06:47.628 -DEBUG 30417 --- [nio-8080-exec-6] org.hibernate.SQL                        : 
    select
        e1_0.exam_id,
        e1_0.created_by,
        e1_0.created_date,
        e1_0.exam_name,
        e1_0.file_url,
        e1_0.is_public,
        e1_0.item_count,
        e1_0.large_chapter_id,
        e1_0.large_chapter_name,
        e1_0.preview_url,
        s1_0.subject_id,
        s1_0.area_code,
        s1_0.area_name,
        s1_0.curriculum_code,
        s1_0.curriculum_name,
        s1_0.grade_code,
        s1_0.grade_name,
        s1_0.school_level_code,
        s1_0.school_level_name,
        s1_0.subject_name,
        s1_0.subject_thumbnail,
        s1_0.term_code,
        s1_0.term_name,
        e1_0.updated_by,
        e1_0.updated_date,
        e1_0.visibility 
    from
        exams e1_0 
    left join
        subjects s1_0 
            on s1_0.subject_id=e1_0.subject_id 
    where
        s1_0.term_code=? 
    order by
        e1_0.created_date desc 
    limit
        ?, ?
-Hibernate: 
    select
        e1_0.exam_id,
        e1_0.created_by,
        e1_0.created_date,
        e1_0.exam_name,
        e1_0.file_url,
        e1_0.is_public,
        e1_0.item_count,
        e1_0.large_chapter_id,
        e1_0.large_chapter_name,
        e1_0.preview_url,
        s1_0.subject_id,
        s1_0.area_code,
        s1_0.area_name,
        s1_0.curriculum_code,
        s1_0.curriculum_name,
        s1_0.grade_code,
        s1_0.grade_name,
        s1_0.school_level_code,
        s1_0.school_level_name,
        s1_0.subject_name,
        s1_0.subject_thumbnail,
        s1_0.term_code,
        s1_0.term_name,
        e1_0.updated_by,
        e1_0.updated_date,
        e1_0.visibility 
    from
        exams e1_0 
    left join
        subjects s1_0 
            on s1_0.subject_id=e1_0.subject_id 
    where
        s1_0.term_code=? 
    order by
        e1_0.created_date desc 
    limit
        ?, ?
=== 조회 결과 ===
조회된 시험지 수: 40
시험지 1: 중_ 국어 3-1(박)_2-더 읽어 보기_단원평가_1회_T셀파
  - ID: 1084
  - ItemCount: 10
  - Subject ID: 1202
  - Area: KO / 국어
시험지 2: 중_ 국어 3-1(박)_4-더 읽어 보기_단원평가_1회_T셀파
  - ID: 1142
  - ItemCount: 12
  - Subject ID: 1202
  - Area: KO / 국어
시험지 3: 중_ 국어 3-1(박)_3-2_단원평가_3회_T셀파
  - ID: 1107
  - ItemCount: 16
  - Subject ID: 1202
  - Area: KO / 국어
2025-08-17 02:06:47.651 -DEBUG 30417 --- [nio-8080-exec-6] org.hibernate.SQL                        : 
    select
        count(e1_0.exam_id) 
    from
        exams e1_0 
    left join
        subjects s1_0 
            on s1_0.subject_id=e1_0.subject_id 
    where
        s1_0.term_code=?
-Hibernate: 
    select
        count(e1_0.exam_id) 
    from
        exams e1_0 
    left join
        subjects s1_0 
            on s1_0.subject_id=e1_0.subject_id 
    where
        s1_0.term_code=?
전체 시험지 수: 182
=== ExamRepository searchExams 종료 ===

2025-08-17 02:06:47.660 - INFO 30417 --- [nio-8080-exec-6] com.pullit.exam.service.ExamService      : 시스템 시험지 검색 결과: 40개 (전체: 182개)
-2025-08-17 02:06:47.661 -DEBUG 30417 --- [nio-8080-exec-6] org.hibernate.SQL                        : 
    select
        ue1_0.exam_id,
        ue1_0.answer_pdf_url,
        ue1_0.area_code,
        ue1_0.area_name,
        ue1_0.class_id,
        ue1_0.created_by,
        ue1_0.created_date,
        ue1_0.deleted_by,
        ue1_0.deleted_date,
        ue1_0.description,
        ue1_0.exam_date,
        ue1_0.exam_name,
        ue1_0.exam_type,
        ue1_0.grade_code,
        ue1_0.grade_name,
        ue1_0.pdf_generated_at,
        ue1_0.pdf_url,
        ue1_0.term_code,
        ue1_0.term_name,
        ue1_0.time_limit,
        ue1_0.total_items,
        ue1_0.total_points,
        ue1_0.updated_by,
        ue1_0.updated_date,
        ue1_0.visibility 
    from
        user_exams ue1_0 
    where
        (
            ue1_0.deleted_date IS NULL
        ) 
        and ue1_0.term_code=? 
        and ue1_0.deleted_date is null 
    order by
        ue1_0.updated_date desc 
    limit
        ?, ?
-Hibernate: 
    select
        ue1_0.exam_id,
        ue1_0.answer_pdf_url,
        ue1_0.area_code,
        ue1_0.area_name,
        ue1_0.class_id,
        ue1_0.created_by,
        ue1_0.created_date,
        ue1_0.deleted_by,
        ue1_0.deleted_date,
        ue1_0.description,
        ue1_0.exam_date,
        ue1_0.exam_name,
        ue1_0.exam_type,
        ue1_0.grade_code,
        ue1_0.grade_name,
        ue1_0.pdf_generated_at,
        ue1_0.pdf_url,
        ue1_0.term_code,
        ue1_0.term_name,
        ue1_0.time_limit,
        ue1_0.total_items,
        ue1_0.total_points,
        ue1_0.updated_by,
        ue1_0.updated_date,
        ue1_0.visibility 
    from
        user_exams ue1_0 
    where
        (
            ue1_0.deleted_date IS NULL
        ) 
        and ue1_0.term_code=? 
        and ue1_0.deleted_date is null 
    order by
        ue1_0.updated_date desc 
    limit
        ?, ?
2025-08-17 02:06:47.670 -DEBUG 30417 --- [nio-8080-exec-6] org.hibernate.SQL                        : 
    select
        count(ue1_0.exam_id) 
    from
        user_exams ue1_0 
    where
        (
            ue1_0.deleted_date IS NULL
        ) 
        and ue1_0.term_code=? 
        and ue1_0.deleted_date is null
-Hibernate: 
    select
        count(ue1_0.exam_id) 
    from
        user_exams ue1_0 
    where
        (
            ue1_0.deleted_date IS NULL
        ) 
        and ue1_0.term_code=? 
        and ue1_0.deleted_date is null
2025-08-17 02:06:47.677 - INFO 30417 --- [nio-8080-exec-6] com.pullit.exam.service.ExamService      : 사용자 시험지 검색 결과: 0개 (전체: 0개)
-2025-08-17 02:06:47.677 - INFO 30417 --- [nio-8080-exec-6] com.pullit.exam.service.ExamService      : 최종 결과: 20개 반환 (전체: 182개)
-2025-08-17 02:06:47.699 - INFO 30417 --- [nio-8080-exec-6] c.pullit.exam.controller.ExamController  : 검색 결과 - 총 182개, 현재 페이지 20개
-2025-08-17 02:06:47.699 -DEBUG 30417 --- [nio-8080-exec-6] o.s.w.s.m.m.a.HttpEntityMethodProcessor  : Using 'application/json', given [application/json, text/plain, */*] and supported [application/json, application/*+json, application/yaml]
-2025-08-17 02:06:47.700 -DEBUG 30417 --- [nio-8080-exec-6] o.s.w.s.m.m.a.HttpEntityMethodProcessor  : Writing [com.pullit.common.dto.response.ApiResponse@120c5f48]
-2025-08-17 02:06:48.587 -DEBUG 30417 --- [nio-8080-exec-7] s.w.s.m.m.a.RequestMappingHandlerMapping : Mapped to com.pullit.exam.controller.ExamController#searchExams(ExamSearchRequest)
-2025-08-17 02:06:48.588 - INFO 30417 --- [nio-8080-exec-7] c.pullit.exam.controller.ExamController  : 시험지 검색 요청: ExamSearchRequest(query=null, keyword=, schoolLevel=null, grade=null, gradeCode=, term=null, termCode=01, subjects=null, areaCode=MA, chapters=null, minItems=null, maxItems=null, visibility=null, recentlyUpdated=null, myExams=null, schoolExams=null, publicExams=null, includeSystemExams=true, includeUserExams=true, sortBy=relevance, sortDirection=DESC, popularPeriod=null, page=0, size=20, hasPdf=null, hasAnswerPdf=null, pdfGeneratedFrom=null, pdfGeneratedTo=null, minTimeLimit=null, maxTimeLimit=null, examDateFrom=null, examDateTo=null, onlyTrending=null, minUseCount=null, minRating=null)
-2025-08-17 02:06:48.588 - INFO 30417 --- [nio-8080-exec-7] c.pullit.exam.controller.ExamController  : 검색 파라미터 - areaCode: MA, gradeCode: , termCode: 01, keyword: 
-2025-08-17 02:06:48.588 - INFO 30417 --- [nio-8080-exec-7] c.pullit.exam.controller.ExamController  : Include flags - system: true, user: true
-2025-08-17 02:06:48.611 - INFO 30417 --- [nio-8080-exec-7] com.pullit.exam.service.ExamService      : searchAllExams 시작 - areaCode: MA, includeSystem: true, includeUser: true
-=== ExamRepository searchExams 시작 ===
Request: ExamSearchRequest(query=null, keyword=, schoolLevel=null, grade=null, gradeCode=, term=null, termCode=01, subjects=null, areaCode=MA, chapters=null, minItems=null, maxItems=null, visibility=null, recentlyUpdated=null, myExams=null, schoolExams=null, publicExams=null, includeSystemExams=true, includeUserExams=true, sortBy=relevance, sortDirection=DESC, popularPeriod=null, page=0, size=20, hasPdf=null, hasAnswerPdf=null, pdfGeneratedFrom=null, pdfGeneratedTo=null, minTimeLimit=null, maxTimeLimit=null, examDateFrom=null, examDateTo=null, onlyTrending=null, minUseCount=null, minRating=null)
areaCode: MA
gradeCode: 
termCode: 01
Pageable - page: 0, size: 40
=== buildSearchPredicate 시작 ===
areaCode: MA
gradeCode: 
termCode: 01
과목 필터 적용: MA
학기 필터 적용: 01
최종 조건: subject.area.code = MA && subject.term.code = 01
적용할 조건: subject.area.code = MA && subject.term.code = 01
2025-08-17 02:06:48.612 -DEBUG 30417 --- [nio-8080-exec-7] org.hibernate.SQL                        : 
    select
        e1_0.exam_id,
        e1_0.created_by,
        e1_0.created_date,
        e1_0.exam_name,
        e1_0.file_url,
        e1_0.is_public,
        e1_0.item_count,
        e1_0.large_chapter_id,
        e1_0.large_chapter_name,
        e1_0.preview_url,
        s1_0.subject_id,
        s1_0.area_code,
        s1_0.area_name,
        s1_0.curriculum_code,
        s1_0.curriculum_name,
        s1_0.grade_code,
        s1_0.grade_name,
        s1_0.school_level_code,
        s1_0.school_level_name,
        s1_0.subject_name,
        s1_0.subject_thumbnail,
        s1_0.term_code,
        s1_0.term_name,
        e1_0.updated_by,
        e1_0.updated_date,
        e1_0.visibility 
    from
        exams e1_0 
    left join
        subjects s1_0 
            on s1_0.subject_id=e1_0.subject_id 
    where
        s1_0.area_code=? 
        and s1_0.term_code=? 
    order by
        e1_0.created_date desc 
    limit
        ?, ?
-Hibernate: 
    select
        e1_0.exam_id,
        e1_0.created_by,
        e1_0.created_date,
        e1_0.exam_name,
        e1_0.file_url,
        e1_0.is_public,
        e1_0.item_count,
        e1_0.large_chapter_id,
        e1_0.large_chapter_name,
        e1_0.preview_url,
        s1_0.subject_id,
        s1_0.area_code,
        s1_0.area_name,
        s1_0.curriculum_code,
        s1_0.curriculum_name,
        s1_0.grade_code,
        s1_0.grade_name,
        s1_0.school_level_code,
        s1_0.school_level_name,
        s1_0.subject_name,
        s1_0.subject_thumbnail,
        s1_0.term_code,
        s1_0.term_name,
        e1_0.updated_by,
        e1_0.updated_date,
        e1_0.visibility 
    from
        exams e1_0 
    left join
        subjects s1_0 
            on s1_0.subject_id=e1_0.subject_id 
    where
        s1_0.area_code=? 
        and s1_0.term_code=? 
    order by
        e1_0.created_date desc 
    limit
        ?, ?
=== 조회 결과 ===
조회된 시험지 수: 0
2025-08-17 02:06:48.620 -DEBUG 30417 --- [nio-8080-exec-7] org.hibernate.SQL                        : 
    select
        count(e1_0.exam_id) 
    from
        exams e1_0 
    left join
        subjects s1_0 
            on s1_0.subject_id=e1_0.subject_id 
    where
        s1_0.area_code=? 
        and s1_0.term_code=?
-Hibernate: 
    select
        count(e1_0.exam_id) 
    from
        exams e1_0 
    left join
        subjects s1_0 
            on s1_0.subject_id=e1_0.subject_id 
    where
        s1_0.area_code=? 
        and s1_0.term_code=?
전체 시험지 수: 0
=== ExamRepository searchExams 종료 ===

2025-08-17 02:06:48.628 - INFO 30417 --- [nio-8080-exec-7] com.pullit.exam.service.ExamService      : 시스템 시험지 검색 결과: 0개 (전체: 0개)
-2025-08-17 02:06:48.628 -DEBUG 30417 --- [nio-8080-exec-7] org.hibernate.SQL                        : 
    select
        ue1_0.exam_id,
        ue1_0.answer_pdf_url,
        ue1_0.area_code,
        ue1_0.area_name,
        ue1_0.class_id,
        ue1_0.created_by,
        ue1_0.created_date,
        ue1_0.deleted_by,
        ue1_0.deleted_date,
        ue1_0.description,
        ue1_0.exam_date,
        ue1_0.exam_name,
        ue1_0.exam_type,
        ue1_0.grade_code,
        ue1_0.grade_name,
        ue1_0.pdf_generated_at,
        ue1_0.pdf_url,
        ue1_0.term_code,
        ue1_0.term_name,
        ue1_0.time_limit,
        ue1_0.total_items,
        ue1_0.total_points,
        ue1_0.updated_by,
        ue1_0.updated_date,
        ue1_0.visibility 
    from
        user_exams ue1_0 
    where
        (
            ue1_0.deleted_date IS NULL
        ) 
        and ue1_0.term_code=? 
        and ue1_0.area_code=? 
        and ue1_0.deleted_date is null 
    order by
        ue1_0.updated_date desc 
    limit
        ?, ?
-Hibernate: 
    select
        ue1_0.exam_id,
        ue1_0.answer_pdf_url,
        ue1_0.area_code,
        ue1_0.area_name,
        ue1_0.class_id,
        ue1_0.created_by,
        ue1_0.created_date,
        ue1_0.deleted_by,
        ue1_0.deleted_date,
        ue1_0.description,
        ue1_0.exam_date,
        ue1_0.exam_name,
        ue1_0.exam_type,
        ue1_0.grade_code,
        ue1_0.grade_name,
        ue1_0.pdf_generated_at,
        ue1_0.pdf_url,
        ue1_0.term_code,
        ue1_0.term_name,
        ue1_0.time_limit,
        ue1_0.total_items,
        ue1_0.total_points,
        ue1_0.updated_by,
        ue1_0.updated_date,
        ue1_0.visibility 
    from
        user_exams ue1_0 
    where
        (
            ue1_0.deleted_date IS NULL
        ) 
        and ue1_0.term_code=? 
        and ue1_0.area_code=? 
        and ue1_0.deleted_date is null 
    order by
        ue1_0.updated_date desc 
    limit
        ?, ?
2025-08-17 02:06:48.636 -DEBUG 30417 --- [nio-8080-exec-7] org.hibernate.SQL                        : 
    select
        count(ue1_0.exam_id) 
    from
        user_exams ue1_0 
    where
        (
            ue1_0.deleted_date IS NULL
        ) 
        and ue1_0.term_code=? 
        and ue1_0.area_code=? 
        and ue1_0.deleted_date is null
-Hibernate: 
    select
        count(ue1_0.exam_id) 
    from
        user_exams ue1_0 
    where
        (
            ue1_0.deleted_date IS NULL
        ) 
        and ue1_0.term_code=? 
        and ue1_0.area_code=? 
        and ue1_0.deleted_date is null
2025-08-17 02:06:48.644 - INFO 30417 --- [nio-8080-exec-7] com.pullit.exam.service.ExamService      : 사용자 시험지 검색 결과: 0개 (전체: 0개)
-2025-08-17 02:06:48.644 - INFO 30417 --- [nio-8080-exec-7] com.pullit.exam.service.ExamService      : 최종 결과: 0개 반환 (전체: 0개)
-2025-08-17 02:06:48.666 - INFO 30417 --- [nio-8080-exec-7] c.pullit.exam.controller.ExamController  : 검색 결과 - 총 0개, 현재 페이지 0개
-2025-08-17 02:06:48.667 -DEBUG 30417 --- [nio-8080-exec-7] o.s.w.s.m.m.a.HttpEntityMethodProcessor  : Using 'application/json', given [application/json, text/plain, */*] and supported [application/json, application/*+json, application/yaml]
-2025-08-17 02:06:48.667 -DEBUG 30417 --- [nio-8080-exec-7] o.s.w.s.m.m.a.HttpEntityMethodProcessor  : Writing [com.pullit.common.dto.response.ApiResponse@40a32301]
-2025-08-17 02:06:49.128 -DEBUG 30417 --- [nio-8080-exec-8] s.w.s.m.m.a.RequestMappingHandlerMapping : Mapped to com.pullit.exam.controller.ExamController#searchExams(ExamSearchRequest)
-2025-08-17 02:06:49.129 - INFO 30417 --- [nio-8080-exec-8] c.pullit.exam.controller.ExamController  : 시험지 검색 요청: ExamSearchRequest(query=null, keyword=, schoolLevel=null, grade=null, gradeCode=, term=null, termCode=01, subjects=null, areaCode=, chapters=null, minItems=null, maxItems=null, visibility=null, recentlyUpdated=null, myExams=null, schoolExams=null, publicExams=null, includeSystemExams=true, includeUserExams=true, sortBy=relevance, sortDirection=DESC, popularPeriod=null, page=0, size=20, hasPdf=null, hasAnswerPdf=null, pdfGeneratedFrom=null, pdfGeneratedTo=null, minTimeLimit=null, maxTimeLimit=null, examDateFrom=null, examDateTo=null, onlyTrending=null, minUseCount=null, minRating=null)
-2025-08-17 02:06:49.129 - INFO 30417 --- [nio-8080-exec-8] c.pullit.exam.controller.ExamController  : 검색 파라미터 - areaCode: , gradeCode: , termCode: 01, keyword: 
-2025-08-17 02:06:49.129 - INFO 30417 --- [nio-8080-exec-8] c.pullit.exam.controller.ExamController  : Include flags - system: true, user: true
-2025-08-17 02:06:49.145 - INFO 30417 --- [nio-8080-exec-8] com.pullit.exam.service.ExamService      : searchAllExams 시작 - areaCode: , includeSystem: true, includeUser: true
-=== ExamRepository searchExams 시작 ===
Request: ExamSearchRequest(query=null, keyword=, schoolLevel=null, grade=null, gradeCode=, term=null, termCode=01, subjects=null, areaCode=, chapters=null, minItems=null, maxItems=null, visibility=null, recentlyUpdated=null, myExams=null, schoolExams=null, publicExams=null, includeSystemExams=true, includeUserExams=true, sortBy=relevance, sortDirection=DESC, popularPeriod=null, page=0, size=20, hasPdf=null, hasAnswerPdf=null, pdfGeneratedFrom=null, pdfGeneratedTo=null, minTimeLimit=null, maxTimeLimit=null, examDateFrom=null, examDateTo=null, onlyTrending=null, minUseCount=null, minRating=null)
areaCode: 
gradeCode: 
termCode: 01
Pageable - page: 0, size: 40
=== buildSearchPredicate 시작 ===
areaCode: 
gradeCode: 
termCode: 01
학기 필터 적용: 01
최종 조건: subject.term.code = 01
적용할 조건: subject.term.code = 01
2025-08-17 02:06:49.146 -DEBUG 30417 --- [nio-8080-exec-8] org.hibernate.SQL                        : 
    select
        e1_0.exam_id,
        e1_0.created_by,
        e1_0.created_date,
        e1_0.exam_name,
        e1_0.file_url,
        e1_0.is_public,
        e1_0.item_count,
        e1_0.large_chapter_id,
        e1_0.large_chapter_name,
        e1_0.preview_url,
        s1_0.subject_id,
        s1_0.area_code,
        s1_0.area_name,
        s1_0.curriculum_code,
        s1_0.curriculum_name,
        s1_0.grade_code,
        s1_0.grade_name,
        s1_0.school_level_code,
        s1_0.school_level_name,
        s1_0.subject_name,
        s1_0.subject_thumbnail,
        s1_0.term_code,
        s1_0.term_name,
        e1_0.updated_by,
        e1_0.updated_date,
        e1_0.visibility 
    from
        exams e1_0 
    left join
        subjects s1_0 
            on s1_0.subject_id=e1_0.subject_id 
    where
        s1_0.term_code=? 
    order by
        e1_0.created_date desc 
    limit
        ?, ?
-Hibernate: 
    select
        e1_0.exam_id,
        e1_0.created_by,
        e1_0.created_date,
        e1_0.exam_name,
        e1_0.file_url,
        e1_0.is_public,
        e1_0.item_count,
        e1_0.large_chapter_id,
        e1_0.large_chapter_name,
        e1_0.preview_url,
        s1_0.subject_id,
        s1_0.area_code,
        s1_0.area_name,
        s1_0.curriculum_code,
        s1_0.curriculum_name,
        s1_0.grade_code,
        s1_0.grade_name,
        s1_0.school_level_code,
        s1_0.school_level_name,
        s1_0.subject_name,
        s1_0.subject_thumbnail,
        s1_0.term_code,
        s1_0.term_name,
        e1_0.updated_by,
        e1_0.updated_date,
        e1_0.visibility 
    from
        exams e1_0 
    left join
        subjects s1_0 
            on s1_0.subject_id=e1_0.subject_id 
    where
        s1_0.term_code=? 
    order by
        e1_0.created_date desc 
    limit
        ?, ?
=== 조회 결과 ===
조회된 시험지 수: 40
시험지 1: 중_ 국어 3-1(박)_2-더 읽어 보기_단원평가_1회_T셀파
  - ID: 1084
  - ItemCount: 10
  - Subject ID: 1202
  - Area: KO / 국어
시험지 2: 중_ 국어 3-1(박)_4-더 읽어 보기_단원평가_1회_T셀파
  - ID: 1142
  - ItemCount: 12
  - Subject ID: 1202
  - Area: KO / 국어
시험지 3: 중_ 국어 3-1(박)_3-2_단원평가_3회_T셀파
  - ID: 1107
  - ItemCount: 16
  - Subject ID: 1202
  - Area: KO / 국어
2025-08-17 02:06:49.169 -DEBUG 30417 --- [nio-8080-exec-8] org.hibernate.SQL                        : 
    select
        count(e1_0.exam_id) 
    from
        exams e1_0 
    left join
        subjects s1_0 
            on s1_0.subject_id=e1_0.subject_id 
    where
        s1_0.term_code=?
-Hibernate: 
    select
        count(e1_0.exam_id) 
    from
        exams e1_0 
    left join
        subjects s1_0 
            on s1_0.subject_id=e1_0.subject_id 
    where
        s1_0.term_code=?
전체 시험지 수: 182
=== ExamRepository searchExams 종료 ===

2025-08-17 02:06:49.177 - INFO 30417 --- [nio-8080-exec-8] com.pullit.exam.service.ExamService      : 시스템 시험지 검색 결과: 40개 (전체: 182개)
-2025-08-17 02:06:49.178 -DEBUG 30417 --- [nio-8080-exec-8] org.hibernate.SQL                        : 
    select
        ue1_0.exam_id,
        ue1_0.answer_pdf_url,
        ue1_0.area_code,
        ue1_0.area_name,
        ue1_0.class_id,
        ue1_0.created_by,
        ue1_0.created_date,
        ue1_0.deleted_by,
        ue1_0.deleted_date,
        ue1_0.description,
        ue1_0.exam_date,
        ue1_0.exam_name,
        ue1_0.exam_type,
        ue1_0.grade_code,
        ue1_0.grade_name,
        ue1_0.pdf_generated_at,
        ue1_0.pdf_url,
        ue1_0.term_code,
        ue1_0.term_name,
        ue1_0.time_limit,
        ue1_0.total_items,
        ue1_0.total_points,
        ue1_0.updated_by,
        ue1_0.updated_date,
        ue1_0.visibility 
    from
        user_exams ue1_0 
    where
        (
            ue1_0.deleted_date IS NULL
        ) 
        and ue1_0.term_code=? 
        and ue1_0.deleted_date is null 
    order by
        ue1_0.updated_date desc 
    limit
        ?, ?
-Hibernate: 
    select
        ue1_0.exam_id,
        ue1_0.answer_pdf_url,
        ue1_0.area_code,
        ue1_0.area_name,
        ue1_0.class_id,
        ue1_0.created_by,
        ue1_0.created_date,
        ue1_0.deleted_by,
        ue1_0.deleted_date,
        ue1_0.description,
        ue1_0.exam_date,
        ue1_0.exam_name,
        ue1_0.exam_type,
        ue1_0.grade_code,
        ue1_0.grade_name,
        ue1_0.pdf_generated_at,
        ue1_0.pdf_url,
        ue1_0.term_code,
        ue1_0.term_name,
        ue1_0.time_limit,
        ue1_0.total_items,
        ue1_0.total_points,
        ue1_0.updated_by,
        ue1_0.updated_date,
        ue1_0.visibility 
    from
        user_exams ue1_0 
    where
        (
            ue1_0.deleted_date IS NULL
        ) 
        and ue1_0.term_code=? 
        and ue1_0.deleted_date is null 
    order by
        ue1_0.updated_date desc 
    limit
        ?, ?
2025-08-17 02:06:49.186 -DEBUG 30417 --- [nio-8080-exec-8] org.hibernate.SQL                        : 
    select
        count(ue1_0.exam_id) 
    from
        user_exams ue1_0 
    where
        (
            ue1_0.deleted_date IS NULL
        ) 
        and ue1_0.term_code=? 
        and ue1_0.deleted_date is null
-Hibernate: 
    select
        count(ue1_0.exam_id) 
    from
        user_exams ue1_0 
    where
        (
            ue1_0.deleted_date IS NULL
        ) 
        and ue1_0.term_code=? 
        and ue1_0.deleted_date is null
2025-08-17 02:06:49.193 - INFO 30417 --- [nio-8080-exec-8] com.pullit.exam.service.ExamService      : 사용자 시험지 검색 결과: 0개 (전체: 0개)
-2025-08-17 02:06:49.193 - INFO 30417 --- [nio-8080-exec-8] com.pullit.exam.service.ExamService      : 최종 결과: 20개 반환 (전체: 182개)
-2025-08-17 02:06:49.216 - INFO 30417 --- [nio-8080-exec-8] c.pullit.exam.controller.ExamController  : 검색 결과 - 총 182개, 현재 페이지 20개
-2025-08-17 02:06:49.216 -DEBUG 30417 --- [nio-8080-exec-8] o.s.w.s.m.m.a.HttpEntityMethodProcessor  : Using 'application/json', given [application/json, text/plain, */*] and supported [application/json, application/*+json, application/yaml]
-2025-08-17 02:06:49.216 -DEBUG 30417 --- [nio-8080-exec-8] o.s.w.s.m.m.a.HttpEntityMethodProcessor  : Writing [com.pullit.common.dto.response.ApiResponse@736784a9]
-2025-08-17 02:06:51.201 -DEBUG 30417 --- [nio-8080-exec-9] s.w.s.m.m.a.RequestMappingHandlerMapping : Mapped to com.pullit.exam.controller.ExamController#searchExams(ExamSearchRequest)
-2025-08-17 02:06:51.202 - INFO 30417 --- [nio-8080-exec-9] c.pullit.exam.controller.ExamController  : 시험지 검색 요청: ExamSearchRequest(query=null, keyword=, schoolLevel=null, grade=null, gradeCode=, term=null, termCode=01, subjects=null, areaCode=MA, chapters=null, minItems=null, maxItems=null, visibility=null, recentlyUpdated=null, myExams=null, schoolExams=null, publicExams=null, includeSystemExams=true, includeUserExams=true, sortBy=relevance, sortDirection=DESC, popularPeriod=null, page=0, size=20, hasPdf=null, hasAnswerPdf=null, pdfGeneratedFrom=null, pdfGeneratedTo=null, minTimeLimit=null, maxTimeLimit=null, examDateFrom=null, examDateTo=null, onlyTrending=null, minUseCount=null, minRating=null)
-2025-08-17 02:06:51.202 - INFO 30417 --- [nio-8080-exec-9] c.pullit.exam.controller.ExamController  : 검색 파라미터 - areaCode: MA, gradeCode: , termCode: 01, keyword: 
-2025-08-17 02:06:51.202 - INFO 30417 --- [nio-8080-exec-9] c.pullit.exam.controller.ExamController  : Include flags - system: true, user: true
-2025-08-17 02:06:51.225 - INFO 30417 --- [nio-8080-exec-9] com.pullit.exam.service.ExamService      : searchAllExams 시작 - areaCode: MA, includeSystem: true, includeUser: true
-=== ExamRepository searchExams 시작 ===
Request: ExamSearchRequest(query=null, keyword=, schoolLevel=null, grade=null, gradeCode=, term=null, termCode=01, subjects=null, areaCode=MA, chapters=null, minItems=null, maxItems=null, visibility=null, recentlyUpdated=null, myExams=null, schoolExams=null, publicExams=null, includeSystemExams=true, includeUserExams=true, sortBy=relevance, sortDirection=DESC, popularPeriod=null, page=0, size=20, hasPdf=null, hasAnswerPdf=null, pdfGeneratedFrom=null, pdfGeneratedTo=null, minTimeLimit=null, maxTimeLimit=null, examDateFrom=null, examDateTo=null, onlyTrending=null, minUseCount=null, minRating=null)
areaCode: MA
gradeCode: 
termCode: 01
Pageable - page: 0, size: 40
=== buildSearchPredicate 시작 ===
areaCode: MA
gradeCode: 
termCode: 01
과목 필터 적용: MA
학기 필터 적용: 01
최종 조건: subject.area.code = MA && subject.term.code = 01
적용할 조건: subject.area.code = MA && subject.term.code = 01
2025-08-17 02:06:51.225 -DEBUG 30417 --- [nio-8080-exec-9] org.hibernate.SQL                        : 
    select
        e1_0.exam_id,
        e1_0.created_by,
        e1_0.created_date,
        e1_0.exam_name,
        e1_0.file_url,
        e1_0.is_public,
        e1_0.item_count,
        e1_0.large_chapter_id,
        e1_0.large_chapter_name,
        e1_0.preview_url,
        s1_0.subject_id,
        s1_0.area_code,
        s1_0.area_name,
        s1_0.curriculum_code,
        s1_0.curriculum_name,
        s1_0.grade_code,
        s1_0.grade_name,
        s1_0.school_level_code,
        s1_0.school_level_name,
        s1_0.subject_name,
        s1_0.subject_thumbnail,
        s1_0.term_code,
        s1_0.term_name,
        e1_0.updated_by,
        e1_0.updated_date,
        e1_0.visibility 
    from
        exams e1_0 
    left join
        subjects s1_0 
            on s1_0.subject_id=e1_0.subject_id 
    where
        s1_0.area_code=? 
        and s1_0.term_code=? 
    order by
        e1_0.created_date desc 
    limit
        ?, ?
-Hibernate: 
    select
        e1_0.exam_id,
        e1_0.created_by,
        e1_0.created_date,
        e1_0.exam_name,
        e1_0.file_url,
        e1_0.is_public,
        e1_0.item_count,
        e1_0.large_chapter_id,
        e1_0.large_chapter_name,
        e1_0.preview_url,
        s1_0.subject_id,
        s1_0.area_code,
        s1_0.area_name,
        s1_0.curriculum_code,
        s1_0.curriculum_name,
        s1_0.grade_code,
        s1_0.grade_name,
        s1_0.school_level_code,
        s1_0.school_level_name,
        s1_0.subject_name,
        s1_0.subject_thumbnail,
        s1_0.term_code,
        s1_0.term_name,
        e1_0.updated_by,
        e1_0.updated_date,
        e1_0.visibility 
    from
        exams e1_0 
    left join
        subjects s1_0 
            on s1_0.subject_id=e1_0.subject_id 
    where
        s1_0.area_code=? 
        and s1_0.term_code=? 
    order by
        e1_0.created_date desc 
    limit
        ?, ?
=== 조회 결과 ===
조회된 시험지 수: 0
2025-08-17 02:06:51.234 -DEBUG 30417 --- [nio-8080-exec-9] org.hibernate.SQL                        : 
    select
        count(e1_0.exam_id) 
    from
        exams e1_0 
    left join
        subjects s1_0 
            on s1_0.subject_id=e1_0.subject_id 
    where
        s1_0.area_code=? 
        and s1_0.term_code=?
-Hibernate: 
    select
        count(e1_0.exam_id) 
    from
        exams e1_0 
    left join
        subjects s1_0 
            on s1_0.subject_id=e1_0.subject_id 
    where
        s1_0.area_code=? 
        and s1_0.term_code=?
전체 시험지 수: 0
=== ExamRepository searchExams 종료 ===

2025-08-17 02:06:51.242 - INFO 30417 --- [nio-8080-exec-9] com.pullit.exam.service.ExamService      : 시스템 시험지 검색 결과: 0개 (전체: 0개)
-2025-08-17 02:06:51.242 -DEBUG 30417 --- [nio-8080-exec-9] org.hibernate.SQL                        : 
    select
        ue1_0.exam_id,
        ue1_0.answer_pdf_url,
        ue1_0.area_code,
        ue1_0.area_name,
        ue1_0.class_id,
        ue1_0.created_by,
        ue1_0.created_date,
        ue1_0.deleted_by,
        ue1_0.deleted_date,
        ue1_0.description,
        ue1_0.exam_date,
        ue1_0.exam_name,
        ue1_0.exam_type,
        ue1_0.grade_code,
        ue1_0.grade_name,
        ue1_0.pdf_generated_at,
        ue1_0.pdf_url,
        ue1_0.term_code,
        ue1_0.term_name,
        ue1_0.time_limit,
        ue1_0.total_items,
        ue1_0.total_points,
        ue1_0.updated_by,
        ue1_0.updated_date,
        ue1_0.visibility 
    from
        user_exams ue1_0 
    where
        (
            ue1_0.deleted_date IS NULL
        ) 
        and ue1_0.term_code=? 
        and ue1_0.area_code=? 
        and ue1_0.deleted_date is null 
    order by
        ue1_0.updated_date desc 
    limit
        ?, ?
-Hibernate: 
    select
        ue1_0.exam_id,
        ue1_0.answer_pdf_url,
        ue1_0.area_code,
        ue1_0.area_name,
        ue1_0.class_id,
        ue1_0.created_by,
        ue1_0.created_date,
        ue1_0.deleted_by,
        ue1_0.deleted_date,
        ue1_0.description,
        ue1_0.exam_date,
        ue1_0.exam_name,
        ue1_0.exam_type,
        ue1_0.grade_code,
        ue1_0.grade_name,
        ue1_0.pdf_generated_at,
        ue1_0.pdf_url,
        ue1_0.term_code,
        ue1_0.term_name,
        ue1_0.time_limit,
        ue1_0.total_items,
        ue1_0.total_points,
        ue1_0.updated_by,
        ue1_0.updated_date,
        ue1_0.visibility 
    from
        user_exams ue1_0 
    where
        (
            ue1_0.deleted_date IS NULL
        ) 
        and ue1_0.term_code=? 
        and ue1_0.area_code=? 
        and ue1_0.deleted_date is null 
    order by
        ue1_0.updated_date desc 
    limit
        ?, ?
2025-08-17 02:06:51.250 -DEBUG 30417 --- [nio-8080-exec-9] org.hibernate.SQL                        : 
    select
        count(ue1_0.exam_id) 
    from
        user_exams ue1_0 
    where
        (
            ue1_0.deleted_date IS NULL
        ) 
        and ue1_0.term_code=? 
        and ue1_0.area_code=? 
        and ue1_0.deleted_date is null
-Hibernate: 
    select
        count(ue1_0.exam_id) 
    from
        user_exams ue1_0 
    where
        (
            ue1_0.deleted_date IS NULL
        ) 
        and ue1_0.term_code=? 
        and ue1_0.area_code=? 
        and ue1_0.deleted_date is null
2025-08-17 02:06:51.258 - INFO 30417 --- [nio-8080-exec-9] com.pullit.exam.service.ExamService      : 사용자 시험지 검색 결과: 0개 (전체: 0개)
-2025-08-17 02:06:51.258 - INFO 30417 --- [nio-8080-exec-9] com.pullit.exam.service.ExamService      : 최종 결과: 0개 반환 (전체: 0개)
-2025-08-17 02:06:51.280 - INFO 30417 --- [nio-8080-exec-9] c.pullit.exam.controller.ExamController  : 검색 결과 - 총 0개, 현재 페이지 0개
-2025-08-17 02:06:51.281 -DEBUG 30417 --- [nio-8080-exec-9] o.s.w.s.m.m.a.HttpEntityMethodProcessor  : Using 'application/json', given [application/json, text/plain, */*] and supported [application/json, application/*+json, application/yaml]
-2025-08-17 02:06:51.281 -DEBUG 30417 --- [nio-8080-exec-9] o.s.w.s.m.m.a.HttpEntityMethodProcessor  : Writing [com.pullit.common.dto.response.ApiResponse@d187bd6]
-2025-08-17 02:07:00.007 -DEBUG 30417 --- [io-8080-exec-10] s.w.s.m.m.a.RequestMappingHandlerMapping : Mapped to com.pullit.exam.controller.ExamController#getFilterOptions()
-2025-08-17 02:07:00.180 -DEBUG 30417 --- [io-8080-exec-10] org.hibernate.SQL                        : 
    select
        s1_0.grade_name,
        count(e1_0.exam_id) 
    from
        exams e1_0 
    left join
        subjects s1_0 
            on s1_0.subject_id=e1_0.subject_id 
    where
        (
            s1_0.grade_code is not null 
            or s1_0.grade_name is not null
        ) 
    group by
        s1_0.grade_name
-Hibernate: 
    select
        s1_0.grade_name,
        count(e1_0.exam_id) 
    from
        exams e1_0 
    left join
        subjects s1_0 
            on s1_0.subject_id=e1_0.subject_id 
    where
        (
            s1_0.grade_code is not null 
            or s1_0.grade_name is not null
        ) 
    group by
        s1_0.grade_name
2025-08-17 02:07:00.339 -DEBUG 30417 --- [io-8080-exec-10] org.hibernate.SQL                        : 
    select
        ue1_0.grade_name,
        count(ue1_0.exam_id) 
    from
        user_exams ue1_0 
    where
        (
            ue1_0.deleted_date IS NULL
        ) 
        and ue1_0.deleted_date is null 
    group by
        ue1_0.grade_name
-Hibernate: 
    select
        ue1_0.grade_name,
        count(ue1_0.exam_id) 
    from
        user_exams ue1_0 
    where
        (
            ue1_0.deleted_date IS NULL
        ) 
        and ue1_0.deleted_date is null 
    group by
        ue1_0.grade_name
2025-08-17 02:07:00.348 -DEBUG 30417 --- [io-8080-exec-10] org.hibernate.SQL                        : 
    select
        s1_0.area_name,
        count(e1_0.exam_id) 
    from
        exams e1_0 
    left join
        subjects s1_0 
            on s1_0.subject_id=e1_0.subject_id 
    where
        (
            s1_0.area_code is not null 
            or s1_0.area_name is not null
        ) 
    group by
        s1_0.area_name
-Hibernate: 
    select
        s1_0.area_name,
        count(e1_0.exam_id) 
    from
        exams e1_0 
    left join
        subjects s1_0 
            on s1_0.subject_id=e1_0.subject_id 
    where
        (
            s1_0.area_code is not null 
            or s1_0.area_name is not null
        ) 
    group by
        s1_0.area_name
2025-08-17 02:07:00.360 -DEBUG 30417 --- [io-8080-exec-10] org.hibernate.SQL                        : 
    select
        ue1_0.area_name,
        count(ue1_0.exam_id) 
    from
        user_exams ue1_0 
    where
        (
            ue1_0.deleted_date IS NULL
        ) 
        and ue1_0.deleted_date is null 
    group by
        ue1_0.area_name
-Hibernate: 
    select
        ue1_0.area_name,
        count(ue1_0.exam_id) 
    from
        user_exams ue1_0 
    where
        (
            ue1_0.deleted_date IS NULL
        ) 
        and ue1_0.deleted_date is null 
    group by
        ue1_0.area_name
2025-08-17 02:07:00.369 -DEBUG 30417 --- [io-8080-exec-10] org.hibernate.SQL                        : 
    select
        s1_0.term_name,
        count(e1_0.exam_id) 
    from
        exams e1_0 
    left join
        subjects s1_0 
            on s1_0.subject_id=e1_0.subject_id 
    where
        (
            s1_0.term_code is not null 
            or s1_0.term_name is not null
        ) 
    group by
        s1_0.term_name
-Hibernate: 
    select
        s1_0.term_name,
        count(e1_0.exam_id) 
    from
        exams e1_0 
    left join
        subjects s1_0 
            on s1_0.subject_id=e1_0.subject_id 
    where
        (
            s1_0.term_code is not null 
            or s1_0.term_name is not null
        ) 
    group by
        s1_0.term_name
2025-08-17 02:07:00.404 -DEBUG 30417 --- [io-8080-exec-10] o.s.w.s.m.m.a.HttpEntityMethodProcessor  : Using 'application/json', given [application/json, text/plain, */*] and supported [application/json, application/*+json, application/yaml]
-2025-08-17 02:07:00.404 -DEBUG 30417 --- [io-8080-exec-10] o.s.w.s.m.m.a.HttpEntityMethodProcessor  : Writing [com.pullit.common.dto.response.ApiResponse@6f53fafd]
-2025-08-17 02:07:00.411 -DEBUG 30417 --- [nio-8080-exec-1] s.w.s.m.m.a.RequestMappingHandlerMapping : Mapped to com.pullit.exam.controller.ExamController#getMyExams(Long, int, int, String, String)
-2025-08-17 02:07:00.431 -DEBUG 30417 --- [nio-8080-exec-1] org.hibernate.SQL                        : 
    select
        ue1_0.exam_id,
        ue1_0.answer_pdf_url,
        ue1_0.area_code,
        ue1_0.area_name,
        ue1_0.class_id,
        ue1_0.created_by,
        ue1_0.created_date,
        ue1_0.deleted_by,
        ue1_0.deleted_date,
        ue1_0.description,
        ue1_0.exam_date,
        ue1_0.exam_name,
        ue1_0.exam_type,
        ue1_0.grade_code,
        ue1_0.grade_name,
        ue1_0.pdf_generated_at,
        ue1_0.pdf_url,
        ue1_0.term_code,
        ue1_0.term_name,
        ue1_0.time_limit,
        ue1_0.total_items,
        ue1_0.total_points,
        ue1_0.updated_by,
        ue1_0.updated_date,
        ue1_0.visibility 
    from
        user_exams ue1_0 
    where
        (
            ue1_0.deleted_date IS NULL
        ) 
        and ue1_0.created_by=? 
        and ue1_0.deleted_date is null 
    order by
        ue1_0.updated_date desc,
        ue1_0.updated_date desc 
    limit
        ?
-Hibernate: 
    select
        ue1_0.exam_id,
        ue1_0.answer_pdf_url,
        ue1_0.area_code,
        ue1_0.area_name,
        ue1_0.class_id,
        ue1_0.created_by,
        ue1_0.created_date,
        ue1_0.deleted_by,
        ue1_0.deleted_date,
        ue1_0.description,
        ue1_0.exam_date,
        ue1_0.exam_name,
        ue1_0.exam_type,
        ue1_0.grade_code,
        ue1_0.grade_name,
        ue1_0.pdf_generated_at,
        ue1_0.pdf_url,
        ue1_0.term_code,
        ue1_0.term_name,
        ue1_0.time_limit,
        ue1_0.total_items,
        ue1_0.total_points,
        ue1_0.updated_by,
        ue1_0.updated_date,
        ue1_0.visibility 
    from
        user_exams ue1_0 
    where
        (
            ue1_0.deleted_date IS NULL
        ) 
        and ue1_0.created_by=? 
        and ue1_0.deleted_date is null 
    order by
        ue1_0.updated_date desc,
        ue1_0.updated_date desc 
    limit
        ?
2025-08-17 02:07:00.451 -DEBUG 30417 --- [l-1:housekeeper] com.zaxxer.hikari.pool.HikariPool        : HikariPool-1 - Before cleanup stats (total=5/10, idle=4/5, active=1, waiting=0)
-2025-08-17 02:07:00.451 -DEBUG 30417 --- [l-1:housekeeper] com.zaxxer.hikari.pool.HikariPool        : HikariPool-1 - After  cleanup stats (total=5/10, idle=4/5, active=1, waiting=0)
-2025-08-17 02:07:00.451 -DEBUG 30417 --- [onnection-adder] com.zaxxer.hikari.pool.PoolBase          : HikariPool-1 - Attempting to create/setup new connection (780c54ef-b15f-47e9-9c93-b2484b1a9733)
-2025-08-17 02:07:00.463 -DEBUG 30417 --- [nio-8080-exec-1] o.s.w.s.m.m.a.HttpEntityMethodProcessor  : Using 'application/json', given [application/json, text/plain, */*] and supported [application/json, application/*+json, application/yaml]
-2025-08-17 02:07:00.463 -DEBUG 30417 --- [nio-8080-exec-1] o.s.w.s.m.m.a.HttpEntityMethodProcessor  : Writing [com.pullit.common.dto.response.ApiResponse@326d9446]
-2025-08-17 02:07:00.466 -DEBUG 30417 --- [nio-8080-exec-2] s.w.s.m.m.a.RequestMappingHandlerMapping : Mapped to com.pullit.exam.controller.ExamController#searchExams(ExamSearchRequest)
-2025-08-17 02:07:00.467 - INFO 30417 --- [nio-8080-exec-2] c.pullit.exam.controller.ExamController  : 시험지 검색 요청: ExamSearchRequest(query=null, keyword=null, schoolLevel=null, grade=null, gradeCode=null, term=null, termCode=null, subjects=null, areaCode=null, chapters=null, minItems=null, maxItems=null, visibility=null, recentlyUpdated=null, myExams=null, schoolExams=null, publicExams=null, includeSystemExams=true, includeUserExams=true, sortBy=relevance, sortDirection=DESC, popularPeriod=null, page=0, size=1, hasPdf=null, hasAnswerPdf=null, pdfGeneratedFrom=null, pdfGeneratedTo=null, minTimeLimit=null, maxTimeLimit=null, examDateFrom=null, examDateTo=null, onlyTrending=null, minUseCount=null, minRating=null)
-2025-08-17 02:07:00.467 - INFO 30417 --- [nio-8080-exec-2] c.pullit.exam.controller.ExamController  : 검색 파라미터 - areaCode: null, gradeCode: null, termCode: null, keyword: null
-2025-08-17 02:07:00.467 - INFO 30417 --- [nio-8080-exec-2] c.pullit.exam.controller.ExamController  : Include flags - system: true, user: true
-2025-08-17 02:07:00.481 - INFO 30417 --- [nio-8080-exec-2] com.pullit.exam.service.ExamService      : searchAllExams 시작 - areaCode: null, includeSystem: true, includeUser: true
-=== ExamRepository searchExams 시작 ===
Request: ExamSearchRequest(query=null, keyword=null, schoolLevel=null, grade=null, gradeCode=null, term=null, termCode=null, subjects=null, areaCode=null, chapters=null, minItems=null, maxItems=null, visibility=null, recentlyUpdated=null, myExams=null, schoolExams=null, publicExams=null, includeSystemExams=true, includeUserExams=true, sortBy=relevance, sortDirection=DESC, popularPeriod=null, page=0, size=1, hasPdf=null, hasAnswerPdf=null, pdfGeneratedFrom=null, pdfGeneratedTo=null, minTimeLimit=null, maxTimeLimit=null, examDateFrom=null, examDateTo=null, onlyTrending=null, minUseCount=null, minRating=null)
areaCode: null
gradeCode: null
termCode: null
Pageable - page: 0, size: 2
=== buildSearchPredicate 시작 ===
areaCode: null
gradeCode: null
termCode: null
최종 조건: null
적용할 조건 없음
2025-08-17 02:07:00.482 -DEBUG 30417 --- [nio-8080-exec-2] org.hibernate.SQL                        : 
    select
        e1_0.exam_id,
        e1_0.created_by,
        e1_0.created_date,
        e1_0.exam_name,
        e1_0.file_url,
        e1_0.is_public,
        e1_0.item_count,
        e1_0.large_chapter_id,
        e1_0.large_chapter_name,
        e1_0.preview_url,
        s1_0.subject_id,
        s1_0.area_code,
        s1_0.area_name,
        s1_0.curriculum_code,
        s1_0.curriculum_name,
        s1_0.grade_code,
        s1_0.grade_name,
        s1_0.school_level_code,
        s1_0.school_level_name,
        s1_0.subject_name,
        s1_0.subject_thumbnail,
        s1_0.term_code,
        s1_0.term_name,
        e1_0.updated_by,
        e1_0.updated_date,
        e1_0.visibility 
    from
        exams e1_0 
    left join
        subjects s1_0 
            on s1_0.subject_id=e1_0.subject_id 
    order by
        e1_0.created_date desc 
    limit
        ?, ?
-Hibernate: 
    select
        e1_0.exam_id,
        e1_0.created_by,
        e1_0.created_date,
        e1_0.exam_name,
        e1_0.file_url,
        e1_0.is_public,
        e1_0.item_count,
        e1_0.large_chapter_id,
        e1_0.large_chapter_name,
        e1_0.preview_url,
        s1_0.subject_id,
        s1_0.area_code,
        s1_0.area_name,
        s1_0.curriculum_code,
        s1_0.curriculum_name,
        s1_0.grade_code,
        s1_0.grade_name,
        s1_0.school_level_code,
        s1_0.school_level_name,
        s1_0.subject_name,
        s1_0.subject_thumbnail,
        s1_0.term_code,
        s1_0.term_name,
        e1_0.updated_by,
        e1_0.updated_date,
        e1_0.visibility 
    from
        exams e1_0 
    left join
        subjects s1_0 
            on s1_0.subject_id=e1_0.subject_id 
    order by
        e1_0.created_date desc 
    limit
        ?, ?
=== 조회 결과 ===
조회된 시험지 수: 2
시험지 1: 중_ 국어 3-2(박)_1-더 읽어 보기_단원평가_1회_T셀파
  - ID: 1234
  - ItemCount: 2
  - Subject ID: 1203
  - Area: KO / 국어
시험지 2: 중_ 국어 3-2(박)_2-더 읽어 보기_단원평가_1회_T셀파
  - ID: 1290
  - ItemCount: 11
  - Subject ID: 1203
  - Area: KO / 국어
2025-08-17 02:07:00.496 -DEBUG 30417 --- [nio-8080-exec-2] org.hibernate.SQL                        : 
    select
        count(e1_0.exam_id) 
    from
        exams e1_0
-Hibernate: 
    select
        count(e1_0.exam_id) 
    from
        exams e1_0
전체 시험지 수: 1687
=== ExamRepository searchExams 종료 ===

2025-08-17 02:07:00.503 - INFO 30417 --- [nio-8080-exec-2] com.pullit.exam.service.ExamService      : 시스템 시험지 검색 결과: 2개 (전체: 1687개)
-2025-08-17 02:07:00.504 -DEBUG 30417 --- [nio-8080-exec-2] org.hibernate.SQL                        : 
    select
        ue1_0.exam_id,
        ue1_0.answer_pdf_url,
        ue1_0.area_code,
        ue1_0.area_name,
        ue1_0.class_id,
        ue1_0.created_by,
        ue1_0.created_date,
        ue1_0.deleted_by,
        ue1_0.deleted_date,
        ue1_0.description,
        ue1_0.exam_date,
        ue1_0.exam_name,
        ue1_0.exam_type,
        ue1_0.grade_code,
        ue1_0.grade_name,
        ue1_0.pdf_generated_at,
        ue1_0.pdf_url,
        ue1_0.term_code,
        ue1_0.term_name,
        ue1_0.time_limit,
        ue1_0.total_items,
        ue1_0.total_points,
        ue1_0.updated_by,
        ue1_0.updated_date,
        ue1_0.visibility 
    from
        user_exams ue1_0 
    where
        (
            ue1_0.deleted_date IS NULL
        ) 
        and ue1_0.deleted_date is null 
    order by
        ue1_0.updated_date desc 
    limit
        ?, ?
-Hibernate: 
    select
        ue1_0.exam_id,
        ue1_0.answer_pdf_url,
        ue1_0.area_code,
        ue1_0.area_name,
        ue1_0.class_id,
        ue1_0.created_by,
        ue1_0.created_date,
        ue1_0.deleted_by,
        ue1_0.deleted_date,
        ue1_0.description,
        ue1_0.exam_date,
        ue1_0.exam_name,
        ue1_0.exam_type,
        ue1_0.grade_code,
        ue1_0.grade_name,
        ue1_0.pdf_generated_at,
        ue1_0.pdf_url,
        ue1_0.term_code,
        ue1_0.term_name,
        ue1_0.time_limit,
        ue1_0.total_items,
        ue1_0.total_points,
        ue1_0.updated_by,
        ue1_0.updated_date,
        ue1_0.visibility 
    from
        user_exams ue1_0 
    where
        (
            ue1_0.deleted_date IS NULL
        ) 
        and ue1_0.deleted_date is null 
    order by
        ue1_0.updated_date desc 
    limit
        ?, ?
2025-08-17 02:07:00.512 -DEBUG 30417 --- [nio-8080-exec-2] org.hibernate.SQL                        : 
    select
        count(ue1_0.exam_id) 
    from
        user_exams ue1_0 
    where
        (
            ue1_0.deleted_date IS NULL
        ) 
        and ue1_0.deleted_date is null
-Hibernate: 
    select
        count(ue1_0.exam_id) 
    from
        user_exams ue1_0 
    where
        (
            ue1_0.deleted_date IS NULL
        ) 
        and ue1_0.deleted_date is null
2025-08-17 02:07:00.520 - INFO 30417 --- [nio-8080-exec-2] com.pullit.exam.service.ExamService      : 사용자 시험지 검색 결과: 0개 (전체: 0개)
-2025-08-17 02:07:00.520 - INFO 30417 --- [nio-8080-exec-2] com.pullit.exam.service.ExamService      : 최종 결과: 1개 반환 (전체: 1687개)
-2025-08-17 02:07:00.539 -DEBUG 30417 --- [onnection-adder] com.zaxxer.hikari.pool.PoolBase          : HikariPool-1 - Established new connection (780c54ef-b15f-47e9-9c93-b2484b1a9733)
-2025-08-17 02:07:00.539 -DEBUG 30417 --- [onnection-adder] com.zaxxer.hikari.pool.HikariPool        : HikariPool-1 - Added connection com.mysql.cj.jdbc.ConnectionImpl@57ee0db3
-2025-08-17 02:07:00.542 - INFO 30417 --- [nio-8080-exec-2] c.pullit.exam.controller.ExamController  : 검색 결과 - 총 1687개, 현재 페이지 1개
-2025-08-17 02:07:00.542 -DEBUG 30417 --- [nio-8080-exec-2] o.s.w.s.m.m.a.HttpEntityMethodProcessor  : Using 'application/json', given [application/json, text/plain, */*] and supported [application/json, application/*+json, application/yaml]
-2025-08-17 02:07:00.542 -DEBUG 30417 --- [nio-8080-exec-2] o.s.w.s.m.m.a.HttpEntityMethodProcessor  : Writing [com.pullit.common.dto.response.ApiResponse@33946112]
-2025-08-17 02:07:00.546 -DEBUG 30417 --- [nio-8080-exec-3] s.w.s.m.m.a.RequestMappingHandlerMapping : Mapped to com.pullit.exam.controller.ExamController#searchExams(ExamSearchRequest)
-2025-08-17 02:07:00.546 - INFO 30417 --- [nio-8080-exec-3] c.pullit.exam.controller.ExamController  : 시험지 검색 요청: ExamSearchRequest(query=null, keyword=null, schoolLevel=null, grade=null, gradeCode=null, term=null, termCode=null, subjects=null, areaCode=null, chapters=null, minItems=null, maxItems=null, visibility=public, recentlyUpdated=null, myExams=null, schoolExams=null, publicExams=null, includeSystemExams=true, includeUserExams=true, sortBy=relevance, sortDirection=DESC, popularPeriod=null, page=0, size=1, hasPdf=null, hasAnswerPdf=null, pdfGeneratedFrom=null, pdfGeneratedTo=null, minTimeLimit=null, maxTimeLimit=null, examDateFrom=null, examDateTo=null, onlyTrending=null, minUseCount=null, minRating=null)
-2025-08-17 02:07:00.546 - INFO 30417 --- [nio-8080-exec-3] c.pullit.exam.controller.ExamController  : 검색 파라미터 - areaCode: null, gradeCode: null, termCode: null, keyword: null
-2025-08-17 02:07:00.546 - INFO 30417 --- [nio-8080-exec-3] c.pullit.exam.controller.ExamController  : Include flags - system: true, user: true
-2025-08-17 02:07:00.561 - INFO 30417 --- [nio-8080-exec-3] com.pullit.exam.service.ExamService      : searchAllExams 시작 - areaCode: null, includeSystem: true, includeUser: true
-=== ExamRepository searchExams 시작 ===
Request: ExamSearchRequest(query=null, keyword=null, schoolLevel=null, grade=null, gradeCode=null, term=null, termCode=null, subjects=null, areaCode=null, chapters=null, minItems=null, maxItems=null, visibility=public, recentlyUpdated=null, myExams=null, schoolExams=null, publicExams=null, includeSystemExams=true, includeUserExams=true, sortBy=relevance, sortDirection=DESC, popularPeriod=null, page=0, size=1, hasPdf=null, hasAnswerPdf=null, pdfGeneratedFrom=null, pdfGeneratedTo=null, minTimeLimit=null, maxTimeLimit=null, examDateFrom=null, examDateTo=null, onlyTrending=null, minUseCount=null, minRating=null)
areaCode: null
gradeCode: null
termCode: null
Pageable - page: 0, size: 2
=== buildSearchPredicate 시작 ===
areaCode: null
gradeCode: null
termCode: null
최종 조건: exam.visibility = PUBLIC
적용할 조건: exam.visibility = PUBLIC
2025-08-17 02:07:00.562 -DEBUG 30417 --- [nio-8080-exec-3] org.hibernate.SQL                        : 
    select
        e1_0.exam_id,
        e1_0.created_by,
        e1_0.created_date,
        e1_0.exam_name,
        e1_0.file_url,
        e1_0.is_public,
        e1_0.item_count,
        e1_0.large_chapter_id,
        e1_0.large_chapter_name,
        e1_0.preview_url,
        s1_0.subject_id,
        s1_0.area_code,
        s1_0.area_name,
        s1_0.curriculum_code,
        s1_0.curriculum_name,
        s1_0.grade_code,
        s1_0.grade_name,
        s1_0.school_level_code,
        s1_0.school_level_name,
        s1_0.subject_name,
        s1_0.subject_thumbnail,
        s1_0.term_code,
        s1_0.term_name,
        e1_0.updated_by,
        e1_0.updated_date,
        e1_0.visibility 
    from
        exams e1_0 
    left join
        subjects s1_0 
            on s1_0.subject_id=e1_0.subject_id 
    where
        e1_0.visibility=? 
    order by
        e1_0.created_date desc 
    limit
        ?, ?
-Hibernate: 
    select
        e1_0.exam_id,
        e1_0.created_by,
        e1_0.created_date,
        e1_0.exam_name,
        e1_0.file_url,
        e1_0.is_public,
        e1_0.item_count,
        e1_0.large_chapter_id,
        e1_0.large_chapter_name,
        e1_0.preview_url,
        s1_0.subject_id,
        s1_0.area_code,
        s1_0.area_name,
        s1_0.curriculum_code,
        s1_0.curriculum_name,
        s1_0.grade_code,
        s1_0.grade_name,
        s1_0.school_level_code,
        s1_0.school_level_name,
        s1_0.subject_name,
        s1_0.subject_thumbnail,
        s1_0.term_code,
        s1_0.term_name,
        e1_0.updated_by,
        e1_0.updated_date,
        e1_0.visibility 
    from
        exams e1_0 
    left join
        subjects s1_0 
            on s1_0.subject_id=e1_0.subject_id 
    where
        e1_0.visibility=? 
    order by
        e1_0.created_date desc 
    limit
        ?, ?
2025-08-17 02:07:00.570 -DEBUG 30417 --- [onnection-adder] com.zaxxer.hikari.pool.HikariPool        : HikariPool-1 - After adding stats (total=6/10, idle=5/5, active=1, waiting=0)
-=== 조회 결과 ===
조회된 시험지 수: 2
시험지 1: 중_ 국어 3-2(박)_1-더 읽어 보기_단원평가_1회_T셀파
  - ID: 1234
  - ItemCount: 2
  - Subject ID: 1203
  - Area: KO / 국어
시험지 2: 중_ 국어 3-2(박)_2-더 읽어 보기_단원평가_1회_T셀파
  - ID: 1290
  - ItemCount: 11
  - Subject ID: 1203
  - Area: KO / 국어
2025-08-17 02:07:00.572 -DEBUG 30417 --- [nio-8080-exec-3] org.hibernate.SQL                        : 
    select
        count(e1_0.exam_id) 
    from
        exams e1_0 
    where
        e1_0.visibility=?
-Hibernate: 
    select
        count(e1_0.exam_id) 
    from
        exams e1_0 
    where
        e1_0.visibility=?
전체 시험지 수: 1687
=== ExamRepository searchExams 종료 ===

2025-08-17 02:07:00.580 - INFO 30417 --- [nio-8080-exec-3] com.pullit.exam.service.ExamService      : 시스템 시험지 검색 결과: 2개 (전체: 1687개)
-2025-08-17 02:07:00.581 -DEBUG 30417 --- [nio-8080-exec-3] org.hibernate.SQL                        : 
    select
        ue1_0.exam_id,
        ue1_0.answer_pdf_url,
        ue1_0.area_code,
        ue1_0.area_name,
        ue1_0.class_id,
        ue1_0.created_by,
        ue1_0.created_date,
        ue1_0.deleted_by,
        ue1_0.deleted_date,
        ue1_0.description,
        ue1_0.exam_date,
        ue1_0.exam_name,
        ue1_0.exam_type,
        ue1_0.grade_code,
        ue1_0.grade_name,
        ue1_0.pdf_generated_at,
        ue1_0.pdf_url,
        ue1_0.term_code,
        ue1_0.term_name,
        ue1_0.time_limit,
        ue1_0.total_items,
        ue1_0.total_points,
        ue1_0.updated_by,
        ue1_0.updated_date,
        ue1_0.visibility 
    from
        user_exams ue1_0 
    where
        (
            ue1_0.deleted_date IS NULL
        ) 
        and ue1_0.visibility=? 
        and ue1_0.deleted_date is null 
    order by
        ue1_0.updated_date desc 
    limit
        ?, ?
-Hibernate: 
    select
        ue1_0.exam_id,
        ue1_0.answer_pdf_url,
        ue1_0.area_code,
        ue1_0.area_name,
        ue1_0.class_id,
        ue1_0.created_by,
        ue1_0.created_date,
        ue1_0.deleted_by,
        ue1_0.deleted_date,
        ue1_0.description,
        ue1_0.exam_date,
        ue1_0.exam_name,
        ue1_0.exam_type,
        ue1_0.grade_code,
        ue1_0.grade_name,
        ue1_0.pdf_generated_at,
        ue1_0.pdf_url,
        ue1_0.term_code,
        ue1_0.term_name,
        ue1_0.time_limit,
        ue1_0.total_items,
        ue1_0.total_points,
        ue1_0.updated_by,
        ue1_0.updated_date,
        ue1_0.visibility 
    from
        user_exams ue1_0 
    where
        (
            ue1_0.deleted_date IS NULL
        ) 
        and ue1_0.visibility=? 
        and ue1_0.deleted_date is null 
    order by
        ue1_0.updated_date desc 
    limit
        ?, ?
2025-08-17 02:07:00.590 -DEBUG 30417 --- [nio-8080-exec-3] org.hibernate.SQL                        : 
    select
        count(ue1_0.exam_id) 
    from
        user_exams ue1_0 
    where
        (
            ue1_0.deleted_date IS NULL
        ) 
        and ue1_0.visibility=? 
        and ue1_0.deleted_date is null
-Hibernate: 
    select
        count(ue1_0.exam_id) 
    from
        user_exams ue1_0 
    where
        (
            ue1_0.deleted_date IS NULL
        ) 
        and ue1_0.visibility=? 
        and ue1_0.deleted_date is null
2025-08-17 02:07:00.597 - INFO 30417 --- [nio-8080-exec-3] com.pullit.exam.service.ExamService      : 사용자 시험지 검색 결과: 0개 (전체: 0개)
-2025-08-17 02:07:00.597 - INFO 30417 --- [nio-8080-exec-3] com.pullit.exam.service.ExamService      : 최종 결과: 1개 반환 (전체: 1687개)
-2025-08-17 02:07:00.620 - INFO 30417 --- [nio-8080-exec-3] c.pullit.exam.controller.ExamController  : 검색 결과 - 총 1687개, 현재 페이지 1개
-2025-08-17 02:07:00.620 -DEBUG 30417 --- [nio-8080-exec-3] o.s.w.s.m.m.a.HttpEntityMethodProcessor  : Using 'application/json', given [application/json, text/plain, */*] and supported [application/json, application/*+json, application/yaml]
-2025-08-17 02:07:00.620 -DEBUG 30417 --- [nio-8080-exec-3] o.s.w.s.m.m.a.HttpEntityMethodProcessor  : Writing [com.pullit.common.dto.response.ApiResponse@5d6c9a51]
-2025-08-17 02:07:00.624 -DEBUG 30417 --- [nio-8080-exec-4] s.w.s.m.m.a.RequestMappingHandlerMapping : Mapped to com.pullit.exam.controller.ExamController#getExamCounts(String, String, String, String)
-=== buildSearchPredicate 시작 ===
areaCode: MA
gradeCode: null
termCode: null
과목 필터 적용: MA
최종 조건: subject.area.code = MA
2025-08-17 02:07:00.640 -DEBUG 30417 --- [nio-8080-exec-4] org.hibernate.SQL                        : 
    select
        e1_0.exam_id,
        e1_0.created_by,
        e1_0.created_date,
        e1_0.exam_name,
        e1_0.file_url,
        e1_0.is_public,
        e1_0.item_count,
        e1_0.large_chapter_id,
        e1_0.large_chapter_name,
        e1_0.preview_url,
        s1_0.subject_id,
        s1_0.area_code,
        s1_0.area_name,
        s1_0.curriculum_code,
        s1_0.curriculum_name,
        s1_0.grade_code,
        s1_0.grade_name,
        s1_0.school_level_code,
        s1_0.school_level_name,
        s1_0.subject_name,
        s1_0.subject_thumbnail,
        s1_0.term_code,
        s1_0.term_name,
        e1_0.updated_by,
        e1_0.updated_date,
        e1_0.visibility 
    from
        exams e1_0 
    left join
        subjects s1_0 
            on s1_0.subject_id=e1_0.subject_id 
    where
        s1_0.area_code=? 
    order by
        e1_0.created_date desc
-Hibernate: 
    select
        e1_0.exam_id,
        e1_0.created_by,
        e1_0.created_date,
        e1_0.exam_name,
        e1_0.file_url,
        e1_0.is_public,
        e1_0.item_count,
        e1_0.large_chapter_id,
        e1_0.large_chapter_name,
        e1_0.preview_url,
        s1_0.subject_id,
        s1_0.area_code,
        s1_0.area_name,
        s1_0.curriculum_code,
        s1_0.curriculum_name,
        s1_0.grade_code,
        s1_0.grade_name,
        s1_0.school_level_code,
        s1_0.school_level_name,
        s1_0.subject_name,
        s1_0.subject_thumbnail,
        s1_0.term_code,
        s1_0.term_name,
        e1_0.updated_by,
        e1_0.updated_date,
        e1_0.visibility 
    from
        exams e1_0 
    left join
        subjects s1_0 
            on s1_0.subject_id=e1_0.subject_id 
    where
        s1_0.area_code=? 
    order by
        e1_0.created_date desc
2025-08-17 02:07:00.684 -DEBUG 30417 --- [nio-8080-exec-4] org.hibernate.SQL                        : 
    select
        ue1_0.exam_id,
        ue1_0.answer_pdf_url,
        ue1_0.area_code,
        ue1_0.area_name,
        ue1_0.class_id,
        ue1_0.created_by,
        ue1_0.created_date,
        ue1_0.deleted_by,
        ue1_0.deleted_date,
        ue1_0.description,
        ue1_0.exam_date,
        ue1_0.exam_name,
        ue1_0.exam_type,
        ue1_0.grade_code,
        ue1_0.grade_name,
        ue1_0.pdf_generated_at,
        ue1_0.pdf_url,
        ue1_0.term_code,
        ue1_0.term_name,
        ue1_0.time_limit,
        ue1_0.total_items,
        ue1_0.total_points,
        ue1_0.updated_by,
        ue1_0.updated_date,
        ue1_0.visibility 
    from
        user_exams ue1_0 
    where
        (
            ue1_0.deleted_date IS NULL
        ) 
        and ue1_0.area_code=? 
        and ue1_0.deleted_date is null 
    order by
        ue1_0.updated_date desc
-Hibernate: 
    select
        ue1_0.exam_id,
        ue1_0.answer_pdf_url,
        ue1_0.area_code,
        ue1_0.area_name,
        ue1_0.class_id,
        ue1_0.created_by,
        ue1_0.created_date,
        ue1_0.deleted_by,
        ue1_0.deleted_date,
        ue1_0.description,
        ue1_0.exam_date,
        ue1_0.exam_name,
        ue1_0.exam_type,
        ue1_0.grade_code,
        ue1_0.grade_name,
        ue1_0.pdf_generated_at,
        ue1_0.pdf_url,
        ue1_0.term_code,
        ue1_0.term_name,
        ue1_0.time_limit,
        ue1_0.total_items,
        ue1_0.total_points,
        ue1_0.updated_by,
        ue1_0.updated_date,
        ue1_0.visibility 
    from
        user_exams ue1_0 
    where
        (
            ue1_0.deleted_date IS NULL
        ) 
        and ue1_0.area_code=? 
        and ue1_0.deleted_date is null 
    order by
        ue1_0.updated_date desc
2025-08-17 02:07:00.715 -DEBUG 30417 --- [nio-8080-exec-4] o.s.w.s.m.m.a.HttpEntityMethodProcessor  : Using 'application/json', given [application/json, text/plain, */*] and supported [application/json, application/*+json, application/yaml]
-2025-08-17 02:07:00.715 -DEBUG 30417 --- [nio-8080-exec-4] o.s.w.s.m.m.a.HttpEntityMethodProcessor  : Writing [com.pullit.common.dto.response.ApiResponse@71952761]
-2025-08-17 02:07:00.720 -DEBUG 30417 --- [nio-8080-exec-5] s.w.s.m.m.a.RequestMappingHandlerMapping : Mapped to com.pullit.exam.controller.ExamController#getExamCounts(String, String, String, String)
-=== buildSearchPredicate 시작 ===
areaCode: KO
gradeCode: null
termCode: null
과목 필터 적용: KO
최종 조건: subject.area.code = KO
2025-08-17 02:07:00.735 -DEBUG 30417 --- [nio-8080-exec-5] org.hibernate.SQL                        : 
    select
        e1_0.exam_id,
        e1_0.created_by,
        e1_0.created_date,
        e1_0.exam_name,
        e1_0.file_url,
        e1_0.is_public,
        e1_0.item_count,
        e1_0.large_chapter_id,
        e1_0.large_chapter_name,
        e1_0.preview_url,
        s1_0.subject_id,
        s1_0.area_code,
        s1_0.area_name,
        s1_0.curriculum_code,
        s1_0.curriculum_name,
        s1_0.grade_code,
        s1_0.grade_name,
        s1_0.school_level_code,
        s1_0.school_level_name,
        s1_0.subject_name,
        s1_0.subject_thumbnail,
        s1_0.term_code,
        s1_0.term_name,
        e1_0.updated_by,
        e1_0.updated_date,
        e1_0.visibility 
    from
        exams e1_0 
    left join
        subjects s1_0 
            on s1_0.subject_id=e1_0.subject_id 
    where
        s1_0.area_code=? 
    order by
        e1_0.created_date desc
-Hibernate: 
    select
        e1_0.exam_id,
        e1_0.created_by,
        e1_0.created_date,
        e1_0.exam_name,
        e1_0.file_url,
        e1_0.is_public,
        e1_0.item_count,
        e1_0.large_chapter_id,
        e1_0.large_chapter_name,
        e1_0.preview_url,
        s1_0.subject_id,
        s1_0.area_code,
        s1_0.area_name,
        s1_0.curriculum_code,
        s1_0.curriculum_name,
        s1_0.grade_code,
        s1_0.grade_name,
        s1_0.school_level_code,
        s1_0.school_level_name,
        s1_0.subject_name,
        s1_0.subject_thumbnail,
        s1_0.term_code,
        s1_0.term_name,
        e1_0.updated_by,
        e1_0.updated_date,
        e1_0.visibility 
    from
        exams e1_0 
    left join
        subjects s1_0 
            on s1_0.subject_id=e1_0.subject_id 
    where
        s1_0.area_code=? 
    order by
        e1_0.created_date desc
2025-08-17 02:07:00.760 -DEBUG 30417 --- [nio-8080-exec-5] org.hibernate.SQL                        : 
    select
        ue1_0.exam_id,
        ue1_0.answer_pdf_url,
        ue1_0.area_code,
        ue1_0.area_name,
        ue1_0.class_id,
        ue1_0.created_by,
        ue1_0.created_date,
        ue1_0.deleted_by,
        ue1_0.deleted_date,
        ue1_0.description,
        ue1_0.exam_date,
        ue1_0.exam_name,
        ue1_0.exam_type,
        ue1_0.grade_code,
        ue1_0.grade_name,
        ue1_0.pdf_generated_at,
        ue1_0.pdf_url,
        ue1_0.term_code,
        ue1_0.term_name,
        ue1_0.time_limit,
        ue1_0.total_items,
        ue1_0.total_points,
        ue1_0.updated_by,
        ue1_0.updated_date,
        ue1_0.visibility 
    from
        user_exams ue1_0 
    where
        (
            ue1_0.deleted_date IS NULL
        ) 
        and ue1_0.area_code=? 
        and ue1_0.deleted_date is null 
    order by
        ue1_0.updated_date desc
-Hibernate: 
    select
        ue1_0.exam_id,
        ue1_0.answer_pdf_url,
        ue1_0.area_code,
        ue1_0.area_name,
        ue1_0.class_id,
        ue1_0.created_by,
        ue1_0.created_date,
        ue1_0.deleted_by,
        ue1_0.deleted_date,
        ue1_0.description,
        ue1_0.exam_date,
        ue1_0.exam_name,
        ue1_0.exam_type,
        ue1_0.grade_code,
        ue1_0.grade_name,
        ue1_0.pdf_generated_at,
        ue1_0.pdf_url,
        ue1_0.term_code,
        ue1_0.term_name,
        ue1_0.time_limit,
        ue1_0.total_items,
        ue1_0.total_points,
        ue1_0.updated_by,
        ue1_0.updated_date,
        ue1_0.visibility 
    from
        user_exams ue1_0 
    where
        (
            ue1_0.deleted_date IS NULL
        ) 
        and ue1_0.area_code=? 
        and ue1_0.deleted_date is null 
    order by
        ue1_0.updated_date desc
2025-08-17 02:07:00.792 -DEBUG 30417 --- [nio-8080-exec-5] o.s.w.s.m.m.a.HttpEntityMethodProcessor  : Using 'application/json', given [application/json, text/plain, */*] and supported [application/json, application/*+json, application/yaml]
-2025-08-17 02:07:00.792 -DEBUG 30417 --- [nio-8080-exec-5] o.s.w.s.m.m.a.HttpEntityMethodProcessor  : Writing [com.pullit.common.dto.response.ApiResponse@18c9e8ef]
-2025-08-17 02:07:00.794 -DEBUG 30417 --- [nio-8080-exec-6] s.w.s.m.m.a.RequestMappingHandlerMapping : Mapped to com.pullit.exam.controller.ExamController#getExamCounts(String, String, String, String)
-=== buildSearchPredicate 시작 ===
areaCode: EN
gradeCode: null
termCode: null
과목 필터 적용: EN
최종 조건: subject.area.code = EN
2025-08-17 02:07:00.810 -DEBUG 30417 --- [nio-8080-exec-6] org.hibernate.SQL                        : 
    select
        e1_0.exam_id,
        e1_0.created_by,
        e1_0.created_date,
        e1_0.exam_name,
        e1_0.file_url,
        e1_0.is_public,
        e1_0.item_count,
        e1_0.large_chapter_id,
        e1_0.large_chapter_name,
        e1_0.preview_url,
        s1_0.subject_id,
        s1_0.area_code,
        s1_0.area_name,
        s1_0.curriculum_code,
        s1_0.curriculum_name,
        s1_0.grade_code,
        s1_0.grade_name,
        s1_0.school_level_code,
        s1_0.school_level_name,
        s1_0.subject_name,
        s1_0.subject_thumbnail,
        s1_0.term_code,
        s1_0.term_name,
        e1_0.updated_by,
        e1_0.updated_date,
        e1_0.visibility 
    from
        exams e1_0 
    left join
        subjects s1_0 
            on s1_0.subject_id=e1_0.subject_id 
    where
        s1_0.area_code=? 
    order by
        e1_0.created_date desc
-Hibernate: 
    select
        e1_0.exam_id,
        e1_0.created_by,
        e1_0.created_date,
        e1_0.exam_name,
        e1_0.file_url,
        e1_0.is_public,
        e1_0.item_count,
        e1_0.large_chapter_id,
        e1_0.large_chapter_name,
        e1_0.preview_url,
        s1_0.subject_id,
        s1_0.area_code,
        s1_0.area_name,
        s1_0.curriculum_code,
        s1_0.curriculum_name,
        s1_0.grade_code,
        s1_0.grade_name,
        s1_0.school_level_code,
        s1_0.school_level_name,
        s1_0.subject_name,
        s1_0.subject_thumbnail,
        s1_0.term_code,
        s1_0.term_name,
        e1_0.updated_by,
        e1_0.updated_date,
        e1_0.visibility 
    from
        exams e1_0 
    left join
        subjects s1_0 
            on s1_0.subject_id=e1_0.subject_id 
    where
        s1_0.area_code=? 
    order by
        e1_0.created_date desc
2025-08-17 02:07:00.827 -DEBUG 30417 --- [nio-8080-exec-6] org.hibernate.SQL                        : 
    select
        ue1_0.exam_id,
        ue1_0.answer_pdf_url,
        ue1_0.area_code,
        ue1_0.area_name,
        ue1_0.class_id,
        ue1_0.created_by,
        ue1_0.created_date,
        ue1_0.deleted_by,
        ue1_0.deleted_date,
        ue1_0.description,
        ue1_0.exam_date,
        ue1_0.exam_name,
        ue1_0.exam_type,
        ue1_0.grade_code,
        ue1_0.grade_name,
        ue1_0.pdf_generated_at,
        ue1_0.pdf_url,
        ue1_0.term_code,
        ue1_0.term_name,
        ue1_0.time_limit,
        ue1_0.total_items,
        ue1_0.total_points,
        ue1_0.updated_by,
        ue1_0.updated_date,
        ue1_0.visibility 
    from
        user_exams ue1_0 
    where
        (
            ue1_0.deleted_date IS NULL
        ) 
        and ue1_0.area_code=? 
        and ue1_0.deleted_date is null 
    order by
        ue1_0.updated_date desc
-Hibernate: 
    select
        ue1_0.exam_id,
        ue1_0.answer_pdf_url,
        ue1_0.area_code,
        ue1_0.area_name,
        ue1_0.class_id,
        ue1_0.created_by,
        ue1_0.created_date,
        ue1_0.deleted_by,
        ue1_0.deleted_date,
        ue1_0.description,
        ue1_0.exam_date,
        ue1_0.exam_name,
        ue1_0.exam_type,
        ue1_0.grade_code,
        ue1_0.grade_name,
        ue1_0.pdf_generated_at,
        ue1_0.pdf_url,
        ue1_0.term_code,
        ue1_0.term_name,
        ue1_0.time_limit,
        ue1_0.total_items,
        ue1_0.total_points,
        ue1_0.updated_by,
        ue1_0.updated_date,
        ue1_0.visibility 
    from
        user_exams ue1_0 
    where
        (
            ue1_0.deleted_date IS NULL
        ) 
        and ue1_0.area_code=? 
        and ue1_0.deleted_date is null 
    order by
        ue1_0.updated_date desc
2025-08-17 02:07:00.858 -DEBUG 30417 --- [nio-8080-exec-6] o.s.w.s.m.m.a.HttpEntityMethodProcessor  : Using 'application/json', given [application/json, text/plain, */*] and supported [application/json, application/*+json, application/yaml]
-2025-08-17 02:07:00.858 -DEBUG 30417 --- [nio-8080-exec-6] o.s.w.s.m.m.a.HttpEntityMethodProcessor  : Writing [com.pullit.common.dto.response.ApiResponse@784dc3c2]
-2025-08-17 02:07:00.860 -DEBUG 30417 --- [nio-8080-exec-7] s.w.s.m.m.a.RequestMappingHandlerMapping : Mapped to com.pullit.exam.controller.ExamController#getExamCounts(String, String, String, String)
-=== buildSearchPredicate 시작 ===
areaCode: SC
gradeCode: null
termCode: null
과목 필터 적용: SC
최종 조건: subject.area.code = SC
2025-08-17 02:07:00.875 -DEBUG 30417 --- [nio-8080-exec-7] org.hibernate.SQL                        : 
    select
        e1_0.exam_id,
        e1_0.created_by,
        e1_0.created_date,
        e1_0.exam_name,
        e1_0.file_url,
        e1_0.is_public,
        e1_0.item_count,
        e1_0.large_chapter_id,
        e1_0.large_chapter_name,
        e1_0.preview_url,
        s1_0.subject_id,
        s1_0.area_code,
        s1_0.area_name,
        s1_0.curriculum_code,
        s1_0.curriculum_name,
        s1_0.grade_code,
        s1_0.grade_name,
        s1_0.school_level_code,
        s1_0.school_level_name,
        s1_0.subject_name,
        s1_0.subject_thumbnail,
        s1_0.term_code,
        s1_0.term_name,
        e1_0.updated_by,
        e1_0.updated_date,
        e1_0.visibility 
    from
        exams e1_0 
    left join
        subjects s1_0 
            on s1_0.subject_id=e1_0.subject_id 
    where
        s1_0.area_code=? 
    order by
        e1_0.created_date desc
-Hibernate: 
    select
        e1_0.exam_id,
        e1_0.created_by,
        e1_0.created_date,
        e1_0.exam_name,
        e1_0.file_url,
        e1_0.is_public,
        e1_0.item_count,
        e1_0.large_chapter_id,
        e1_0.large_chapter_name,
        e1_0.preview_url,
        s1_0.subject_id,
        s1_0.area_code,
        s1_0.area_name,
        s1_0.curriculum_code,
        s1_0.curriculum_name,
        s1_0.grade_code,
        s1_0.grade_name,
        s1_0.school_level_code,
        s1_0.school_level_name,
        s1_0.subject_name,
        s1_0.subject_thumbnail,
        s1_0.term_code,
        s1_0.term_name,
        e1_0.updated_by,
        e1_0.updated_date,
        e1_0.visibility 
    from
        exams e1_0 
    left join
        subjects s1_0 
            on s1_0.subject_id=e1_0.subject_id 
    where
        s1_0.area_code=? 
    order by
        e1_0.created_date desc
2025-08-17 02:07:00.890 -DEBUG 30417 --- [nio-8080-exec-7] org.hibernate.SQL                        : 
    select
        ue1_0.exam_id,
        ue1_0.answer_pdf_url,
        ue1_0.area_code,
        ue1_0.area_name,
        ue1_0.class_id,
        ue1_0.created_by,
        ue1_0.created_date,
        ue1_0.deleted_by,
        ue1_0.deleted_date,
        ue1_0.description,
        ue1_0.exam_date,
        ue1_0.exam_name,
        ue1_0.exam_type,
        ue1_0.grade_code,
        ue1_0.grade_name,
        ue1_0.pdf_generated_at,
        ue1_0.pdf_url,
        ue1_0.term_code,
        ue1_0.term_name,
        ue1_0.time_limit,
        ue1_0.total_items,
        ue1_0.total_points,
        ue1_0.updated_by,
        ue1_0.updated_date,
        ue1_0.visibility 
    from
        user_exams ue1_0 
    where
        (
            ue1_0.deleted_date IS NULL
        ) 
        and ue1_0.area_code=? 
        and ue1_0.deleted_date is null 
    order by
        ue1_0.updated_date desc
-Hibernate: 
    select
        ue1_0.exam_id,
        ue1_0.answer_pdf_url,
        ue1_0.area_code,
        ue1_0.area_name,
        ue1_0.class_id,
        ue1_0.created_by,
        ue1_0.created_date,
        ue1_0.deleted_by,
        ue1_0.deleted_date,
        ue1_0.description,
        ue1_0.exam_date,
        ue1_0.exam_name,
        ue1_0.exam_type,
        ue1_0.grade_code,
        ue1_0.grade_name,
        ue1_0.pdf_generated_at,
        ue1_0.pdf_url,
        ue1_0.term_code,
        ue1_0.term_name,
        ue1_0.time_limit,
        ue1_0.total_items,
        ue1_0.total_points,
        ue1_0.updated_by,
        ue1_0.updated_date,
        ue1_0.visibility 
    from
        user_exams ue1_0 
    where
        (
            ue1_0.deleted_date IS NULL
        ) 
        and ue1_0.area_code=? 
        and ue1_0.deleted_date is null 
    order by
        ue1_0.updated_date desc
2025-08-17 02:07:00.921 -DEBUG 30417 --- [nio-8080-exec-7] o.s.w.s.m.m.a.HttpEntityMethodProcessor  : Using 'application/json', given [application/json, text/plain, */*] and supported [application/json, application/*+json, application/yaml]
-2025-08-17 02:07:00.922 -DEBUG 30417 --- [nio-8080-exec-7] o.s.w.s.m.m.a.HttpEntityMethodProcessor  : Writing [com.pullit.common.dto.response.ApiResponse@57f39eff]
-2025-08-17 02:07:00.924 -DEBUG 30417 --- [nio-8080-exec-8] s.w.s.m.m.a.RequestMappingHandlerMapping : Mapped to com.pullit.exam.controller.ExamController#getExamCounts(String, String, String, String)
-=== buildSearchPredicate 시작 ===
areaCode: SO
gradeCode: null
termCode: null
과목 필터 적용: SO
최종 조건: subject.area.code = SO
2025-08-17 02:07:00.939 -DEBUG 30417 --- [nio-8080-exec-8] org.hibernate.SQL                        : 
    select
        e1_0.exam_id,
        e1_0.created_by,
        e1_0.created_date,
        e1_0.exam_name,
        e1_0.file_url,
        e1_0.is_public,
        e1_0.item_count,
        e1_0.large_chapter_id,
        e1_0.large_chapter_name,
        e1_0.preview_url,
        s1_0.subject_id,
        s1_0.area_code,
        s1_0.area_name,
        s1_0.curriculum_code,
        s1_0.curriculum_name,
        s1_0.grade_code,
        s1_0.grade_name,
        s1_0.school_level_code,
        s1_0.school_level_name,
        s1_0.subject_name,
        s1_0.subject_thumbnail,
        s1_0.term_code,
        s1_0.term_name,
        e1_0.updated_by,
        e1_0.updated_date,
        e1_0.visibility 
    from
        exams e1_0 
    left join
        subjects s1_0 
            on s1_0.subject_id=e1_0.subject_id 
    where
        s1_0.area_code=? 
    order by
        e1_0.created_date desc
-Hibernate: 
    select
        e1_0.exam_id,
        e1_0.created_by,
        e1_0.created_date,
        e1_0.exam_name,
        e1_0.file_url,
        e1_0.is_public,
        e1_0.item_count,
        e1_0.large_chapter_id,
        e1_0.large_chapter_name,
        e1_0.preview_url,
        s1_0.subject_id,
        s1_0.area_code,
        s1_0.area_name,
        s1_0.curriculum_code,
        s1_0.curriculum_name,
        s1_0.grade_code,
        s1_0.grade_name,
        s1_0.school_level_code,
        s1_0.school_level_name,
        s1_0.subject_name,
        s1_0.subject_thumbnail,
        s1_0.term_code,
        s1_0.term_name,
        e1_0.updated_by,
        e1_0.updated_date,
        e1_0.visibility 
    from
        exams e1_0 
    left join
        subjects s1_0 
            on s1_0.subject_id=e1_0.subject_id 
    where
        s1_0.area_code=? 
    order by
        e1_0.created_date desc
2025-08-17 02:07:00.959 -DEBUG 30417 --- [nio-8080-exec-8] org.hibernate.SQL                        : 
    select
        ue1_0.exam_id,
        ue1_0.answer_pdf_url,
        ue1_0.area_code,
        ue1_0.area_name,
        ue1_0.class_id,
        ue1_0.created_by,
        ue1_0.created_date,
        ue1_0.deleted_by,
        ue1_0.deleted_date,
        ue1_0.description,
        ue1_0.exam_date,
        ue1_0.exam_name,
        ue1_0.exam_type,
        ue1_0.grade_code,
        ue1_0.grade_name,
        ue1_0.pdf_generated_at,
        ue1_0.pdf_url,
        ue1_0.term_code,
        ue1_0.term_name,
        ue1_0.time_limit,
        ue1_0.total_items,
        ue1_0.total_points,
        ue1_0.updated_by,
        ue1_0.updated_date,
        ue1_0.visibility 
    from
        user_exams ue1_0 
    where
        (
            ue1_0.deleted_date IS NULL
        ) 
        and ue1_0.area_code=? 
        and ue1_0.deleted_date is null 
    order by
        ue1_0.updated_date desc
-Hibernate: 
    select
        ue1_0.exam_id,
        ue1_0.answer_pdf_url,
        ue1_0.area_code,
        ue1_0.area_name,
        ue1_0.class_id,
        ue1_0.created_by,
        ue1_0.created_date,
        ue1_0.deleted_by,
        ue1_0.deleted_date,
        ue1_0.description,
        ue1_0.exam_date,
        ue1_0.exam_name,
        ue1_0.exam_type,
        ue1_0.grade_code,
        ue1_0.grade_name,
        ue1_0.pdf_generated_at,
        ue1_0.pdf_url,
        ue1_0.term_code,
        ue1_0.term_name,
        ue1_0.time_limit,
        ue1_0.total_items,
        ue1_0.total_points,
        ue1_0.updated_by,
        ue1_0.updated_date,
        ue1_0.visibility 
    from
        user_exams ue1_0 
    where
        (
            ue1_0.deleted_date IS NULL
        ) 
        and ue1_0.area_code=? 
        and ue1_0.deleted_date is null 
    order by
        ue1_0.updated_date desc
2025-08-17 02:07:00.990 -DEBUG 30417 --- [nio-8080-exec-8] o.s.w.s.m.m.a.HttpEntityMethodProcessor  : Using 'application/json', given [application/json, text/plain, */*] and supported [application/json, application/*+json, application/yaml]
-2025-08-17 02:07:00.991 -DEBUG 30417 --- [nio-8080-exec-8] o.s.w.s.m.m.a.HttpEntityMethodProcessor  : Writing [com.pullit.common.dto.response.ApiResponse@50133298]
-2025-08-17 02:07:00.993 -DEBUG 30417 --- [nio-8080-exec-9] s.w.s.m.m.a.RequestMappingHandlerMapping : Mapped to com.pullit.exam.controller.ExamController#getExamCounts(String, String, String, String)
-=== buildSearchPredicate 시작 ===
areaCode: HS
gradeCode: null
termCode: null
과목 필터 적용: HS
최종 조건: subject.area.code = HS
2025-08-17 02:07:01.011 -DEBUG 30417 --- [nio-8080-exec-9] org.hibernate.SQL                        : 
    select
        e1_0.exam_id,
        e1_0.created_by,
        e1_0.created_date,
        e1_0.exam_name,
        e1_0.file_url,
        e1_0.is_public,
        e1_0.item_count,
        e1_0.large_chapter_id,
        e1_0.large_chapter_name,
        e1_0.preview_url,
        s1_0.subject_id,
        s1_0.area_code,
        s1_0.area_name,
        s1_0.curriculum_code,
        s1_0.curriculum_name,
        s1_0.grade_code,
        s1_0.grade_name,
        s1_0.school_level_code,
        s1_0.school_level_name,
        s1_0.subject_name,
        s1_0.subject_thumbnail,
        s1_0.term_code,
        s1_0.term_name,
        e1_0.updated_by,
        e1_0.updated_date,
        e1_0.visibility 
    from
        exams e1_0 
    left join
        subjects s1_0 
            on s1_0.subject_id=e1_0.subject_id 
    where
        s1_0.area_code=? 
    order by
        e1_0.created_date desc
-Hibernate: 
    select
        e1_0.exam_id,
        e1_0.created_by,
        e1_0.created_date,
        e1_0.exam_name,
        e1_0.file_url,
        e1_0.is_public,
        e1_0.item_count,
        e1_0.large_chapter_id,
        e1_0.large_chapter_name,
        e1_0.preview_url,
        s1_0.subject_id,
        s1_0.area_code,
        s1_0.area_name,
        s1_0.curriculum_code,
        s1_0.curriculum_name,
        s1_0.grade_code,
        s1_0.grade_name,
        s1_0.school_level_code,
        s1_0.school_level_name,
        s1_0.subject_name,
        s1_0.subject_thumbnail,
        s1_0.term_code,
        s1_0.term_name,
        e1_0.updated_by,
        e1_0.updated_date,
        e1_0.visibility 
    from
        exams e1_0 
    left join
        subjects s1_0 
            on s1_0.subject_id=e1_0.subject_id 
    where
        s1_0.area_code=? 
    order by
        e1_0.created_date desc
2025-08-17 02:07:01.030 -DEBUG 30417 --- [nio-8080-exec-9] org.hibernate.SQL                        : 
    select
        ue1_0.exam_id,
        ue1_0.answer_pdf_url,
        ue1_0.area_code,
        ue1_0.area_name,
        ue1_0.class_id,
        ue1_0.created_by,
        ue1_0.created_date,
        ue1_0.deleted_by,
        ue1_0.deleted_date,
        ue1_0.description,
        ue1_0.exam_date,
        ue1_0.exam_name,
        ue1_0.exam_type,
        ue1_0.grade_code,
        ue1_0.grade_name,
        ue1_0.pdf_generated_at,
        ue1_0.pdf_url,
        ue1_0.term_code,
        ue1_0.term_name,
        ue1_0.time_limit,
        ue1_0.total_items,
        ue1_0.total_points,
        ue1_0.updated_by,
        ue1_0.updated_date,
        ue1_0.visibility 
    from
        user_exams ue1_0 
    where
        (
            ue1_0.deleted_date IS NULL
        ) 
        and ue1_0.area_code=? 
        and ue1_0.deleted_date is null 
    order by
        ue1_0.updated_date desc
-Hibernate: 
    select
        ue1_0.exam_id,
        ue1_0.answer_pdf_url,
        ue1_0.area_code,
        ue1_0.area_name,
        ue1_0.class_id,
        ue1_0.created_by,
        ue1_0.created_date,
        ue1_0.deleted_by,
        ue1_0.deleted_date,
        ue1_0.description,
        ue1_0.exam_date,
        ue1_0.exam_name,
        ue1_0.exam_type,
        ue1_0.grade_code,
        ue1_0.grade_name,
        ue1_0.pdf_generated_at,
        ue1_0.pdf_url,
        ue1_0.term_code,
        ue1_0.term_name,
        ue1_0.time_limit,
        ue1_0.total_items,
        ue1_0.total_points,
        ue1_0.updated_by,
        ue1_0.updated_date,
        ue1_0.visibility 
    from
        user_exams ue1_0 
    where
        (
            ue1_0.deleted_date IS NULL
        ) 
        and ue1_0.area_code=? 
        and ue1_0.deleted_date is null 
    order by
        ue1_0.updated_date desc
2025-08-17 02:07:01.061 -DEBUG 30417 --- [nio-8080-exec-9] o.s.w.s.m.m.a.HttpEntityMethodProcessor  : Using 'application/json', given [application/json, text/plain, */*] and supported [application/json, application/*+json, application/yaml]
-2025-08-17 02:07:01.061 -DEBUG 30417 --- [nio-8080-exec-9] o.s.w.s.m.m.a.HttpEntityMethodProcessor  : Writing [com.pullit.common.dto.response.ApiResponse@3bf0e55a]
-2025-08-17 02:07:01.063 -DEBUG 30417 --- [io-8080-exec-10] s.w.s.m.m.a.RequestMappingHandlerMapping : Mapped to com.pullit.exam.controller.ExamController#getExamCounts(String, String, String, String)
-=== buildSearchPredicate 시작 ===
areaCode: MO
gradeCode: null
termCode: null
과목 필터 적용: MO
최종 조건: subject.area.code = MO
2025-08-17 02:07:01.078 -DEBUG 30417 --- [io-8080-exec-10] org.hibernate.SQL                        : 
    select
        e1_0.exam_id,
        e1_0.created_by,
        e1_0.created_date,
        e1_0.exam_name,
        e1_0.file_url,
        e1_0.is_public,
        e1_0.item_count,
        e1_0.large_chapter_id,
        e1_0.large_chapter_name,
        e1_0.preview_url,
        s1_0.subject_id,
        s1_0.area_code,
        s1_0.area_name,
        s1_0.curriculum_code,
        s1_0.curriculum_name,
        s1_0.grade_code,
        s1_0.grade_name,
        s1_0.school_level_code,
        s1_0.school_level_name,
        s1_0.subject_name,
        s1_0.subject_thumbnail,
        s1_0.term_code,
        s1_0.term_name,
        e1_0.updated_by,
        e1_0.updated_date,
        e1_0.visibility 
    from
        exams e1_0 
    left join
        subjects s1_0 
            on s1_0.subject_id=e1_0.subject_id 
    where
        s1_0.area_code=? 
    order by
        e1_0.created_date desc
-Hibernate: 
    select
        e1_0.exam_id,
        e1_0.created_by,
        e1_0.created_date,
        e1_0.exam_name,
        e1_0.file_url,
        e1_0.is_public,
        e1_0.item_count,
        e1_0.large_chapter_id,
        e1_0.large_chapter_name,
        e1_0.preview_url,
        s1_0.subject_id,
        s1_0.area_code,
        s1_0.area_name,
        s1_0.curriculum_code,
        s1_0.curriculum_name,
        s1_0.grade_code,
        s1_0.grade_name,
        s1_0.school_level_code,
        s1_0.school_level_name,
        s1_0.subject_name,
        s1_0.subject_thumbnail,
        s1_0.term_code,
        s1_0.term_name,
        e1_0.updated_by,
        e1_0.updated_date,
        e1_0.visibility 
    from
        exams e1_0 
    left join
        subjects s1_0 
            on s1_0.subject_id=e1_0.subject_id 
    where
        s1_0.area_code=? 
    order by
        e1_0.created_date desc
2025-08-17 02:07:01.089 -DEBUG 30417 --- [io-8080-exec-10] org.hibernate.SQL                        : 
    select
        ue1_0.exam_id,
        ue1_0.answer_pdf_url,
        ue1_0.area_code,
        ue1_0.area_name,
        ue1_0.class_id,
        ue1_0.created_by,
        ue1_0.created_date,
        ue1_0.deleted_by,
        ue1_0.deleted_date,
        ue1_0.description,
        ue1_0.exam_date,
        ue1_0.exam_name,
        ue1_0.exam_type,
        ue1_0.grade_code,
        ue1_0.grade_name,
        ue1_0.pdf_generated_at,
        ue1_0.pdf_url,
        ue1_0.term_code,
        ue1_0.term_name,
        ue1_0.time_limit,
        ue1_0.total_items,
        ue1_0.total_points,
        ue1_0.updated_by,
        ue1_0.updated_date,
        ue1_0.visibility 
    from
        user_exams ue1_0 
    where
        (
            ue1_0.deleted_date IS NULL
        ) 
        and ue1_0.area_code=? 
        and ue1_0.deleted_date is null 
    order by
        ue1_0.updated_date desc
-Hibernate: 
    select
        ue1_0.exam_id,
        ue1_0.answer_pdf_url,
        ue1_0.area_code,
        ue1_0.area_name,
        ue1_0.class_id,
        ue1_0.created_by,
        ue1_0.created_date,
        ue1_0.deleted_by,
        ue1_0.deleted_date,
        ue1_0.description,
        ue1_0.exam_date,
        ue1_0.exam_name,
        ue1_0.exam_type,
        ue1_0.grade_code,
        ue1_0.grade_name,
        ue1_0.pdf_generated_at,
        ue1_0.pdf_url,
        ue1_0.term_code,
        ue1_0.term_name,
        ue1_0.time_limit,
        ue1_0.total_items,
        ue1_0.total_points,
        ue1_0.updated_by,
        ue1_0.updated_date,
        ue1_0.visibility 
    from
        user_exams ue1_0 
    where
        (
            ue1_0.deleted_date IS NULL
        ) 
        and ue1_0.area_code=? 
        and ue1_0.deleted_date is null 
    order by
        ue1_0.updated_date desc
2025-08-17 02:07:01.120 -DEBUG 30417 --- [io-8080-exec-10] o.s.w.s.m.m.a.HttpEntityMethodProcessor  : Using 'application/json', given [application/json, text/plain, */*] and supported [application/json, application/*+json, application/yaml]
-2025-08-17 02:07:01.120 -DEBUG 30417 --- [io-8080-exec-10] o.s.w.s.m.m.a.HttpEntityMethodProcessor  : Writing [com.pullit.common.dto.response.ApiResponse@1bb626bd]
-2025-08-17 02:07:01.584 -DEBUG 30417 --- [nio-8080-exec-1] s.w.s.m.m.a.RequestMappingHandlerMapping : Mapped to com.pullit.exam.controller.ExamController#searchExams(ExamSearchRequest)
-2025-08-17 02:07:01.585 - INFO 30417 --- [nio-8080-exec-1] c.pullit.exam.controller.ExamController  : 시험지 검색 요청: ExamSearchRequest(query=null, keyword=, schoolLevel=null, grade=null, gradeCode=, term=null, termCode=01, subjects=null, areaCode=MA, chapters=null, minItems=null, maxItems=null, visibility=null, recentlyUpdated=null, myExams=null, schoolExams=null, publicExams=null, includeSystemExams=true, includeUserExams=true, sortBy=relevance, sortDirection=DESC, popularPeriod=null, page=0, size=20, hasPdf=null, hasAnswerPdf=null, pdfGeneratedFrom=null, pdfGeneratedTo=null, minTimeLimit=null, maxTimeLimit=null, examDateFrom=null, examDateTo=null, onlyTrending=null, minUseCount=null, minRating=null)
-2025-08-17 02:07:01.586 - INFO 30417 --- [nio-8080-exec-1] c.pullit.exam.controller.ExamController  : 검색 파라미터 - areaCode: MA, gradeCode: , termCode: 01, keyword: 
-2025-08-17 02:07:01.586 - INFO 30417 --- [nio-8080-exec-1] c.pullit.exam.controller.ExamController  : Include flags - system: true, user: true
-2025-08-17 02:07:01.605 - INFO 30417 --- [nio-8080-exec-1] com.pullit.exam.service.ExamService      : searchAllExams 시작 - areaCode: MA, includeSystem: true, includeUser: true
-=== ExamRepository searchExams 시작 ===
Request: ExamSearchRequest(query=null, keyword=, schoolLevel=null, grade=null, gradeCode=, term=null, termCode=01, subjects=null, areaCode=MA, chapters=null, minItems=null, maxItems=null, visibility=null, recentlyUpdated=null, myExams=null, schoolExams=null, publicExams=null, includeSystemExams=true, includeUserExams=true, sortBy=relevance, sortDirection=DESC, popularPeriod=null, page=0, size=20, hasPdf=null, hasAnswerPdf=null, pdfGeneratedFrom=null, pdfGeneratedTo=null, minTimeLimit=null, maxTimeLimit=null, examDateFrom=null, examDateTo=null, onlyTrending=null, minUseCount=null, minRating=null)
areaCode: MA
gradeCode: 
termCode: 01
Pageable - page: 0, size: 40
=== buildSearchPredicate 시작 ===
areaCode: MA
gradeCode: 
termCode: 01
과목 필터 적용: MA
학기 필터 적용: 01
최종 조건: subject.area.code = MA && subject.term.code = 01
적용할 조건: subject.area.code = MA && subject.term.code = 01
2025-08-17 02:07:01.606 -DEBUG 30417 --- [nio-8080-exec-1] org.hibernate.SQL                        : 
    select
        e1_0.exam_id,
        e1_0.created_by,
        e1_0.created_date,
        e1_0.exam_name,
        e1_0.file_url,
        e1_0.is_public,
        e1_0.item_count,
        e1_0.large_chapter_id,
        e1_0.large_chapter_name,
        e1_0.preview_url,
        s1_0.subject_id,
        s1_0.area_code,
        s1_0.area_name,
        s1_0.curriculum_code,
        s1_0.curriculum_name,
        s1_0.grade_code,
        s1_0.grade_name,
        s1_0.school_level_code,
        s1_0.school_level_name,
        s1_0.subject_name,
        s1_0.subject_thumbnail,
        s1_0.term_code,
        s1_0.term_name,
        e1_0.updated_by,
        e1_0.updated_date,
        e1_0.visibility 
    from
        exams e1_0 
    left join
        subjects s1_0 
            on s1_0.subject_id=e1_0.subject_id 
    where
        s1_0.area_code=? 
        and s1_0.term_code=? 
    order by
        e1_0.created_date desc 
    limit
        ?, ?
-Hibernate: 
    select
        e1_0.exam_id,
        e1_0.created_by,
        e1_0.created_date,
        e1_0.exam_name,
        e1_0.file_url,
        e1_0.is_public,
        e1_0.item_count,
        e1_0.large_chapter_id,
        e1_0.large_chapter_name,
        e1_0.preview_url,
        s1_0.subject_id,
        s1_0.area_code,
        s1_0.area_name,
        s1_0.curriculum_code,
        s1_0.curriculum_name,
        s1_0.grade_code,
        s1_0.grade_name,
        s1_0.school_level_code,
        s1_0.school_level_name,
        s1_0.subject_name,
        s1_0.subject_thumbnail,
        s1_0.term_code,
        s1_0.term_name,
        e1_0.updated_by,
        e1_0.updated_date,
        e1_0.visibility 
    from
        exams e1_0 
    left join
        subjects s1_0 
            on s1_0.subject_id=e1_0.subject_id 
    where
        s1_0.area_code=? 
        and s1_0.term_code=? 
    order by
        e1_0.created_date desc 
    limit
        ?, ?
=== 조회 결과 ===
조회된 시험지 수: 0
2025-08-17 02:07:01.614 -DEBUG 30417 --- [nio-8080-exec-1] org.hibernate.SQL                        : 
    select
        count(e1_0.exam_id) 
    from
        exams e1_0 
    left join
        subjects s1_0 
            on s1_0.subject_id=e1_0.subject_id 
    where
        s1_0.area_code=? 
        and s1_0.term_code=?
-Hibernate: 
    select
        count(e1_0.exam_id) 
    from
        exams e1_0 
    left join
        subjects s1_0 
            on s1_0.subject_id=e1_0.subject_id 
    where
        s1_0.area_code=? 
        and s1_0.term_code=?
전체 시험지 수: 0
=== ExamRepository searchExams 종료 ===

2025-08-17 02:07:01.622 - INFO 30417 --- [nio-8080-exec-1] com.pullit.exam.service.ExamService      : 시스템 시험지 검색 결과: 0개 (전체: 0개)
-2025-08-17 02:07:01.622 -DEBUG 30417 --- [nio-8080-exec-1] org.hibernate.SQL                        : 
    select
        ue1_0.exam_id,
        ue1_0.answer_pdf_url,
        ue1_0.area_code,
        ue1_0.area_name,
        ue1_0.class_id,
        ue1_0.created_by,
        ue1_0.created_date,
        ue1_0.deleted_by,
        ue1_0.deleted_date,
        ue1_0.description,
        ue1_0.exam_date,
        ue1_0.exam_name,
        ue1_0.exam_type,
        ue1_0.grade_code,
        ue1_0.grade_name,
        ue1_0.pdf_generated_at,
        ue1_0.pdf_url,
        ue1_0.term_code,
        ue1_0.term_name,
        ue1_0.time_limit,
        ue1_0.total_items,
        ue1_0.total_points,
        ue1_0.updated_by,
        ue1_0.updated_date,
        ue1_0.visibility 
    from
        user_exams ue1_0 
    where
        (
            ue1_0.deleted_date IS NULL
        ) 
        and ue1_0.term_code=? 
        and ue1_0.area_code=? 
        and ue1_0.deleted_date is null 
    order by
        ue1_0.updated_date desc 
    limit
        ?, ?
-Hibernate: 
    select
        ue1_0.exam_id,
        ue1_0.answer_pdf_url,
        ue1_0.area_code,
        ue1_0.area_name,
        ue1_0.class_id,
        ue1_0.created_by,
        ue1_0.created_date,
        ue1_0.deleted_by,
        ue1_0.deleted_date,
        ue1_0.description,
        ue1_0.exam_date,
        ue1_0.exam_name,
        ue1_0.exam_type,
        ue1_0.grade_code,
        ue1_0.grade_name,
        ue1_0.pdf_generated_at,
        ue1_0.pdf_url,
        ue1_0.term_code,
        ue1_0.term_name,
        ue1_0.time_limit,
        ue1_0.total_items,
        ue1_0.total_points,
        ue1_0.updated_by,
        ue1_0.updated_date,
        ue1_0.visibility 
    from
        user_exams ue1_0 
    where
        (
            ue1_0.deleted_date IS NULL
        ) 
        and ue1_0.term_code=? 
        and ue1_0.area_code=? 
        and ue1_0.deleted_date is null 
    order by
        ue1_0.updated_date desc 
    limit
        ?, ?
2025-08-17 02:07:01.631 -DEBUG 30417 --- [nio-8080-exec-1] org.hibernate.SQL                        : 
    select
        count(ue1_0.exam_id) 
    from
        user_exams ue1_0 
    where
        (
            ue1_0.deleted_date IS NULL
        ) 
        and ue1_0.term_code=? 
        and ue1_0.area_code=? 
        and ue1_0.deleted_date is null
-Hibernate: 
    select
        count(ue1_0.exam_id) 
    from
        user_exams ue1_0 
    where
        (
            ue1_0.deleted_date IS NULL
        ) 
        and ue1_0.term_code=? 
        and ue1_0.area_code=? 
        and ue1_0.deleted_date is null
2025-08-17 02:07:01.638 - INFO 30417 --- [nio-8080-exec-1] com.pullit.exam.service.ExamService      : 사용자 시험지 검색 결과: 0개 (전체: 0개)
-2025-08-17 02:07:01.638 - INFO 30417 --- [nio-8080-exec-1] com.pullit.exam.service.ExamService      : 최종 결과: 0개 반환 (전체: 0개)
-2025-08-17 02:07:01.661 - INFO 30417 --- [nio-8080-exec-1] c.pullit.exam.controller.ExamController  : 검색 결과 - 총 0개, 현재 페이지 0개
-2025-08-17 02:07:01.661 -DEBUG 30417 --- [nio-8080-exec-1] o.s.w.s.m.m.a.HttpEntityMethodProcessor  : Using 'application/json', given [application/json, text/plain, */*] and supported [application/json, application/*+json, application/yaml]
-2025-08-17 02:07:01.661 -DEBUG 30417 --- [nio-8080-exec-1] o.s.w.s.m.m.a.HttpEntityMethodProcessor  : Writing [com.pullit.common.dto.response.ApiResponse@b99e0f4]
-2025-08-17 02:07:02.346 -DEBUG 30417 --- [nio-8080-exec-2] s.w.s.m.m.a.RequestMappingHandlerMapping : Mapped to com.pullit.exam.controller.ExamController#searchExams(ExamSearchRequest)
-2025-08-17 02:07:02.348 - INFO 30417 --- [nio-8080-exec-2] c.pullit.exam.controller.ExamController  : 시험지 검색 요청: ExamSearchRequest(query=null, keyword=, schoolLevel=null, grade=null, gradeCode=, term=null, termCode=01, subjects=null, areaCode=MA, chapters=null, minItems=null, maxItems=null, visibility=null, recentlyUpdated=null, myExams=null, schoolExams=null, publicExams=null, includeSystemExams=true, includeUserExams=true, sortBy=relevance, sortDirection=DESC, popularPeriod=null, page=0, size=20, hasPdf=null, hasAnswerPdf=null, pdfGeneratedFrom=null, pdfGeneratedTo=null, minTimeLimit=null, maxTimeLimit=null, examDateFrom=null, examDateTo=null, onlyTrending=null, minUseCount=null, minRating=null)
-2025-08-17 02:07:02.348 - INFO 30417 --- [nio-8080-exec-2] c.pullit.exam.controller.ExamController  : 검색 파라미터 - areaCode: MA, gradeCode: , termCode: 01, keyword: 
-2025-08-17 02:07:02.348 - INFO 30417 --- [nio-8080-exec-2] c.pullit.exam.controller.ExamController  : Include flags - system: true, user: true
-2025-08-17 02:07:02.376 - INFO 30417 --- [nio-8080-exec-2] com.pullit.exam.service.ExamService      : searchAllExams 시작 - areaCode: MA, includeSystem: true, includeUser: true
-=== ExamRepository searchExams 시작 ===
Request: ExamSearchRequest(query=null, keyword=, schoolLevel=null, grade=null, gradeCode=, term=null, termCode=01, subjects=null, areaCode=MA, chapters=null, minItems=null, maxItems=null, visibility=null, recentlyUpdated=null, myExams=null, schoolExams=null, publicExams=null, includeSystemExams=true, includeUserExams=true, sortBy=relevance, sortDirection=DESC, popularPeriod=null, page=0, size=20, hasPdf=null, hasAnswerPdf=null, pdfGeneratedFrom=null, pdfGeneratedTo=null, minTimeLimit=null, maxTimeLimit=null, examDateFrom=null, examDateTo=null, onlyTrending=null, minUseCount=null, minRating=null)
areaCode: MA
gradeCode: 
termCode: 01
Pageable - page: 0, size: 40
=== buildSearchPredicate 시작 ===
areaCode: MA
gradeCode: 
termCode: 01
과목 필터 적용: MA
학기 필터 적용: 01
최종 조건: subject.area.code = MA && subject.term.code = 01
적용할 조건: subject.area.code = MA && subject.term.code = 01
2025-08-17 02:07:02.378 -DEBUG 30417 --- [nio-8080-exec-2] org.hibernate.SQL                        : 
    select
        e1_0.exam_id,
        e1_0.created_by,
        e1_0.created_date,
        e1_0.exam_name,
        e1_0.file_url,
        e1_0.is_public,
        e1_0.item_count,
        e1_0.large_chapter_id,
        e1_0.large_chapter_name,
        e1_0.preview_url,
        s1_0.subject_id,
        s1_0.area_code,
        s1_0.area_name,
        s1_0.curriculum_code,
        s1_0.curriculum_name,
        s1_0.grade_code,
        s1_0.grade_name,
        s1_0.school_level_code,
        s1_0.school_level_name,
        s1_0.subject_name,
        s1_0.subject_thumbnail,
        s1_0.term_code,
        s1_0.term_name,
        e1_0.updated_by,
        e1_0.updated_date,
        e1_0.visibility 
    from
        exams e1_0 
    left join
        subjects s1_0 
            on s1_0.subject_id=e1_0.subject_id 
    where
        s1_0.area_code=? 
        and s1_0.term_code=? 
    order by
        e1_0.created_date desc 
    limit
        ?, ?
-Hibernate: 
    select
        e1_0.exam_id,
        e1_0.created_by,
        e1_0.created_date,
        e1_0.exam_name,
        e1_0.file_url,
        e1_0.is_public,
        e1_0.item_count,
        e1_0.large_chapter_id,
        e1_0.large_chapter_name,
        e1_0.preview_url,
        s1_0.subject_id,
        s1_0.area_code,
        s1_0.area_name,
        s1_0.curriculum_code,
        s1_0.curriculum_name,
        s1_0.grade_code,
        s1_0.grade_name,
        s1_0.school_level_code,
        s1_0.school_level_name,
        s1_0.subject_name,
        s1_0.subject_thumbnail,
        s1_0.term_code,
        s1_0.term_name,
        e1_0.updated_by,
        e1_0.updated_date,
        e1_0.visibility 
    from
        exams e1_0 
    left join
        subjects s1_0 
            on s1_0.subject_id=e1_0.subject_id 
    where
        s1_0.area_code=? 
        and s1_0.term_code=? 
    order by
        e1_0.created_date desc 
    limit
        ?, ?
=== 조회 결과 ===
조회된 시험지 수: 0
2025-08-17 02:07:02.387 -DEBUG 30417 --- [nio-8080-exec-2] org.hibernate.SQL                        : 
    select
        count(e1_0.exam_id) 
    from
        exams e1_0 
    left join
        subjects s1_0 
            on s1_0.subject_id=e1_0.subject_id 
    where
        s1_0.area_code=? 
        and s1_0.term_code=?
-Hibernate: 
    select
        count(e1_0.exam_id) 
    from
        exams e1_0 
    left join
        subjects s1_0 
            on s1_0.subject_id=e1_0.subject_id 
    where
        s1_0.area_code=? 
        and s1_0.term_code=?
전체 시험지 수: 0
=== ExamRepository searchExams 종료 ===

2025-08-17 02:07:02.395 - INFO 30417 --- [nio-8080-exec-2] com.pullit.exam.service.ExamService      : 시스템 시험지 검색 결과: 0개 (전체: 0개)
-2025-08-17 02:07:02.395 -DEBUG 30417 --- [nio-8080-exec-2] org.hibernate.SQL                        : 
    select
        ue1_0.exam_id,
        ue1_0.answer_pdf_url,
        ue1_0.area_code,
        ue1_0.area_name,
        ue1_0.class_id,
        ue1_0.created_by,
        ue1_0.created_date,
        ue1_0.deleted_by,
        ue1_0.deleted_date,
        ue1_0.description,
        ue1_0.exam_date,
        ue1_0.exam_name,
        ue1_0.exam_type,
        ue1_0.grade_code,
        ue1_0.grade_name,
        ue1_0.pdf_generated_at,
        ue1_0.pdf_url,
        ue1_0.term_code,
        ue1_0.term_name,
        ue1_0.time_limit,
        ue1_0.total_items,
        ue1_0.total_points,
        ue1_0.updated_by,
        ue1_0.updated_date,
        ue1_0.visibility 
    from
        user_exams ue1_0 
    where
        (
            ue1_0.deleted_date IS NULL
        ) 
        and ue1_0.term_code=? 
        and ue1_0.area_code=? 
        and ue1_0.deleted_date is null 
    order by
        ue1_0.updated_date desc 
    limit
        ?, ?
-Hibernate: 
    select
        ue1_0.exam_id,
        ue1_0.answer_pdf_url,
        ue1_0.area_code,
        ue1_0.area_name,
        ue1_0.class_id,
        ue1_0.created_by,
        ue1_0.created_date,
        ue1_0.deleted_by,
        ue1_0.deleted_date,
        ue1_0.description,
        ue1_0.exam_date,
        ue1_0.exam_name,
        ue1_0.exam_type,
        ue1_0.grade_code,
        ue1_0.grade_name,
        ue1_0.pdf_generated_at,
        ue1_0.pdf_url,
        ue1_0.term_code,
        ue1_0.term_name,
        ue1_0.time_limit,
        ue1_0.total_items,
        ue1_0.total_points,
        ue1_0.updated_by,
        ue1_0.updated_date,
        ue1_0.visibility 
    from
        user_exams ue1_0 
    where
        (
            ue1_0.deleted_date IS NULL
        ) 
        and ue1_0.term_code=? 
        and ue1_0.area_code=? 
        and ue1_0.deleted_date is null 
    order by
        ue1_0.updated_date desc 
    limit
        ?, ?
2025-08-17 02:07:02.404 -DEBUG 30417 --- [nio-8080-exec-2] org.hibernate.SQL                        : 
    select
        count(ue1_0.exam_id) 
    from
        user_exams ue1_0 
    where
        (
            ue1_0.deleted_date IS NULL
        ) 
        and ue1_0.term_code=? 
        and ue1_0.area_code=? 
        and ue1_0.deleted_date is null
-Hibernate: 
    select
        count(ue1_0.exam_id) 
    from
        user_exams ue1_0 
    where
        (
            ue1_0.deleted_date IS NULL
        ) 
        and ue1_0.term_code=? 
        and ue1_0.area_code=? 
        and ue1_0.deleted_date is null
2025-08-17 02:07:02.411 - INFO 30417 --- [nio-8080-exec-2] com.pullit.exam.service.ExamService      : 사용자 시험지 검색 결과: 0개 (전체: 0개)
-2025-08-17 02:07:02.412 - INFO 30417 --- [nio-8080-exec-2] com.pullit.exam.service.ExamService      : 최종 결과: 0개 반환 (전체: 0개)
-2025-08-17 02:07:02.434 - INFO 30417 --- [nio-8080-exec-2] c.pullit.exam.controller.ExamController  : 검색 결과 - 총 0개, 현재 페이지 0개
-2025-08-17 02:07:02.434 -DEBUG 30417 --- [nio-8080-exec-2] o.s.w.s.m.m.a.HttpEntityMethodProcessor  : Using 'application/json', given [application/json, text/plain, */*] and supported [application/json, application/*+json, application/yaml]
-2025-08-17 02:07:02.435 -DEBUG 30417 --- [nio-8080-exec-2] o.s.w.s.m.m.a.HttpEntityMethodProcessor  : Writing [com.pullit.common.dto.response.ApiResponse@6ceb11f2]
-2025-08-17 02:07:02.869 -DEBUG 30417 --- [nio-8080-exec-3] s.w.s.m.m.a.RequestMappingHandlerMapping : Mapped to com.pullit.exam.controller.ExamController#searchExams(ExamSearchRequest)
-2025-08-17 02:07:02.870 - INFO 30417 --- [nio-8080-exec-3] c.pullit.exam.controller.ExamController  : 시험지 검색 요청: ExamSearchRequest(query=null, keyword=, schoolLevel=null, grade=null, gradeCode=, term=null, termCode=01, subjects=null, areaCode=KO, chapters=null, minItems=null, maxItems=null, visibility=null, recentlyUpdated=null, myExams=null, schoolExams=null, publicExams=null, includeSystemExams=true, includeUserExams=true, sortBy=relevance, sortDirection=DESC, popularPeriod=null, page=0, size=20, hasPdf=null, hasAnswerPdf=null, pdfGeneratedFrom=null, pdfGeneratedTo=null, minTimeLimit=null, maxTimeLimit=null, examDateFrom=null, examDateTo=null, onlyTrending=null, minUseCount=null, minRating=null)
-2025-08-17 02:07:02.870 - INFO 30417 --- [nio-8080-exec-3] c.pullit.exam.controller.ExamController  : 검색 파라미터 - areaCode: KO, gradeCode: , termCode: 01, keyword: 
-2025-08-17 02:07:02.870 - INFO 30417 --- [nio-8080-exec-3] c.pullit.exam.controller.ExamController  : Include flags - system: true, user: true
-2025-08-17 02:07:02.889 - INFO 30417 --- [nio-8080-exec-3] com.pullit.exam.service.ExamService      : searchAllExams 시작 - areaCode: KO, includeSystem: true, includeUser: true
-=== ExamRepository searchExams 시작 ===
Request: ExamSearchRequest(query=null, keyword=, schoolLevel=null, grade=null, gradeCode=, term=null, termCode=01, subjects=null, areaCode=KO, chapters=null, minItems=null, maxItems=null, visibility=null, recentlyUpdated=null, myExams=null, schoolExams=null, publicExams=null, includeSystemExams=true, includeUserExams=true, sortBy=relevance, sortDirection=DESC, popularPeriod=null, page=0, size=20, hasPdf=null, hasAnswerPdf=null, pdfGeneratedFrom=null, pdfGeneratedTo=null, minTimeLimit=null, maxTimeLimit=null, examDateFrom=null, examDateTo=null, onlyTrending=null, minUseCount=null, minRating=null)
areaCode: KO
gradeCode: 
termCode: 01
Pageable - page: 0, size: 40
=== buildSearchPredicate 시작 ===
areaCode: KO
gradeCode: 
termCode: 01
과목 필터 적용: KO
학기 필터 적용: 01
최종 조건: subject.area.code = KO && subject.term.code = 01
적용할 조건: subject.area.code = KO && subject.term.code = 01
2025-08-17 02:07:02.890 -DEBUG 30417 --- [nio-8080-exec-3] org.hibernate.SQL                        : 
    select
        e1_0.exam_id,
        e1_0.created_by,
        e1_0.created_date,
        e1_0.exam_name,
        e1_0.file_url,
        e1_0.is_public,
        e1_0.item_count,
        e1_0.large_chapter_id,
        e1_0.large_chapter_name,
        e1_0.preview_url,
        s1_0.subject_id,
        s1_0.area_code,
        s1_0.area_name,
        s1_0.curriculum_code,
        s1_0.curriculum_name,
        s1_0.grade_code,
        s1_0.grade_name,
        s1_0.school_level_code,
        s1_0.school_level_name,
        s1_0.subject_name,
        s1_0.subject_thumbnail,
        s1_0.term_code,
        s1_0.term_name,
        e1_0.updated_by,
        e1_0.updated_date,
        e1_0.visibility 
    from
        exams e1_0 
    left join
        subjects s1_0 
            on s1_0.subject_id=e1_0.subject_id 
    where
        s1_0.area_code=? 
        and s1_0.term_code=? 
    order by
        e1_0.created_date desc 
    limit
        ?, ?
-Hibernate: 
    select
        e1_0.exam_id,
        e1_0.created_by,
        e1_0.created_date,
        e1_0.exam_name,
        e1_0.file_url,
        e1_0.is_public,
        e1_0.item_count,
        e1_0.large_chapter_id,
        e1_0.large_chapter_name,
        e1_0.preview_url,
        s1_0.subject_id,
        s1_0.area_code,
        s1_0.area_name,
        s1_0.curriculum_code,
        s1_0.curriculum_name,
        s1_0.grade_code,
        s1_0.grade_name,
        s1_0.school_level_code,
        s1_0.school_level_name,
        s1_0.subject_name,
        s1_0.subject_thumbnail,
        s1_0.term_code,
        s1_0.term_name,
        e1_0.updated_by,
        e1_0.updated_date,
        e1_0.visibility 
    from
        exams e1_0 
    left join
        subjects s1_0 
            on s1_0.subject_id=e1_0.subject_id 
    where
        s1_0.area_code=? 
        and s1_0.term_code=? 
    order by
        e1_0.created_date desc 
    limit
        ?, ?
=== 조회 결과 ===
조회된 시험지 수: 40
시험지 1: 중_ 국어 3-1(박)_2-더 읽어 보기_단원평가_1회_T셀파
  - ID: 1084
  - ItemCount: 10
  - Subject ID: 1202
  - Area: KO / 국어
시험지 2: 중_ 국어 3-1(박)_4-더 읽어 보기_단원평가_1회_T셀파
  - ID: 1142
  - ItemCount: 12
  - Subject ID: 1202
  - Area: KO / 국어
시험지 3: 중_ 국어 3-1(박)_3-2_단원평가_3회_T셀파
  - ID: 1107
  - ItemCount: 16
  - Subject ID: 1202
  - Area: KO / 국어
2025-08-17 02:07:02.910 -DEBUG 30417 --- [nio-8080-exec-3] org.hibernate.SQL                        : 
    select
        count(e1_0.exam_id) 
    from
        exams e1_0 
    left join
        subjects s1_0 
            on s1_0.subject_id=e1_0.subject_id 
    where
        s1_0.area_code=? 
        and s1_0.term_code=?
-Hibernate: 
    select
        count(e1_0.exam_id) 
    from
        exams e1_0 
    left join
        subjects s1_0 
            on s1_0.subject_id=e1_0.subject_id 
    where
        s1_0.area_code=? 
        and s1_0.term_code=?
전체 시험지 수: 182
=== ExamRepository searchExams 종료 ===

2025-08-17 02:07:02.918 - INFO 30417 --- [nio-8080-exec-3] com.pullit.exam.service.ExamService      : 시스템 시험지 검색 결과: 40개 (전체: 182개)
-2025-08-17 02:07:02.918 -DEBUG 30417 --- [nio-8080-exec-3] org.hibernate.SQL                        : 
    select
        ue1_0.exam_id,
        ue1_0.answer_pdf_url,
        ue1_0.area_code,
        ue1_0.area_name,
        ue1_0.class_id,
        ue1_0.created_by,
        ue1_0.created_date,
        ue1_0.deleted_by,
        ue1_0.deleted_date,
        ue1_0.description,
        ue1_0.exam_date,
        ue1_0.exam_name,
        ue1_0.exam_type,
        ue1_0.grade_code,
        ue1_0.grade_name,
        ue1_0.pdf_generated_at,
        ue1_0.pdf_url,
        ue1_0.term_code,
        ue1_0.term_name,
        ue1_0.time_limit,
        ue1_0.total_items,
        ue1_0.total_points,
        ue1_0.updated_by,
        ue1_0.updated_date,
        ue1_0.visibility 
    from
        user_exams ue1_0 
    where
        (
            ue1_0.deleted_date IS NULL
        ) 
        and ue1_0.term_code=? 
        and ue1_0.area_code=? 
        and ue1_0.deleted_date is null 
    order by
        ue1_0.updated_date desc 
    limit
        ?, ?
-Hibernate: 
    select
        ue1_0.exam_id,
        ue1_0.answer_pdf_url,
        ue1_0.area_code,
        ue1_0.area_name,
        ue1_0.class_id,
        ue1_0.created_by,
        ue1_0.created_date,
        ue1_0.deleted_by,
        ue1_0.deleted_date,
        ue1_0.description,
        ue1_0.exam_date,
        ue1_0.exam_name,
        ue1_0.exam_type,
        ue1_0.grade_code,
        ue1_0.grade_name,
        ue1_0.pdf_generated_at,
        ue1_0.pdf_url,
        ue1_0.term_code,
        ue1_0.term_name,
        ue1_0.time_limit,
        ue1_0.total_items,
        ue1_0.total_points,
        ue1_0.updated_by,
        ue1_0.updated_date,
        ue1_0.visibility 
    from
        user_exams ue1_0 
    where
        (
            ue1_0.deleted_date IS NULL
        ) 
        and ue1_0.term_code=? 
        and ue1_0.area_code=? 
        and ue1_0.deleted_date is null 
    order by
        ue1_0.updated_date desc 
    limit
        ?, ?
2025-08-17 02:07:02.927 -DEBUG 30417 --- [nio-8080-exec-3] org.hibernate.SQL                        : 
    select
        count(ue1_0.exam_id) 
    from
        user_exams ue1_0 
    where
        (
            ue1_0.deleted_date IS NULL
        ) 
        and ue1_0.term_code=? 
        and ue1_0.area_code=? 
        and ue1_0.deleted_date is null
-Hibernate: 
    select
        count(ue1_0.exam_id) 
    from
        user_exams ue1_0 
    where
        (
            ue1_0.deleted_date IS NULL
        ) 
        and ue1_0.term_code=? 
        and ue1_0.area_code=? 
        and ue1_0.deleted_date is null
2025-08-17 02:07:02.934 - INFO 30417 --- [nio-8080-exec-3] com.pullit.exam.service.ExamService      : 사용자 시험지 검색 결과: 0개 (전체: 0개)
-2025-08-17 02:07:02.934 - INFO 30417 --- [nio-8080-exec-3] com.pullit.exam.service.ExamService      : 최종 결과: 20개 반환 (전체: 182개)
-2025-08-17 02:07:02.956 - INFO 30417 --- [nio-8080-exec-3] c.pullit.exam.controller.ExamController  : 검색 결과 - 총 182개, 현재 페이지 20개
-2025-08-17 02:07:02.957 -DEBUG 30417 --- [nio-8080-exec-3] o.s.w.s.m.m.a.HttpEntityMethodProcessor  : Using 'application/json', given [application/json, text/plain, */*] and supported [application/json, application/*+json, application/yaml]
-2025-08-17 02:07:02.957 -DEBUG 30417 --- [nio-8080-exec-3] o.s.w.s.m.m.a.HttpEntityMethodProcessor  : Writing [com.pullit.common.dto.response.ApiResponse@129e647c]
-2025-08-17 02:07:04.644 -DEBUG 30417 --- [nio-8080-exec-4] s.w.s.m.m.a.RequestMappingHandlerMapping : Mapped to com.pullit.exam.controller.ExamController#searchExams(ExamSearchRequest)
-2025-08-17 02:07:04.645 - INFO 30417 --- [nio-8080-exec-4] c.pullit.exam.controller.ExamController  : 시험지 검색 요청: ExamSearchRequest(query=null, keyword=, schoolLevel=null, grade=null, gradeCode=, term=null, termCode=01, subjects=null, areaCode=EN, chapters=null, minItems=null, maxItems=null, visibility=null, recentlyUpdated=null, myExams=null, schoolExams=null, publicExams=null, includeSystemExams=true, includeUserExams=true, sortBy=relevance, sortDirection=DESC, popularPeriod=null, page=0, size=20, hasPdf=null, hasAnswerPdf=null, pdfGeneratedFrom=null, pdfGeneratedTo=null, minTimeLimit=null, maxTimeLimit=null, examDateFrom=null, examDateTo=null, onlyTrending=null, minUseCount=null, minRating=null)
-2025-08-17 02:07:04.645 - INFO 30417 --- [nio-8080-exec-4] c.pullit.exam.controller.ExamController  : 검색 파라미터 - areaCode: EN, gradeCode: , termCode: 01, keyword: 
-2025-08-17 02:07:04.645 - INFO 30417 --- [nio-8080-exec-4] c.pullit.exam.controller.ExamController  : Include flags - system: true, user: true
-2025-08-17 02:07:04.671 - INFO 30417 --- [nio-8080-exec-4] com.pullit.exam.service.ExamService      : searchAllExams 시작 - areaCode: EN, includeSystem: true, includeUser: true
-=== ExamRepository searchExams 시작 ===
Request: ExamSearchRequest(query=null, keyword=, schoolLevel=null, grade=null, gradeCode=, term=null, termCode=01, subjects=null, areaCode=EN, chapters=null, minItems=null, maxItems=null, visibility=null, recentlyUpdated=null, myExams=null, schoolExams=null, publicExams=null, includeSystemExams=true, includeUserExams=true, sortBy=relevance, sortDirection=DESC, popularPeriod=null, page=0, size=20, hasPdf=null, hasAnswerPdf=null, pdfGeneratedFrom=null, pdfGeneratedTo=null, minTimeLimit=null, maxTimeLimit=null, examDateFrom=null, examDateTo=null, onlyTrending=null, minUseCount=null, minRating=null)
areaCode: EN
gradeCode: 
termCode: 01
Pageable - page: 0, size: 40
=== buildSearchPredicate 시작 ===
areaCode: EN
gradeCode: 
termCode: 01
과목 필터 적용: EN
학기 필터 적용: 01
최종 조건: subject.area.code = EN && subject.term.code = 01
적용할 조건: subject.area.code = EN && subject.term.code = 01
2025-08-17 02:07:04.672 -DEBUG 30417 --- [nio-8080-exec-4] org.hibernate.SQL                        : 
    select
        e1_0.exam_id,
        e1_0.created_by,
        e1_0.created_date,
        e1_0.exam_name,
        e1_0.file_url,
        e1_0.is_public,
        e1_0.item_count,
        e1_0.large_chapter_id,
        e1_0.large_chapter_name,
        e1_0.preview_url,
        s1_0.subject_id,
        s1_0.area_code,
        s1_0.area_name,
        s1_0.curriculum_code,
        s1_0.curriculum_name,
        s1_0.grade_code,
        s1_0.grade_name,
        s1_0.school_level_code,
        s1_0.school_level_name,
        s1_0.subject_name,
        s1_0.subject_thumbnail,
        s1_0.term_code,
        s1_0.term_name,
        e1_0.updated_by,
        e1_0.updated_date,
        e1_0.visibility 
    from
        exams e1_0 
    left join
        subjects s1_0 
            on s1_0.subject_id=e1_0.subject_id 
    where
        s1_0.area_code=? 
        and s1_0.term_code=? 
    order by
        e1_0.created_date desc 
    limit
        ?, ?
-Hibernate: 
    select
        e1_0.exam_id,
        e1_0.created_by,
        e1_0.created_date,
        e1_0.exam_name,
        e1_0.file_url,
        e1_0.is_public,
        e1_0.item_count,
        e1_0.large_chapter_id,
        e1_0.large_chapter_name,
        e1_0.preview_url,
        s1_0.subject_id,
        s1_0.area_code,
        s1_0.area_name,
        s1_0.curriculum_code,
        s1_0.curriculum_name,
        s1_0.grade_code,
        s1_0.grade_name,
        s1_0.school_level_code,
        s1_0.school_level_name,
        s1_0.subject_name,
        s1_0.subject_thumbnail,
        s1_0.term_code,
        s1_0.term_name,
        e1_0.updated_by,
        e1_0.updated_date,
        e1_0.visibility 
    from
        exams e1_0 
    left join
        subjects s1_0 
            on s1_0.subject_id=e1_0.subject_id 
    where
        s1_0.area_code=? 
        and s1_0.term_code=? 
    order by
        e1_0.created_date desc 
    limit
        ?, ?
=== 조회 결과 ===
조회된 시험지 수: 0
2025-08-17 02:07:04.681 -DEBUG 30417 --- [nio-8080-exec-4] org.hibernate.SQL                        : 
    select
        count(e1_0.exam_id) 
    from
        exams e1_0 
    left join
        subjects s1_0 
            on s1_0.subject_id=e1_0.subject_id 
    where
        s1_0.area_code=? 
        and s1_0.term_code=?
-Hibernate: 
    select
        count(e1_0.exam_id) 
    from
        exams e1_0 
    left join
        subjects s1_0 
            on s1_0.subject_id=e1_0.subject_id 
    where
        s1_0.area_code=? 
        and s1_0.term_code=?
전체 시험지 수: 0
=== ExamRepository searchExams 종료 ===

2025-08-17 02:07:04.689 - INFO 30417 --- [nio-8080-exec-4] com.pullit.exam.service.ExamService      : 시스템 시험지 검색 결과: 0개 (전체: 0개)
-2025-08-17 02:07:04.689 -DEBUG 30417 --- [nio-8080-exec-4] org.hibernate.SQL                        : 
    select
        ue1_0.exam_id,
        ue1_0.answer_pdf_url,
        ue1_0.area_code,
        ue1_0.area_name,
        ue1_0.class_id,
        ue1_0.created_by,
        ue1_0.created_date,
        ue1_0.deleted_by,
        ue1_0.deleted_date,
        ue1_0.description,
        ue1_0.exam_date,
        ue1_0.exam_name,
        ue1_0.exam_type,
        ue1_0.grade_code,
        ue1_0.grade_name,
        ue1_0.pdf_generated_at,
        ue1_0.pdf_url,
        ue1_0.term_code,
        ue1_0.term_name,
        ue1_0.time_limit,
        ue1_0.total_items,
        ue1_0.total_points,
        ue1_0.updated_by,
        ue1_0.updated_date,
        ue1_0.visibility 
    from
        user_exams ue1_0 
    where
        (
            ue1_0.deleted_date IS NULL
        ) 
        and ue1_0.term_code=? 
        and ue1_0.area_code=? 
        and ue1_0.deleted_date is null 
    order by
        ue1_0.updated_date desc 
    limit
        ?, ?
-Hibernate: 
    select
        ue1_0.exam_id,
        ue1_0.answer_pdf_url,
        ue1_0.area_code,
        ue1_0.area_name,
        ue1_0.class_id,
        ue1_0.created_by,
        ue1_0.created_date,
        ue1_0.deleted_by,
        ue1_0.deleted_date,
        ue1_0.description,
        ue1_0.exam_date,
        ue1_0.exam_name,
        ue1_0.exam_type,
        ue1_0.grade_code,
        ue1_0.grade_name,
        ue1_0.pdf_generated_at,
        ue1_0.pdf_url,
        ue1_0.term_code,
        ue1_0.term_name,
        ue1_0.time_limit,
        ue1_0.total_items,
        ue1_0.total_points,
        ue1_0.updated_by,
        ue1_0.updated_date,
        ue1_0.visibility 
    from
        user_exams ue1_0 
    where
        (
            ue1_0.deleted_date IS NULL
        ) 
        and ue1_0.term_code=? 
        and ue1_0.area_code=? 
        and ue1_0.deleted_date is null 
    order by
        ue1_0.updated_date desc 
    limit
        ?, ?
2025-08-17 02:07:04.697 -DEBUG 30417 --- [nio-8080-exec-4] org.hibernate.SQL                        : 
    select
        count(ue1_0.exam_id) 
    from
        user_exams ue1_0 
    where
        (
            ue1_0.deleted_date IS NULL
        ) 
        and ue1_0.term_code=? 
        and ue1_0.area_code=? 
        and ue1_0.deleted_date is null
-Hibernate: 
    select
        count(ue1_0.exam_id) 
    from
        user_exams ue1_0 
    where
        (
            ue1_0.deleted_date IS NULL
        ) 
        and ue1_0.term_code=? 
        and ue1_0.area_code=? 
        and ue1_0.deleted_date is null
2025-08-17 02:07:04.704 - INFO 30417 --- [nio-8080-exec-4] com.pullit.exam.service.ExamService      : 사용자 시험지 검색 결과: 0개 (전체: 0개)
-2025-08-17 02:07:04.704 - INFO 30417 --- [nio-8080-exec-4] com.pullit.exam.service.ExamService      : 최종 결과: 0개 반환 (전체: 0개)
-2025-08-17 02:07:04.726 - INFO 30417 --- [nio-8080-exec-4] c.pullit.exam.controller.ExamController  : 검색 결과 - 총 0개, 현재 페이지 0개
-2025-08-17 02:07:04.726 -DEBUG 30417 --- [nio-8080-exec-4] o.s.w.s.m.m.a.HttpEntityMethodProcessor  : Using 'application/json', given [application/json, text/plain, */*] and supported [application/json, application/*+json, application/yaml]
-2025-08-17 02:07:04.727 -DEBUG 30417 --- [nio-8080-exec-4] o.s.w.s.m.m.a.HttpEntityMethodProcessor  : Writing [com.pullit.common.dto.response.ApiResponse@616543ff]
-2025-08-17 02:07:30.454 -DEBUG 30417 --- [l-1:housekeeper] com.zaxxer.hikari.pool.HikariPool        : HikariPool-1 - Before cleanup stats (total=6/10, idle=6/5, active=0, waiting=0)
-2025-08-17 02:07:30.455 -DEBUG 30417 --- [l-1:housekeeper] com.zaxxer.hikari.pool.HikariPool        : HikariPool-1 - After  cleanup stats (total=6/10, idle=6/5, active=0, waiting=0)
-2025-08-17 02:07:30.455 -DEBUG 30417 --- [l-1:housekeeper] com.zaxxer.hikari.pool.HikariPool        : HikariPool-1 - Fill pool skipped, pool has sufficient level or currently being filled.
-2025-08-17 02:07:37.106 -DEBUG 30417 --- [l-1:housekeeper] com.zaxxer.hikari.pool.HikariPool        : HikariPool-1 - keepalive: connection com.mysql.cj.jdbc.ConnectionImpl@f75b1da is alive
-2025-08-17 02:07:54.449 -DEBUG 30417 --- [l-1:housekeeper] com.zaxxer.hikari.pool.HikariPool        : HikariPool-1 - keepalive: connection com.mysql.cj.jdbc.ConnectionImpl@6b63001 is alive
-2025-08-17 02:07:55.315 -DEBUG 30417 --- [l-1:housekeeper] com.zaxxer.hikari.pool.HikariPool        : HikariPool-1 - keepalive: connection com.mysql.cj.jdbc.ConnectionImpl@3e01e934 is alive
-2025-08-17 02:07:59.281 -DEBUG 30417 --- [l-1:housekeeper] com.zaxxer.hikari.pool.HikariPool        : HikariPool-1 - keepalive: connection com.mysql.cj.jdbc.ConnectionImpl@7f3ce30f is alive
-2025-08-17 02:08:00.054 -DEBUG 30417 --- [l-1:housekeeper] com.zaxxer.hikari.pool.HikariPool        : HikariPool-1 - keepalive: connection com.mysql.cj.jdbc.ConnectionImpl@5e2e167b is alive
-2025-08-17 02:08:00.458 -DEBUG 30417 --- [l-1:housekeeper] com.zaxxer.hikari.pool.HikariPool        : HikariPool-1 - Before cleanup stats (total=6/10, idle=6/5, active=0, waiting=0)
-2025-08-17 02:08:00.459 -DEBUG 30417 --- [l-1:housekeeper] com.zaxxer.hikari.pool.HikariPool        : HikariPool-1 - After  cleanup stats (total=6/10, idle=6/5, active=0, waiting=0)
-2025-08-17 02:08:00.459 -DEBUG 30417 --- [l-1:housekeeper] com.zaxxer.hikari.pool.HikariPool        : HikariPool-1 - Fill pool skipped, pool has sufficient level or currently being filled.
-2025-08-17 02:08:30.461 -DEBUG 30417 --- [l-1:housekeeper] com.zaxxer.hikari.pool.HikariPool        : HikariPool-1 - Before cleanup stats (total=6/10, idle=6/5, active=0, waiting=0)
-2025-08-17 02:08:30.463 -DEBUG 30417 --- [l-1:housekeeper] com.zaxxer.hikari.pool.HikariPool        : HikariPool-1 - After  cleanup stats (total=6/10, idle=6/5, active=0, waiting=0)
-2025-08-17 02:08:30.463 -DEBUG 30417 --- [l-1:housekeeper] com.zaxxer.hikari.pool.HikariPool        : HikariPool-1 - Fill pool skipped, pool has sufficient level or currently being filled.
-2025-08-17 02:08:47.395 -DEBUG 30417 --- [l-1:housekeeper] com.zaxxer.hikari.pool.HikariPool        : HikariPool-1 - keepalive: connection com.mysql.cj.jdbc.ConnectionImpl@57ee0db3 is alive
-2025-08-17 02:08:58.269 - WARN 30417 --- [l-1:housekeeper] com.zaxxer.hikari.pool.HikariPool        : HikariPool-1 - Retrograde clock change detected (housekeeper delta=27s808ms), soft-evicting connections from pool.
-2025-08-17 02:08:58.271 -DEBUG 30417 --- [nnection-closer] com.zaxxer.hikari.pool.PoolBase          : HikariPool-1 - Closing connection com.mysql.cj.jdbc.ConnectionImpl@6b63001: (connection evicted)
-2025-08-17 02:08:58.278 -DEBUG 30417 --- [nnection-closer] com.zaxxer.hikari.pool.PoolBase          : HikariPool-1 - Closing connection com.mysql.cj.jdbc.ConnectionImpl@7f3ce30f: (connection evicted)
-2025-08-17 02:08:58.279 -DEBUG 30417 --- [onnection-adder] com.zaxxer.hikari.pool.PoolBase          : HikariPool-1 - Attempting to create/setup new connection (0542abf1-6439-4b00-bfb2-70e62243e7af)
-2025-08-17 02:08:58.279 -DEBUG 30417 --- [nnection-closer] com.zaxxer.hikari.pool.PoolBase          : HikariPool-1 - Closing connection com.mysql.cj.jdbc.ConnectionImpl@3e01e934: (connection evicted)
-2025-08-17 02:08:58.279 -DEBUG 30417 --- [nnection-closer] com.zaxxer.hikari.pool.PoolBase          : HikariPool-1 - Closing connection com.mysql.cj.jdbc.ConnectionImpl@f75b1da: (connection evicted)
-2025-08-17 02:08:58.279 -DEBUG 30417 --- [nnection-closer] com.zaxxer.hikari.pool.PoolBase          : HikariPool-1 - Closing connection com.mysql.cj.jdbc.ConnectionImpl@5e2e167b: (connection evicted)
-2025-08-17 02:08:58.279 -DEBUG 30417 --- [nnection-closer] com.zaxxer.hikari.pool.PoolBase          : HikariPool-1 - Closing connection com.mysql.cj.jdbc.ConnectionImpl@57ee0db3: (connection evicted)
-2025-08-17 02:08:58.374 -DEBUG 30417 --- [onnection-adder] com.zaxxer.hikari.pool.PoolBase          : HikariPool-1 - Established new connection (0542abf1-6439-4b00-bfb2-70e62243e7af)
-2025-08-17 02:08:58.375 -DEBUG 30417 --- [onnection-adder] com.zaxxer.hikari.pool.HikariPool        : HikariPool-1 - Added connection com.mysql.cj.jdbc.ConnectionImpl@756594d3
-2025-08-17 02:08:58.410 -DEBUG 30417 --- [onnection-adder] com.zaxxer.hikari.pool.PoolBase          : HikariPool-1 - Attempting to create/setup new connection (83c0689e-ef99-4e54-8ef6-9207e5b79f8a)
-2025-08-17 02:08:58.474 -DEBUG 30417 --- [onnection-adder] com.zaxxer.hikari.pool.PoolBase          : HikariPool-1 - Established new connection (83c0689e-ef99-4e54-8ef6-9207e5b79f8a)
-2025-08-17 02:08:58.474 -DEBUG 30417 --- [onnection-adder] com.zaxxer.hikari.pool.HikariPool        : HikariPool-1 - Added connection com.mysql.cj.jdbc.ConnectionImpl@34589ee8
-2025-08-17 02:08:58.506 -DEBUG 30417 --- [onnection-adder] com.zaxxer.hikari.pool.PoolBase          : HikariPool-1 - Attempting to create/setup new connection (b8c34a40-2114-42a7-a317-10b2535eadad)
-2025-08-17 02:08:58.575 -DEBUG 30417 --- [onnection-adder] com.zaxxer.hikari.pool.PoolBase          : HikariPool-1 - Established new connection (b8c34a40-2114-42a7-a317-10b2535eadad)
-2025-08-17 02:08:58.576 -DEBUG 30417 --- [onnection-adder] com.zaxxer.hikari.pool.HikariPool        : HikariPool-1 - Added connection com.mysql.cj.jdbc.ConnectionImpl@5a60d21
-2025-08-17 02:08:58.608 -DEBUG 30417 --- [onnection-adder] com.zaxxer.hikari.pool.PoolBase          : HikariPool-1 - Attempting to create/setup new connection (ec4463b7-5d25-4b88-bc85-5814eb71f952)
-2025-08-17 02:08:58.671 -DEBUG 30417 --- [onnection-adder] com.zaxxer.hikari.pool.PoolBase          : HikariPool-1 - Established new connection (ec4463b7-5d25-4b88-bc85-5814eb71f952)
-2025-08-17 02:08:58.671 -DEBUG 30417 --- [onnection-adder] com.zaxxer.hikari.pool.HikariPool        : HikariPool-1 - Added connection com.mysql.cj.jdbc.ConnectionImpl@547761a7
-2025-08-17 02:08:58.705 -DEBUG 30417 --- [onnection-adder] com.zaxxer.hikari.pool.PoolBase          : HikariPool-1 - Attempting to create/setup new connection (d563bc30-2abc-4439-ab55-349a7cfe5e11)
-2025-08-17 02:08:58.774 -DEBUG 30417 --- [onnection-adder] com.zaxxer.hikari.pool.PoolBase          : HikariPool-1 - Established new connection (d563bc30-2abc-4439-ab55-349a7cfe5e11)
-2025-08-17 02:08:58.775 -DEBUG 30417 --- [onnection-adder] com.zaxxer.hikari.pool.HikariPool        : HikariPool-1 - Added connection com.mysql.cj.jdbc.ConnectionImpl@5bc04a32
-2025-08-17 02:08:58.807 -DEBUG 30417 --- [onnection-adder] com.zaxxer.hikari.pool.HikariPool        : HikariPool-1 - Connection not added, stats (total=5/10, idle=5/5, active=0, waiting=0)
-2025-08-17 02:08:58.807 -DEBUG 30417 --- [onnection-adder] com.zaxxer.hikari.pool.HikariPool        : HikariPool-1 - Connection not added, stats (total=5/10, idle=5/5, active=0, waiting=0)
-2025-08-17 02:08:58.807 -DEBUG 30417 --- [onnection-adder] com.zaxxer.hikari.pool.HikariPool        : HikariPool-1 - Connection not added, stats (total=5/10, idle=5/5, active=0, waiting=0)
-2025-08-17 02:08:58.808 -DEBUG 30417 --- [onnection-adder] com.zaxxer.hikari.pool.HikariPool        : HikariPool-1 - Connection not added, stats (total=5/10, idle=5/5, active=0, waiting=0)
-2025-08-17 02:08:58.808 -DEBUG 30417 --- [onnection-adder] com.zaxxer.hikari.pool.HikariPool        : HikariPool-1 - Connection not added, stats (total=5/10, idle=5/5, active=0, waiting=0)
-2025-08-17 02:08:58.808 -DEBUG 30417 --- [onnection-adder] com.zaxxer.hikari.pool.HikariPool        : HikariPool-1 - Connection not added, stats (total=5/10, idle=5/5, active=0, waiting=0)
-2025-08-17 02:09:28.277 -DEBUG 30417 --- [l-1:housekeeper] com.zaxxer.hikari.pool.HikariPool        : HikariPool-1 - Before cleanup stats (total=5/10, idle=5/5, active=0, waiting=0)
-2025-08-17 02:09:28.278 -DEBUG 30417 --- [l-1:housekeeper] com.zaxxer.hikari.pool.HikariPool        : HikariPool-1 - After  cleanup stats (total=5/10, idle=5/5, active=0, waiting=0)
-2025-08-17 02:09:28.278 -DEBUG 30417 --- [l-1:housekeeper] com.zaxxer.hikari.pool.HikariPool        : HikariPool-1 - Fill pool skipped, pool has sufficient level or currently being filled.
-2025-08-17 02:09:58.283 -DEBUG 30417 --- [l-1:housekeeper] com.zaxxer.hikari.pool.HikariPool        : HikariPool-1 - Before cleanup stats (total=5/10, idle=5/5, active=0, waiting=0)
-2025-08-17 02:09:58.285 -DEBUG 30417 --- [l-1:housekeeper] com.zaxxer.hikari.pool.HikariPool        : HikariPool-1 - After  cleanup stats (total=5/10, idle=5/5, active=0, waiting=0)
-2025-08-17 02:09:58.285 -DEBUG 30417 --- [l-1:housekeeper] com.zaxxer.hikari.pool.HikariPool        : HikariPool-1 - Fill pool skipped, pool has sufficient level or currently being filled.
-2025-08-17 02:10:28.286 -DEBUG 30417 --- [l-1:housekeeper] com.zaxxer.hikari.pool.HikariPool        : HikariPool-1 - Before cleanup stats (total=5/10, idle=5/5, active=0, waiting=0)
-2025-08-17 02:10:28.288 -DEBUG 30417 --- [l-1:housekeeper] com.zaxxer.hikari.pool.HikariPool        : HikariPool-1 - After  cleanup stats (total=5/10, idle=5/5, active=0, waiting=0)
-2025-08-17 02:10:28.288 -DEBUG 30417 --- [l-1:housekeeper] com.zaxxer.hikari.pool.HikariPool        : HikariPool-1 - Fill pool skipped, pool has sufficient level or currently being filled.
-2025-08-17 02:10:41.229 -DEBUG 30417 --- [l-1:housekeeper] com.zaxxer.hikari.pool.HikariPool        : HikariPool-1 - keepalive: connection com.mysql.cj.jdbc.ConnectionImpl@5a60d21 is alive
-2025-08-17 02:10:41.825 -DEBUG 30417 --- [l-1:housekeeper] com.zaxxer.hikari.pool.HikariPool        : HikariPool-1 - keepalive: connection com.mysql.cj.jdbc.ConnectionImpl@34589ee8 is alive
-2025-08-17 02:10:42.434 -DEBUG 30417 --- [l-1:housekeeper] com.zaxxer.hikari.pool.HikariPool        : HikariPool-1 - keepalive: connection com.mysql.cj.jdbc.ConnectionImpl@756594d3 is alive
-2025-08-17 02:10:44.407 -DEBUG 30417 --- [l-1:housekeeper] com.zaxxer.hikari.pool.HikariPool        : HikariPool-1 - keepalive: connection com.mysql.cj.jdbc.ConnectionImpl@547761a7 is alive
-2025-08-17 02:10:48.868 -DEBUG 30417 --- [l-1:housekeeper] com.zaxxer.hikari.pool.HikariPool        : HikariPool-1 - keepalive: connection com.mysql.cj.jdbc.ConnectionImpl@5bc04a32 is alive
-2025-08-17 02:10:58.293 -DEBUG 30417 --- [l-1:housekeeper] com.zaxxer.hikari.pool.HikariPool        : HikariPool-1 - Before cleanup stats (total=5/10, idle=5/5, active=0, waiting=0)
-2025-08-17 02:10:58.293 -DEBUG 30417 --- [l-1:housekeeper] com.zaxxer.hikari.pool.HikariPool        : HikariPool-1 - After  cleanup stats (total=5/10, idle=5/5, active=0, waiting=0)
-2025-08-17 02:10:58.293 -DEBUG 30417 --- [l-1:housekeeper] com.zaxxer.hikari.pool.HikariPool        : HikariPool-1 - Fill pool skipped, pool has sufficient level or currently being filled.
-2025-08-17 02:11:28.299 -DEBUG 30417 --- [l-1:housekeeper] com.zaxxer.hikari.pool.HikariPool        : HikariPool-1 - Before cleanup stats (total=5/10, idle=5/5, active=0, waiting=0)
-2025-08-17 02:11:28.299 -DEBUG 30417 --- [l-1:housekeeper] com.zaxxer.hikari.pool.HikariPool        : HikariPool-1 - After  cleanup stats (total=5/10, idle=5/5, active=0, waiting=0)
-2025-08-17 02:11:28.299 -DEBUG 30417 --- [l-1:housekeeper] com.zaxxer.hikari.pool.HikariPool        : HikariPool-1 - Fill pool skipped, pool has sufficient level or currently being filled.
-2025-08-17 02:11:58.302 -DEBUG 30417 --- [l-1:housekeeper] com.zaxxer.hikari.pool.HikariPool        : HikariPool-1 - Before cleanup stats (total=5/10, idle=5/5, active=0, waiting=0)
-2025-08-17 02:11:58.304 -DEBUG 30417 --- [l-1:housekeeper] com.zaxxer.hikari.pool.HikariPool        : HikariPool-1 - After  cleanup stats (total=5/10, idle=5/5, active=0, waiting=0)
-2025-08-17 02:11:58.304 -DEBUG 30417 --- [l-1:housekeeper] com.zaxxer.hikari.pool.HikariPool        : HikariPool-1 - Fill pool skipped, pool has sufficient level or currently being filled.
-2025-08-17 02:12:23.883 -DEBUG 30417 --- [l-1:housekeeper] com.zaxxer.hikari.pool.HikariPool        : HikariPool-1 - keepalive: connection com.mysql.cj.jdbc.ConnectionImpl@5a60d21 is alive
-2025-08-17 02:12:25.175 -DEBUG 30417 --- [l-1:housekeeper] com.zaxxer.hikari.pool.HikariPool        : HikariPool-1 - keepalive: connection com.mysql.cj.jdbc.ConnectionImpl@34589ee8 is alive
-2025-08-17 02:12:26.495 -DEBUG 30417 --- [l-1:housekeeper] com.zaxxer.hikari.pool.HikariPool        : HikariPool-1 - keepalive: connection com.mysql.cj.jdbc.ConnectionImpl@756594d3 is alive
-2025-08-17 02:12:28.310 -DEBUG 30417 --- [l-1:housekeeper] com.zaxxer.hikari.pool.HikariPool        : HikariPool-1 - Before cleanup stats (total=5/10, idle=5/5, active=0, waiting=0)
-2025-08-17 02:12:28.310 -DEBUG 30417 --- [l-1:housekeeper] com.zaxxer.hikari.pool.HikariPool        : HikariPool-1 - After  cleanup stats (total=5/10, idle=5/5, active=0, waiting=0)
-2025-08-17 02:12:28.310 -DEBUG 30417 --- [l-1:housekeeper] com.zaxxer.hikari.pool.HikariPool        : HikariPool-1 - Fill pool skipped, pool has sufficient level or currently being filled.
-2025-08-17 02:12:30.135 -DEBUG 30417 --- [l-1:housekeeper] com.zaxxer.hikari.pool.HikariPool        : HikariPool-1 - keepalive: connection com.mysql.cj.jdbc.ConnectionImpl@547761a7 is alive
-2025-08-17 02:12:38.966 -DEBUG 30417 --- [l-1:housekeeper] com.zaxxer.hikari.pool.HikariPool        : HikariPool-1 - keepalive: connection com.mysql.cj.jdbc.ConnectionImpl@5bc04a32 is alive
-2025-08-17 02:12:58.312 -DEBUG 30417 --- [l-1:housekeeper] com.zaxxer.hikari.pool.HikariPool        : HikariPool-1 - Before cleanup stats (total=5/10, idle=5/5, active=0, waiting=0)
-2025-08-17 02:12:58.313 -DEBUG 30417 --- [l-1:housekeeper] com.zaxxer.hikari.pool.HikariPool        : HikariPool-1 - After  cleanup stats (total=5/10, idle=5/5, active=0, waiting=0)
-2025-08-17 02:12:58.313 -DEBUG 30417 --- [l-1:housekeeper] com.zaxxer.hikari.pool.HikariPool        : HikariPool-1 - Fill pool skipped, pool has sufficient level or currently being filled.
-2025-08-17 02:13:28.317 -DEBUG 30417 --- [l-1:housekeeper] com.zaxxer.hikari.pool.HikariPool        : HikariPool-1 - Before cleanup stats (total=5/10, idle=5/5, active=0, waiting=0)
-2025-08-17 02:13:28.319 -DEBUG 30417 --- [l-1:housekeeper] com.zaxxer.hikari.pool.HikariPool        : HikariPool-1 - After  cleanup stats (total=5/10, idle=5/5, active=0, waiting=0)
-2025-08-17 02:13:28.319 -DEBUG 30417 --- [l-1:housekeeper] com.zaxxer.hikari.pool.HikariPool        : HikariPool-1 - Fill pool skipped, pool has sufficient level or currently being filled.
-2025-08-17 02:13:58.328 -DEBUG 30417 --- [l-1:housekeeper] com.zaxxer.hikari.pool.HikariPool        : HikariPool-1 - Before cleanup stats (total=5/10, idle=5/5, active=0, waiting=0)
-2025-08-17 02:13:58.329 -DEBUG 30417 --- [l-1:housekeeper] com.zaxxer.hikari.pool.HikariPool        : HikariPool-1 - After  cleanup stats (total=5/10, idle=5/5, active=0, waiting=0)
-2025-08-17 02:13:58.329 -DEBUG 30417 --- [l-1:housekeeper] com.zaxxer.hikari.pool.HikariPool        : HikariPool-1 - Fill pool skipped, pool has sufficient level or currently being filled.
-2025-08-17 02:14:06.542 -DEBUG 30417 --- [l-1:housekeeper] com.zaxxer.hikari.pool.HikariPool        : HikariPool-1 - keepalive: connection com.mysql.cj.jdbc.ConnectionImpl@5a60d21 is alive
-2025-08-17 02:14:08.531 -DEBUG 30417 --- [l-1:housekeeper] com.zaxxer.hikari.pool.HikariPool        : HikariPool-1 - keepalive: connection com.mysql.cj.jdbc.ConnectionImpl@34589ee8 is alive
-2025-08-17 02:14:10.552 -DEBUG 30417 --- [l-1:housekeeper] com.zaxxer.hikari.pool.HikariPool        : HikariPool-1 - keepalive: connection com.mysql.cj.jdbc.ConnectionImpl@756594d3 is alive
-2025-08-17 02:14:15.877 -DEBUG 30417 --- [l-1:housekeeper] com.zaxxer.hikari.pool.HikariPool        : HikariPool-1 - keepalive: connection com.mysql.cj.jdbc.ConnectionImpl@547761a7 is alive
-2025-08-17 02:14:28.332 -DEBUG 30417 --- [l-1:housekeeper] com.zaxxer.hikari.pool.HikariPool        : HikariPool-1 - Before cleanup stats (total=5/10, idle=5/5, active=0, waiting=0)
-2025-08-17 02:14:28.332 -DEBUG 30417 --- [l-1:housekeeper] com.zaxxer.hikari.pool.HikariPool        : HikariPool-1 - After  cleanup stats (total=5/10, idle=5/5, active=0, waiting=0)
-2025-08-17 02:14:28.332 -DEBUG 30417 --- [l-1:housekeeper] com.zaxxer.hikari.pool.HikariPool        : HikariPool-1 - Fill pool skipped, pool has sufficient level or currently being filled.
-2025-08-17 02:14:29.057 -DEBUG 30417 --- [l-1:housekeeper] com.zaxxer.hikari.pool.HikariPool        : HikariPool-1 - keepalive: connection com.mysql.cj.jdbc.ConnectionImpl@5bc04a32 is alive
-2025-08-17 02:14:58.340 -DEBUG 30417 --- [l-1:housekeeper] com.zaxxer.hikari.pool.HikariPool        : HikariPool-1 - Before cleanup stats (total=5/10, idle=5/5, active=0, waiting=0)
-2025-08-17 02:14:58.341 -DEBUG 30417 --- [l-1:housekeeper] com.zaxxer.hikari.pool.HikariPool        : HikariPool-1 - After  cleanup stats (total=5/10, idle=5/5, active=0, waiting=0)
-2025-08-17 02:14:58.341 -DEBUG 30417 --- [l-1:housekeeper] com.zaxxer.hikari.pool.HikariPool        : HikariPool-1 - Fill pool skipped, pool has sufficient level or currently being filled.
-2025-08-17 02:15:28.343 -DEBUG 30417 --- [l-1:housekeeper] com.zaxxer.hikari.pool.HikariPool        : HikariPool-1 - Before cleanup stats (total=5/10, idle=5/5, active=0, waiting=0)
-2025-08-17 02:15:28.345 -DEBUG 30417 --- [l-1:housekeeper] com.zaxxer.hikari.pool.HikariPool        : HikariPool-1 - After  cleanup stats (total=5/10, idle=5/5, active=0, waiting=0)
-2025-08-17 02:15:28.345 -DEBUG 30417 --- [l-1:housekeeper] com.zaxxer.hikari.pool.HikariPool        : HikariPool-1 - Fill pool skipped, pool has sufficient level or currently being filled.
-2025-08-17 02:15:49.193 -DEBUG 30417 --- [l-1:housekeeper] com.zaxxer.hikari.pool.HikariPool        : HikariPool-1 - keepalive: connection com.mysql.cj.jdbc.ConnectionImpl@5a60d21 is alive
-2025-08-17 02:15:51.882 -DEBUG 30417 --- [l-1:housekeeper] com.zaxxer.hikari.pool.HikariPool        : HikariPool-1 - keepalive: connection com.mysql.cj.jdbc.ConnectionImpl@34589ee8 is alive
-2025-08-17 02:15:54.618 -DEBUG 30417 --- [l-1:housekeeper] com.zaxxer.hikari.pool.HikariPool        : HikariPool-1 - keepalive: connection com.mysql.cj.jdbc.ConnectionImpl@756594d3 is alive
-2025-08-17 02:15:58.355 -DEBUG 30417 --- [l-1:housekeeper] com.zaxxer.hikari.pool.HikariPool        : HikariPool-1 - Before cleanup stats (total=5/10, idle=5/5, active=0, waiting=0)
-2025-08-17 02:15:58.356 -DEBUG 30417 --- [l-1:housekeeper] com.zaxxer.hikari.pool.HikariPool        : HikariPool-1 - After  cleanup stats (total=5/10, idle=5/5, active=0, waiting=0)
-2025-08-17 02:15:58.356 -DEBUG 30417 --- [l-1:housekeeper] com.zaxxer.hikari.pool.HikariPool        : HikariPool-1 - Fill pool skipped, pool has sufficient level or currently being filled.
-2025-08-17 02:16:01.617 -DEBUG 30417 --- [l-1:housekeeper] com.zaxxer.hikari.pool.HikariPool        : HikariPool-1 - keepalive: connection com.mysql.cj.jdbc.ConnectionImpl@547761a7 is alive
-2025-08-17 02:16:19.146 -DEBUG 30417 --- [l-1:housekeeper] com.zaxxer.hikari.pool.HikariPool        : HikariPool-1 - keepalive: connection com.mysql.cj.jdbc.ConnectionImpl@5bc04a32 is alive
-2025-08-17 02:16:28.365 -DEBUG 30417 --- [l-1:housekeeper] com.zaxxer.hikari.pool.HikariPool        : HikariPool-1 - Before cleanup stats (total=5/10, idle=5/5, active=0, waiting=0)
-2025-08-17 02:16:28.366 -DEBUG 30417 --- [l-1:housekeeper] com.zaxxer.hikari.pool.HikariPool        : HikariPool-1 - After  cleanup stats (total=5/10, idle=5/5, active=0, waiting=0)
-2025-08-17 02:16:28.366 -DEBUG 30417 --- [l-1:housekeeper] com.zaxxer.hikari.pool.HikariPool        : HikariPool-1 - Fill pool skipped, pool has sufficient level or currently being filled.
-2025-08-17 02:16:58.373 -DEBUG 30417 --- [l-1:housekeeper] com.zaxxer.hikari.pool.HikariPool        : HikariPool-1 - Before cleanup stats (total=5/10, idle=5/5, active=0, waiting=0)
-2025-08-17 02:16:58.374 -DEBUG 30417 --- [l-1:housekeeper] com.zaxxer.hikari.pool.HikariPool        : HikariPool-1 - After  cleanup stats (total=5/10, idle=5/5, active=0, waiting=0)
-2025-08-17 02:16:58.374 -DEBUG 30417 --- [l-1:housekeeper] com.zaxxer.hikari.pool.HikariPool        : HikariPool-1 - Fill pool skipped, pool has sufficient level or currently being filled.
-2025-08-17 02:17:28.385 -DEBUG 30417 --- [l-1:housekeeper] com.zaxxer.hikari.pool.HikariPool        : HikariPool-1 - Before cleanup stats (total=5/10, idle=5/5, active=0, waiting=0)
-2025-08-17 02:17:28.385 -DEBUG 30417 --- [l-1:housekeeper] com.zaxxer.hikari.pool.HikariPool        : HikariPool-1 - After  cleanup stats (total=5/10, idle=5/5, active=0, waiting=0)
-2025-08-17 02:17:28.385 -DEBUG 30417 --- [l-1:housekeeper] com.zaxxer.hikari.pool.HikariPool        : HikariPool-1 - Fill pool skipped, pool has sufficient level or currently being filled.
-2025-08-17 02:17:31.849 -DEBUG 30417 --- [l-1:housekeeper] com.zaxxer.hikari.pool.HikariPool        : HikariPool-1 - keepalive: connection com.mysql.cj.jdbc.ConnectionImpl@5a60d21 is alive
-2025-08-17 02:17:35.237 -DEBUG 30417 --- [l-1:housekeeper] com.zaxxer.hikari.pool.HikariPool        : HikariPool-1 - keepalive: connection com.mysql.cj.jdbc.ConnectionImpl@34589ee8 is alive
-2025-08-17 02:17:38.685 -DEBUG 30417 --- [l-1:housekeeper] com.zaxxer.hikari.pool.HikariPool        : HikariPool-1 - keepalive: connection com.mysql.cj.jdbc.ConnectionImpl@756594d3 is alive
-2025-08-17 02:17:47.351 -DEBUG 30417 --- [l-1:housekeeper] com.zaxxer.hikari.pool.HikariPool        : HikariPool-1 - keepalive: connection com.mysql.cj.jdbc.ConnectionImpl@547761a7 is alive
-2025-08-17 02:17:58.394 -DEBUG 30417 --- [l-1:housekeeper] com.zaxxer.hikari.pool.HikariPool        : HikariPool-1 - Before cleanup stats (total=5/10, idle=5/5, active=0, waiting=0)
-2025-08-17 02:17:58.394 -DEBUG 30417 --- [l-1:housekeeper] com.zaxxer.hikari.pool.HikariPool        : HikariPool-1 - After  cleanup stats (total=5/10, idle=5/5, active=0, waiting=0)
-2025-08-17 02:17:58.395 -DEBUG 30417 --- [l-1:housekeeper] com.zaxxer.hikari.pool.HikariPool        : HikariPool-1 - Fill pool skipped, pool has sufficient level or currently being filled.
-2025-08-17 02:18:09.239 -DEBUG 30417 --- [l-1:housekeeper] com.zaxxer.hikari.pool.HikariPool        : HikariPool-1 - keepalive: connection com.mysql.cj.jdbc.ConnectionImpl@5bc04a32 is alive
-2025-08-17 02:18:28.398 -DEBUG 30417 --- [l-1:housekeeper] com.zaxxer.hikari.pool.HikariPool        : HikariPool-1 - Before cleanup stats (total=5/10, idle=5/5, active=0, waiting=0)
-2025-08-17 02:18:28.398 -DEBUG 30417 --- [l-1:housekeeper] com.zaxxer.hikari.pool.HikariPool        : HikariPool-1 - After  cleanup stats (total=5/10, idle=5/5, active=0, waiting=0)
-2025-08-17 02:18:28.399 -DEBUG 30417 --- [l-1:housekeeper] com.zaxxer.hikari.pool.HikariPool        : HikariPool-1 - Fill pool skipped, pool has sufficient level or currently being filled.
-2025-08-17 02:18:58.403 -DEBUG 30417 --- [l-1:housekeeper] com.zaxxer.hikari.pool.HikariPool        : HikariPool-1 - Before cleanup stats (total=5/10, idle=5/5, active=0, waiting=0)
-2025-08-17 02:18:58.405 -DEBUG 30417 --- [l-1:housekeeper] com.zaxxer.hikari.pool.HikariPool        : HikariPool-1 - After  cleanup stats (total=5/10, idle=5/5, active=0, waiting=0)
-2025-08-17 02:18:58.405 -DEBUG 30417 --- [l-1:housekeeper] com.zaxxer.hikari.pool.HikariPool        : HikariPool-1 - Fill pool skipped, pool has sufficient level or currently being filled.
-2025-08-17 02:19:14.503 -DEBUG 30417 --- [l-1:housekeeper] com.zaxxer.hikari.pool.HikariPool        : HikariPool-1 - keepalive: connection com.mysql.cj.jdbc.ConnectionImpl@5a60d21 is alive
-2025-08-17 02:19:18.595 -DEBUG 30417 --- [l-1:housekeeper] com.zaxxer.hikari.pool.HikariPool        : HikariPool-1 - keepalive: connection com.mysql.cj.jdbc.ConnectionImpl@34589ee8 is alive
-2025-08-17 02:19:22.747 -DEBUG 30417 --- [l-1:housekeeper] com.zaxxer.hikari.pool.HikariPool        : HikariPool-1 - keepalive: connection com.mysql.cj.jdbc.ConnectionImpl@756594d3 is alive
-2025-08-17 02:19:28.415 -DEBUG 30417 --- [l-1:housekeeper] com.zaxxer.hikari.pool.HikariPool        : HikariPool-1 - Before cleanup stats (total=5/10, idle=5/5, active=0, waiting=0)
-2025-08-17 02:19:28.416 -DEBUG 30417 --- [l-1:housekeeper] com.zaxxer.hikari.pool.HikariPool        : HikariPool-1 - After  cleanup stats (total=5/10, idle=5/5, active=0, waiting=0)
-2025-08-17 02:19:28.416 -DEBUG 30417 --- [l-1:housekeeper] com.zaxxer.hikari.pool.HikariPool        : HikariPool-1 - Fill pool skipped, pool has sufficient level or currently being filled.
-2025-08-17 02:19:33.094 -DEBUG 30417 --- [l-1:housekeeper] com.zaxxer.hikari.pool.HikariPool        : HikariPool-1 - keepalive: connection com.mysql.cj.jdbc.ConnectionImpl@547761a7 is alive
-2025-08-17 02:19:58.421 -DEBUG 30417 --- [l-1:housekeeper] com.zaxxer.hikari.pool.HikariPool        : HikariPool-1 - Before cleanup stats (total=5/10, idle=5/5, active=0, waiting=0)
-2025-08-17 02:19:58.422 -DEBUG 30417 --- [l-1:housekeeper] com.zaxxer.hikari.pool.HikariPool        : HikariPool-1 - After  cleanup stats (total=5/10, idle=5/5, active=0, waiting=0)
-2025-08-17 02:19:58.422 -DEBUG 30417 --- [l-1:housekeeper] com.zaxxer.hikari.pool.HikariPool        : HikariPool-1 - Fill pool skipped, pool has sufficient level or currently being filled.
-2025-08-17 02:19:59.333 -DEBUG 30417 --- [l-1:housekeeper] com.zaxxer.hikari.pool.HikariPool        : HikariPool-1 - keepalive: connection com.mysql.cj.jdbc.ConnectionImpl@5bc04a32 is alive
-2025-08-17 02:20:28.429 -DEBUG 30417 --- [l-1:housekeeper] com.zaxxer.hikari.pool.HikariPool        : HikariPool-1 - Before cleanup stats (total=5/10, idle=5/5, active=0, waiting=0)
-2025-08-17 02:20:28.430 -DEBUG 30417 --- [l-1:housekeeper] com.zaxxer.hikari.pool.HikariPool        : HikariPool-1 - After  cleanup stats (total=5/10, idle=5/5, active=0, waiting=0)
-2025-08-17 02:20:28.430 -DEBUG 30417 --- [l-1:housekeeper] com.zaxxer.hikari.pool.HikariPool        : HikariPool-1 - Fill pool skipped, pool has sufficient level or currently being filled.
-2025-08-17 02:20:57.155 -DEBUG 30417 --- [l-1:housekeeper] com.zaxxer.hikari.pool.HikariPool        : HikariPool-1 - keepalive: connection com.mysql.cj.jdbc.ConnectionImpl@5a60d21 is alive
-2025-08-17 02:20:58.436 -DEBUG 30417 --- [l-1:housekeeper] com.zaxxer.hikari.pool.HikariPool        : HikariPool-1 - Before cleanup stats (total=5/10, idle=5/5, active=0, waiting=0)
-2025-08-17 02:20:58.436 -DEBUG 30417 --- [l-1:housekeeper] com.zaxxer.hikari.pool.HikariPool        : HikariPool-1 - After  cleanup stats (total=5/10, idle=5/5, active=0, waiting=0)
-2025-08-17 02:20:58.437 -DEBUG 30417 --- [l-1:housekeeper] com.zaxxer.hikari.pool.HikariPool        : HikariPool-1 - Fill pool skipped, pool has sufficient level or currently being filled.
-2025-08-17 02:21:01.952 -DEBUG 30417 --- [l-1:housekeeper] com.zaxxer.hikari.pool.HikariPool        : HikariPool-1 - keepalive: connection com.mysql.cj.jdbc.ConnectionImpl@34589ee8 is alive
-2025-08-17 02:21:06.810 -DEBUG 30417 --- [l-1:housekeeper] com.zaxxer.hikari.pool.HikariPool        : HikariPool-1 - keepalive: connection com.mysql.cj.jdbc.ConnectionImpl@756594d3 is alive
-2025-08-17 02:21:18.823 -DEBUG 30417 --- [l-1:housekeeper] com.zaxxer.hikari.pool.HikariPool        : HikariPool-1 - keepalive: connection com.mysql.cj.jdbc.ConnectionImpl@547761a7 is alive
-2025-08-17 02:21:28.441 -DEBUG 30417 --- [l-1:housekeeper] com.zaxxer.hikari.pool.HikariPool        : HikariPool-1 - Before cleanup stats (total=5/10, idle=5/5, active=0, waiting=0)
-2025-08-17 02:21:28.441 -DEBUG 30417 --- [l-1:housekeeper] com.zaxxer.hikari.pool.HikariPool        : HikariPool-1 - After  cleanup stats (total=5/10, idle=5/5, active=0, waiting=0)
-2025-08-17 02:21:28.441 -DEBUG 30417 --- [l-1:housekeeper] com.zaxxer.hikari.pool.HikariPool        : HikariPool-1 - Fill pool skipped, pool has sufficient level or currently being filled.
-2025-08-17 02:21:49.430 -DEBUG 30417 --- [l-1:housekeeper] com.zaxxer.hikari.pool.HikariPool        : HikariPool-1 - keepalive: connection com.mysql.cj.jdbc.ConnectionImpl@5bc04a32 is alive
-2025-08-17 02:21:58.448 -DEBUG 30417 --- [l-1:housekeeper] com.zaxxer.hikari.pool.HikariPool        : HikariPool-1 - Before cleanup stats (total=5/10, idle=5/5, active=0, waiting=0)
-2025-08-17 02:21:58.448 -DEBUG 30417 --- [l-1:housekeeper] com.zaxxer.hikari.pool.HikariPool        : HikariPool-1 - After  cleanup stats (total=5/10, idle=5/5, active=0, waiting=0)
-2025-08-17 02:21:58.448 -DEBUG 30417 --- [l-1:housekeeper] com.zaxxer.hikari.pool.HikariPool        : HikariPool-1 - Fill pool skipped, pool has sufficient level or currently being filled.
-2025-08-17 02:22:28.452 -DEBUG 30417 --- [l-1:housekeeper] com.zaxxer.hikari.pool.HikariPool        : HikariPool-1 - Before cleanup stats (total=5/10, idle=5/5, active=0, waiting=0)
-2025-08-17 02:22:28.453 -DEBUG 30417 --- [l-1:housekeeper] com.zaxxer.hikari.pool.HikariPool        : HikariPool-1 - After  cleanup stats (total=5/10, idle=5/5, active=0, waiting=0)
-2025-08-17 02:22:28.453 -DEBUG 30417 --- [l-1:housekeeper] com.zaxxer.hikari.pool.HikariPool        : HikariPool-1 - Fill pool skipped, pool has sufficient level or currently being filled.
-2025-08-17 02:22:39.802 -DEBUG 30417 --- [l-1:housekeeper] com.zaxxer.hikari.pool.HikariPool        : HikariPool-1 - keepalive: connection com.mysql.cj.jdbc.ConnectionImpl@5a60d21 is alive
-2025-08-17 02:22:45.306 -DEBUG 30417 --- [l-1:housekeeper] com.zaxxer.hikari.pool.HikariPool        : HikariPool-1 - keepalive: connection com.mysql.cj.jdbc.ConnectionImpl@34589ee8 is alive
-2025-08-17 02:22:50.878 -DEBUG 30417 --- [l-1:housekeeper] com.zaxxer.hikari.pool.HikariPool        : HikariPool-1 - keepalive: connection com.mysql.cj.jdbc.ConnectionImpl@756594d3 is alive
-2025-08-17 02:22:58.458 -DEBUG 30417 --- [l-1:housekeeper] com.zaxxer.hikari.pool.HikariPool        : HikariPool-1 - Before cleanup stats (total=5/10, idle=5/5, active=0, waiting=0)
-2025-08-17 02:22:58.459 -DEBUG 30417 --- [l-1:housekeeper] com.zaxxer.hikari.pool.HikariPool        : HikariPool-1 - After  cleanup stats (total=5/10, idle=5/5, active=0, waiting=0)
-2025-08-17 02:22:58.460 -DEBUG 30417 --- [l-1:housekeeper] com.zaxxer.hikari.pool.HikariPool        : HikariPool-1 - Fill pool skipped, pool has sufficient level or currently being filled.
-2025-08-17 02:23:04.554 -DEBUG 30417 --- [l-1:housekeeper] com.zaxxer.hikari.pool.HikariPool        : HikariPool-1 - keepalive: connection com.mysql.cj.jdbc.ConnectionImpl@547761a7 is alive
-2025-08-17 02:23:28.468 -DEBUG 30417 --- [l-1:housekeeper] com.zaxxer.hikari.pool.HikariPool        : HikariPool-1 - Before cleanup stats (total=5/10, idle=5/5, active=0, waiting=0)
-2025-08-17 02:23:28.470 -DEBUG 30417 --- [l-1:housekeeper] com.zaxxer.hikari.pool.HikariPool        : HikariPool-1 - After  cleanup stats (total=5/10, idle=5/5, active=0, waiting=0)
-2025-08-17 02:23:28.470 -DEBUG 30417 --- [l-1:housekeeper] com.zaxxer.hikari.pool.HikariPool        : HikariPool-1 - Fill pool skipped, pool has sufficient level or currently being filled.
-2025-08-17 02:23:39.527 -DEBUG 30417 --- [l-1:housekeeper] com.zaxxer.hikari.pool.HikariPool        : HikariPool-1 - keepalive: connection com.mysql.cj.jdbc.ConnectionImpl@5bc04a32 is alive
-2025-08-17 02:23:58.480 -DEBUG 30417 --- [l-1:housekeeper] com.zaxxer.hikari.pool.HikariPool        : HikariPool-1 - Before cleanup stats (total=5/10, idle=5/5, active=0, waiting=0)
-2025-08-17 02:23:58.481 -DEBUG 30417 --- [l-1:housekeeper] com.zaxxer.hikari.pool.HikariPool        : HikariPool-1 - After  cleanup stats (total=5/10, idle=5/5, active=0, waiting=0)
-2025-08-17 02:23:58.481 -DEBUG 30417 --- [l-1:housekeeper] com.zaxxer.hikari.pool.HikariPool        : HikariPool-1 - Fill pool skipped, pool has sufficient level or currently being filled.
-2025-08-17 02:24:22.459 -DEBUG 30417 --- [l-1:housekeeper] com.zaxxer.hikari.pool.HikariPool        : HikariPool-1 - keepalive: connection com.mysql.cj.jdbc.ConnectionImpl@5a60d21 is alive
-2025-08-17 02:24:28.490 -DEBUG 30417 --- [l-1:housekeeper] com.zaxxer.hikari.pool.HikariPool        : HikariPool-1 - Before cleanup stats (total=5/10, idle=5/5, active=0, waiting=0)
-2025-08-17 02:24:28.490 -DEBUG 30417 --- [l-1:housekeeper] com.zaxxer.hikari.pool.HikariPool        : HikariPool-1 - After  cleanup stats (total=5/10, idle=5/5, active=0, waiting=0)
-2025-08-17 02:24:28.490 -DEBUG 30417 --- [l-1:housekeeper] com.zaxxer.hikari.pool.HikariPool        : HikariPool-1 - Fill pool skipped, pool has sufficient level or currently being filled.
-2025-08-17 02:24:28.657 -DEBUG 30417 --- [l-1:housekeeper] com.zaxxer.hikari.pool.HikariPool        : HikariPool-1 - keepalive: connection com.mysql.cj.jdbc.ConnectionImpl@34589ee8 is alive
-2025-08-17 02:24:34.942 -DEBUG 30417 --- [l-1:housekeeper] com.zaxxer.hikari.pool.HikariPool        : HikariPool-1 - keepalive: connection com.mysql.cj.jdbc.ConnectionImpl@756594d3 is alive
-2025-08-17 02:24:50.290 -DEBUG 30417 --- [l-1:housekeeper] com.zaxxer.hikari.pool.HikariPool        : HikariPool-1 - keepalive: connection com.mysql.cj.jdbc.ConnectionImpl@547761a7 is alive
-2025-08-17 02:24:58.501 -DEBUG 30417 --- [l-1:housekeeper] com.zaxxer.hikari.pool.HikariPool        : HikariPool-1 - Before cleanup stats (total=5/10, idle=5/5, active=0, waiting=0)
-2025-08-17 02:24:58.501 -DEBUG 30417 --- [l-1:housekeeper] com.zaxxer.hikari.pool.HikariPool        : HikariPool-1 - After  cleanup stats (total=5/10, idle=5/5, active=0, waiting=0)
-2025-08-17 02:24:58.501 -DEBUG 30417 --- [l-1:housekeeper] com.zaxxer.hikari.pool.HikariPool        : HikariPool-1 - Fill pool skipped, pool has sufficient level or currently being filled.
-2025-08-17 02:25:28.503 -DEBUG 30417 --- [l-1:housekeeper] com.zaxxer.hikari.pool.HikariPool        : HikariPool-1 - Before cleanup stats (total=5/10, idle=5/5, active=0, waiting=0)
-2025-08-17 02:25:28.504 -DEBUG 30417 --- [l-1:housekeeper] com.zaxxer.hikari.pool.HikariPool        : HikariPool-1 - After  cleanup stats (total=5/10, idle=5/5, active=0, waiting=0)
-2025-08-17 02:25:28.504 -DEBUG 30417 --- [l-1:housekeeper] com.zaxxer.hikari.pool.HikariPool        : HikariPool-1 - Fill pool skipped, pool has sufficient level or currently being filled.
-2025-08-17 02:25:29.622 -DEBUG 30417 --- [l-1:housekeeper] com.zaxxer.hikari.pool.HikariPool        : HikariPool-1 - keepalive: connection com.mysql.cj.jdbc.ConnectionImpl@5bc04a32 is alive
-2025-08-17 02:25:58.514 -DEBUG 30417 --- [l-1:housekeeper] com.zaxxer.hikari.pool.HikariPool        : HikariPool-1 - Before cleanup stats (total=5/10, idle=5/5, active=0, waiting=0)
-2025-08-17 02:25:58.516 -DEBUG 30417 --- [l-1:housekeeper] com.zaxxer.hikari.pool.HikariPool        : HikariPool-1 - After  cleanup stats (total=5/10, idle=5/5, active=0, waiting=0)
-2025-08-17 02:25:58.516 -DEBUG 30417 --- [l-1:housekeeper] com.zaxxer.hikari.pool.HikariPool        : HikariPool-1 - Fill pool skipped, pool has sufficient level or currently being filled.
-2025-08-17 02:26:05.115 -DEBUG 30417 --- [l-1:housekeeper] com.zaxxer.hikari.pool.HikariPool        : HikariPool-1 - keepalive: connection com.mysql.cj.jdbc.ConnectionImpl@5a60d21 is alive
-2025-08-17 02:26:12.008 -DEBUG 30417 --- [l-1:housekeeper] com.zaxxer.hikari.pool.HikariPool        : HikariPool-1 - keepalive: connection com.mysql.cj.jdbc.ConnectionImpl@34589ee8 is alive
-2025-08-17 02:26:19.008 -DEBUG 30417 --- [l-1:housekeeper] com.zaxxer.hikari.pool.HikariPool        : HikariPool-1 - keepalive: connection com.mysql.cj.jdbc.ConnectionImpl@756594d3 is alive
-2025-08-17 02:26:28.519 -DEBUG 30417 --- [l-1:housekeeper] com.zaxxer.hikari.pool.HikariPool        : HikariPool-1 - Before cleanup stats (total=5/10, idle=5/5, active=0, waiting=0)
-2025-08-17 02:26:28.520 -DEBUG 30417 --- [l-1:housekeeper] com.zaxxer.hikari.pool.HikariPool        : HikariPool-1 - After  cleanup stats (total=5/10, idle=5/5, active=0, waiting=0)
-2025-08-17 02:26:28.520 -DEBUG 30417 --- [l-1:housekeeper] com.zaxxer.hikari.pool.HikariPool        : HikariPool-1 - Fill pool skipped, pool has sufficient level or currently being filled.
-2025-08-17 02:26:36.025 -DEBUG 30417 --- [l-1:housekeeper] com.zaxxer.hikari.pool.HikariPool        : HikariPool-1 - keepalive: connection com.mysql.cj.jdbc.ConnectionImpl@547761a7 is alive
-2025-08-17 02:26:58.530 -DEBUG 30417 --- [l-1:housekeeper] com.zaxxer.hikari.pool.HikariPool        : HikariPool-1 - Before cleanup stats (total=5/10, idle=5/5, active=0, waiting=0)
-2025-08-17 02:26:58.530 -DEBUG 30417 --- [l-1:housekeeper] com.zaxxer.hikari.pool.HikariPool        : HikariPool-1 - After  cleanup stats (total=5/10, idle=5/5, active=0, waiting=0)
-2025-08-17 02:26:58.530 -DEBUG 30417 --- [l-1:housekeeper] com.zaxxer.hikari.pool.HikariPool        : HikariPool-1 - Fill pool skipped, pool has sufficient level or currently being filled.
-2025-08-17 02:27:19.716 -DEBUG 30417 --- [l-1:housekeeper] com.zaxxer.hikari.pool.HikariPool        : HikariPool-1 - keepalive: connection com.mysql.cj.jdbc.ConnectionImpl@5bc04a32 is alive
-2025-08-17 02:27:28.538 -DEBUG 30417 --- [l-1:housekeeper] com.zaxxer.hikari.pool.HikariPool        : HikariPool-1 - Before cleanup stats (total=5/10, idle=5/5, active=0, waiting=0)
-2025-08-17 02:27:28.539 -DEBUG 30417 --- [l-1:housekeeper] com.zaxxer.hikari.pool.HikariPool        : HikariPool-1 - After  cleanup stats (total=5/10, idle=5/5, active=0, waiting=0)
-2025-08-17 02:27:28.539 -DEBUG 30417 --- [l-1:housekeeper] com.zaxxer.hikari.pool.HikariPool        : HikariPool-1 - Fill pool skipped, pool has sufficient level or currently being filled.
-2025-08-17 02:27:47.770 -DEBUG 30417 --- [l-1:housekeeper] com.zaxxer.hikari.pool.HikariPool        : HikariPool-1 - keepalive: connection com.mysql.cj.jdbc.ConnectionImpl@5a60d21 is alive
-2025-08-17 02:27:55.369 -DEBUG 30417 --- [l-1:housekeeper] com.zaxxer.hikari.pool.HikariPool        : HikariPool-1 - keepalive: connection com.mysql.cj.jdbc.ConnectionImpl@34589ee8 is alive
-2025-08-17 02:27:58.543 -DEBUG 30417 --- [l-1:housekeeper] com.zaxxer.hikari.pool.HikariPool        : HikariPool-1 - Before cleanup stats (total=5/10, idle=5/5, active=0, waiting=0)
-2025-08-17 02:27:58.543 -DEBUG 30417 --- [l-1:housekeeper] com.zaxxer.hikari.pool.HikariPool        : HikariPool-1 - After  cleanup stats (total=5/10, idle=5/5, active=0, waiting=0)
-2025-08-17 02:27:58.543 -DEBUG 30417 --- [l-1:housekeeper] com.zaxxer.hikari.pool.HikariPool        : HikariPool-1 - Fill pool skipped, pool has sufficient level or currently being filled.
-2025-08-17 02:28:03.063 -DEBUG 30417 --- [l-1:housekeeper] com.zaxxer.hikari.pool.HikariPool        : HikariPool-1 - keepalive: connection com.mysql.cj.jdbc.ConnectionImpl@756594d3 is alive
-2025-08-17 02:28:21.764 -DEBUG 30417 --- [l-1:housekeeper] com.zaxxer.hikari.pool.HikariPool        : HikariPool-1 - keepalive: connection com.mysql.cj.jdbc.ConnectionImpl@547761a7 is alive
-2025-08-17 02:28:28.548 -DEBUG 30417 --- [l-1:housekeeper] com.zaxxer.hikari.pool.HikariPool        : HikariPool-1 - Before cleanup stats (total=5/10, idle=5/5, active=0, waiting=0)
-2025-08-17 02:28:28.548 -DEBUG 30417 --- [l-1:housekeeper] com.zaxxer.hikari.pool.HikariPool        : HikariPool-1 - After  cleanup stats (total=5/10, idle=5/5, active=0, waiting=0)
-2025-08-17 02:28:28.548 -DEBUG 30417 --- [l-1:housekeeper] com.zaxxer.hikari.pool.HikariPool        : HikariPool-1 - Fill pool skipped, pool has sufficient level or currently being filled.
-2025-08-17 02:28:58.552 -DEBUG 30417 --- [l-1:housekeeper] com.zaxxer.hikari.pool.HikariPool        : HikariPool-1 - Before cleanup stats (total=5/10, idle=5/5, active=0, waiting=0)
-2025-08-17 02:28:58.554 -DEBUG 30417 --- [l-1:housekeeper] com.zaxxer.hikari.pool.HikariPool        : HikariPool-1 - After  cleanup stats (total=5/10, idle=5/5, active=0, waiting=0)
-2025-08-17 02:28:58.554 -DEBUG 30417 --- [l-1:housekeeper] com.zaxxer.hikari.pool.HikariPool        : HikariPool-1 - Fill pool skipped, pool has sufficient level or currently being filled.
-2025-08-17 02:29:09.812 -DEBUG 30417 --- [l-1:housekeeper] com.zaxxer.hikari.pool.HikariPool        : HikariPool-1 - keepalive: connection com.mysql.cj.jdbc.ConnectionImpl@5bc04a32 is alive
-2025-08-17 02:29:28.559 -DEBUG 30417 --- [l-1:housekeeper] com.zaxxer.hikari.pool.HikariPool        : HikariPool-1 - Before cleanup stats (total=5/10, idle=5/5, active=0, waiting=0)
-2025-08-17 02:29:28.561 -DEBUG 30417 --- [l-1:housekeeper] com.zaxxer.hikari.pool.HikariPool        : HikariPool-1 - After  cleanup stats (total=5/10, idle=5/5, active=0, waiting=0)
-2025-08-17 02:29:28.561 -DEBUG 30417 --- [l-1:housekeeper] com.zaxxer.hikari.pool.HikariPool        : HikariPool-1 - Fill pool skipped, pool has sufficient level or currently being filled.
-2025-08-17 02:29:30.428 -DEBUG 30417 --- [l-1:housekeeper] com.zaxxer.hikari.pool.HikariPool        : HikariPool-1 - keepalive: connection com.mysql.cj.jdbc.ConnectionImpl@5a60d21 is alive
-2025-08-17 02:29:38.723 -DEBUG 30417 --- [l-1:housekeeper] com.zaxxer.hikari.pool.HikariPool        : HikariPool-1 - keepalive: connection com.mysql.cj.jdbc.ConnectionImpl@34589ee8 is alive
-2025-08-17 02:29:47.129 -DEBUG 30417 --- [l-1:housekeeper] com.zaxxer.hikari.pool.HikariPool        : HikariPool-1 - keepalive: connection com.mysql.cj.jdbc.ConnectionImpl@756594d3 is alive
-2025-08-17 02:29:58.567 -DEBUG 30417 --- [l-1:housekeeper] com.zaxxer.hikari.pool.HikariPool        : HikariPool-1 - Before cleanup stats (total=5/10, idle=5/5, active=0, waiting=0)
-2025-08-17 02:29:58.569 -DEBUG 30417 --- [l-1:housekeeper] com.zaxxer.hikari.pool.HikariPool        : HikariPool-1 - After  cleanup stats (total=5/10, idle=5/5, active=0, waiting=0)
-2025-08-17 02:29:58.569 -DEBUG 30417 --- [l-1:housekeeper] com.zaxxer.hikari.pool.HikariPool        : HikariPool-1 - Fill pool skipped, pool has sufficient level or currently being filled.
-2025-08-17 02:30:07.503 -DEBUG 30417 --- [l-1:housekeeper] com.zaxxer.hikari.pool.HikariPool        : HikariPool-1 - keepalive: connection com.mysql.cj.jdbc.ConnectionImpl@547761a7 is alive
-2025-08-17 02:30:28.579 -DEBUG 30417 --- [l-1:housekeeper] com.zaxxer.hikari.pool.HikariPool        : HikariPool-1 - Before cleanup stats (total=5/10, idle=5/5, active=0, waiting=0)
-2025-08-17 02:30:28.580 -DEBUG 30417 --- [l-1:housekeeper] com.zaxxer.hikari.pool.HikariPool        : HikariPool-1 - After  cleanup stats (total=5/10, idle=5/5, active=0, waiting=0)
-2025-08-17 02:30:28.580 -DEBUG 30417 --- [l-1:housekeeper] com.zaxxer.hikari.pool.HikariPool        : HikariPool-1 - Fill pool skipped, pool has sufficient level or currently being filled.
-2025-08-17 02:30:58.586 -DEBUG 30417 --- [l-1:housekeeper] com.zaxxer.hikari.pool.HikariPool        : HikariPool-1 - Before cleanup stats (total=5/10, idle=5/5, active=0, waiting=0)
-2025-08-17 02:30:58.587 -DEBUG 30417 --- [l-1:housekeeper] com.zaxxer.hikari.pool.HikariPool        : HikariPool-1 - After  cleanup stats (total=5/10, idle=5/5, active=0, waiting=0)
-2025-08-17 02:30:58.587 -DEBUG 30417 --- [l-1:housekeeper] com.zaxxer.hikari.pool.HikariPool        : HikariPool-1 - Fill pool skipped, pool has sufficient level or currently being filled.
-2025-08-17 02:30:59.907 -DEBUG 30417 --- [l-1:housekeeper] com.zaxxer.hikari.pool.HikariPool        : HikariPool-1 - keepalive: connection com.mysql.cj.jdbc.ConnectionImpl@5bc04a32 is alive
-2025-08-17 02:31:13.077 -DEBUG 30417 --- [l-1:housekeeper] com.zaxxer.hikari.pool.HikariPool        : HikariPool-1 - keepalive: connection com.mysql.cj.jdbc.ConnectionImpl@5a60d21 is alive
-2025-08-17 02:31:22.091 -DEBUG 30417 --- [l-1:housekeeper] com.zaxxer.hikari.pool.HikariPool        : HikariPool-1 - keepalive: connection com.mysql.cj.jdbc.ConnectionImpl@34589ee8 is alive
-2025-08-17 02:31:28.594 -DEBUG 30417 --- [l-1:housekeeper] com.zaxxer.hikari.pool.HikariPool        : HikariPool-1 - Before cleanup stats (total=5/10, idle=5/5, active=0, waiting=0)
-2025-08-17 02:31:28.594 -DEBUG 30417 --- [l-1:housekeeper] com.zaxxer.hikari.pool.HikariPool        : HikariPool-1 - After  cleanup stats (total=5/10, idle=5/5, active=0, waiting=0)
-2025-08-17 02:31:28.594 -DEBUG 30417 --- [l-1:housekeeper] com.zaxxer.hikari.pool.HikariPool        : HikariPool-1 - Fill pool skipped, pool has sufficient level or currently being filled.
-2025-08-17 02:31:31.191 -DEBUG 30417 --- [l-1:housekeeper] com.zaxxer.hikari.pool.HikariPool        : HikariPool-1 - keepalive: connection com.mysql.cj.jdbc.ConnectionImpl@756594d3 is alive
-2025-08-17 02:31:53.239 -DEBUG 30417 --- [l-1:housekeeper] com.zaxxer.hikari.pool.HikariPool        : HikariPool-1 - keepalive: connection com.mysql.cj.jdbc.ConnectionImpl@547761a7 is alive
-2025-08-17 02:31:58.595 -DEBUG 30417 --- [l-1:housekeeper] com.zaxxer.hikari.pool.HikariPool        : HikariPool-1 - Before cleanup stats (total=5/10, idle=5/5, active=0, waiting=0)
-2025-08-17 02:31:58.595 -DEBUG 30417 --- [l-1:housekeeper] com.zaxxer.hikari.pool.HikariPool        : HikariPool-1 - After  cleanup stats (total=5/10, idle=5/5, active=0, waiting=0)
-2025-08-17 02:31:58.595 -DEBUG 30417 --- [l-1:housekeeper] com.zaxxer.hikari.pool.HikariPool        : HikariPool-1 - Fill pool skipped, pool has sufficient level or currently being filled.
-2025-08-17 02:32:28.101 -DEBUG 30417 --- [nnection-closer] com.zaxxer.hikari.pool.PoolBase          : HikariPool-1 - Closing connection com.mysql.cj.jdbc.ConnectionImpl@547761a7: (connection has passed maxLifetime)
-2025-08-17 02:32:28.105 -DEBUG 30417 --- [onnection-adder] com.zaxxer.hikari.pool.PoolBase          : HikariPool-1 - Attempting to create/setup new connection (fd05b001-fc71-4f96-a962-f2b4879180b5)
-2025-08-17 02:32:28.210 -DEBUG 30417 --- [onnection-adder] com.zaxxer.hikari.pool.PoolBase          : HikariPool-1 - Established new connection (fd05b001-fc71-4f96-a962-f2b4879180b5)
-2025-08-17 02:32:28.211 -DEBUG 30417 --- [onnection-adder] com.zaxxer.hikari.pool.HikariPool        : HikariPool-1 - Added connection com.mysql.cj.jdbc.ConnectionImpl@4517525a
-2025-08-17 02:32:28.605 -DEBUG 30417 --- [l-1:housekeeper] com.zaxxer.hikari.pool.HikariPool        : HikariPool-1 - Before cleanup stats (total=5/10, idle=5/5, active=0, waiting=0)
-2025-08-17 02:32:28.605 -DEBUG 30417 --- [l-1:housekeeper] com.zaxxer.hikari.pool.HikariPool        : HikariPool-1 - After  cleanup stats (total=5/10, idle=5/5, active=0, waiting=0)
-2025-08-17 02:32:28.605 -DEBUG 30417 --- [l-1:housekeeper] com.zaxxer.hikari.pool.HikariPool        : HikariPool-1 - Fill pool skipped, pool has sufficient level or currently being filled.
-2025-08-17 02:32:49.998 -DEBUG 30417 --- [l-1:housekeeper] com.zaxxer.hikari.pool.HikariPool        : HikariPool-1 - keepalive: connection com.mysql.cj.jdbc.ConnectionImpl@5bc04a32 is alive
-2025-08-17 02:32:51.409 -DEBUG 30417 --- [nnection-closer] com.zaxxer.hikari.pool.PoolBase          : HikariPool-1 - Closing connection com.mysql.cj.jdbc.ConnectionImpl@756594d3: (connection has passed maxLifetime)
-2025-08-17 02:32:51.409 -DEBUG 30417 --- [onnection-adder] com.zaxxer.hikari.pool.PoolBase          : HikariPool-1 - Attempting to create/setup new connection (c9ff0f90-cb21-439f-873f-97d6f94688ee)
-2025-08-17 02:32:51.476 -DEBUG 30417 --- [onnection-adder] com.zaxxer.hikari.pool.PoolBase          : HikariPool-1 - Established new connection (c9ff0f90-cb21-439f-873f-97d6f94688ee)
-2025-08-17 02:32:51.477 -DEBUG 30417 --- [onnection-adder] com.zaxxer.hikari.pool.HikariPool        : HikariPool-1 - Added connection com.mysql.cj.jdbc.ConnectionImpl@537b806b
-2025-08-17 02:32:55.737 -DEBUG 30417 --- [l-1:housekeeper] com.zaxxer.hikari.pool.HikariPool        : HikariPool-1 - keepalive: connection com.mysql.cj.jdbc.ConnectionImpl@5a60d21 is alive
-2025-08-17 02:32:58.615 -DEBUG 30417 --- [l-1:housekeeper] com.zaxxer.hikari.pool.HikariPool        : HikariPool-1 - Before cleanup stats (total=5/10, idle=5/5, active=0, waiting=0)
-2025-08-17 02:32:58.615 -DEBUG 30417 --- [l-1:housekeeper] com.zaxxer.hikari.pool.HikariPool        : HikariPool-1 - After  cleanup stats (total=5/10, idle=5/5, active=0, waiting=0)
-2025-08-17 02:32:58.615 -DEBUG 30417 --- [l-1:housekeeper] com.zaxxer.hikari.pool.HikariPool        : HikariPool-1 - Fill pool skipped, pool has sufficient level or currently being filled.
-2025-08-17 02:33:05.447 -DEBUG 30417 --- [l-1:housekeeper] com.zaxxer.hikari.pool.HikariPool        : HikariPool-1 - keepalive: connection com.mysql.cj.jdbc.ConnectionImpl@34589ee8 is alive
-2025-08-17 02:33:07.928 -DEBUG 30417 --- [nnection-closer] com.zaxxer.hikari.pool.PoolBase          : HikariPool-1 - Closing connection com.mysql.cj.jdbc.ConnectionImpl@5bc04a32: (connection has passed maxLifetime)
-2025-08-17 02:33:07.929 -DEBUG 30417 --- [onnection-adder] com.zaxxer.hikari.pool.PoolBase          : HikariPool-1 - Attempting to create/setup new connection (3d68b0cf-2a44-482a-8849-5adb7cf396c5)
-2025-08-17 02:33:08.008 -DEBUG 30417 --- [onnection-adder] com.zaxxer.hikari.pool.PoolBase          : HikariPool-1 - Established new connection (3d68b0cf-2a44-482a-8849-5adb7cf396c5)
-2025-08-17 02:33:08.008 -DEBUG 30417 --- [onnection-adder] com.zaxxer.hikari.pool.HikariPool        : HikariPool-1 - Added connection com.mysql.cj.jdbc.ConnectionImpl@4067fb65
-2025-08-17 02:33:28.616 -DEBUG 30417 --- [l-1:housekeeper] com.zaxxer.hikari.pool.HikariPool        : HikariPool-1 - Before cleanup stats (total=5/10, idle=5/5, active=0, waiting=0)
-2025-08-17 02:33:28.616 -DEBUG 30417 --- [l-1:housekeeper] com.zaxxer.hikari.pool.HikariPool        : HikariPool-1 - After  cleanup stats (total=5/10, idle=5/5, active=0, waiting=0)
-2025-08-17 02:33:28.617 -DEBUG 30417 --- [l-1:housekeeper] com.zaxxer.hikari.pool.HikariPool        : HikariPool-1 - Fill pool skipped, pool has sufficient level or currently being filled.
-2025-08-17 02:33:58.618 -DEBUG 30417 --- [l-1:housekeeper] com.zaxxer.hikari.pool.HikariPool        : HikariPool-1 - Before cleanup stats (total=5/10, idle=5/5, active=0, waiting=0)
-2025-08-17 02:33:58.619 -DEBUG 30417 --- [l-1:housekeeper] com.zaxxer.hikari.pool.HikariPool        : HikariPool-1 - After  cleanup stats (total=5/10, idle=5/5, active=0, waiting=0)
-2025-08-17 02:33:58.619 -DEBUG 30417 --- [l-1:housekeeper] com.zaxxer.hikari.pool.HikariPool        : HikariPool-1 - Fill pool skipped, pool has sufficient level or currently being filled.
-2025-08-17 02:34:16.922 -DEBUG 30417 --- [l-1:housekeeper] com.zaxxer.hikari.pool.HikariPool        : HikariPool-1 - keepalive: connection com.mysql.cj.jdbc.ConnectionImpl@4517525a is alive
-2025-08-17 02:34:28.627 -DEBUG 30417 --- [l-1:housekeeper] com.zaxxer.hikari.pool.HikariPool        : HikariPool-1 - Before cleanup stats (total=5/10, idle=5/5, active=0, waiting=0)
-2025-08-17 02:34:28.627 -DEBUG 30417 --- [l-1:housekeeper] com.zaxxer.hikari.pool.HikariPool        : HikariPool-1 - After  cleanup stats (total=5/10, idle=5/5, active=0, waiting=0)
-2025-08-17 02:34:28.627 -DEBUG 30417 --- [l-1:housekeeper] com.zaxxer.hikari.pool.HikariPool        : HikariPool-1 - Fill pool skipped, pool has sufficient level or currently being filled.
-2025-08-17 02:34:35.276 -DEBUG 30417 --- [l-1:housekeeper] com.zaxxer.hikari.pool.HikariPool        : HikariPool-1 - keepalive: connection com.mysql.cj.jdbc.ConnectionImpl@537b806b is alive
-2025-08-17 02:34:38.392 -DEBUG 30417 --- [l-1:housekeeper] com.zaxxer.hikari.pool.HikariPool        : HikariPool-1 - keepalive: connection com.mysql.cj.jdbc.ConnectionImpl@5a60d21 is alive
-2025-08-17 02:34:48.805 -DEBUG 30417 --- [l-1:housekeeper] com.zaxxer.hikari.pool.HikariPool        : HikariPool-1 - keepalive: connection com.mysql.cj.jdbc.ConnectionImpl@34589ee8 is alive
-2025-08-17 02:34:58.635 -DEBUG 30417 --- [l-1:housekeeper] com.zaxxer.hikari.pool.HikariPool        : HikariPool-1 - Before cleanup stats (total=5/10, idle=5/5, active=0, waiting=0)
-2025-08-17 02:34:58.635 -DEBUG 30417 --- [l-1:housekeeper] com.zaxxer.hikari.pool.HikariPool        : HikariPool-1 - After  cleanup stats (total=5/10, idle=5/5, active=0, waiting=0)
-2025-08-17 02:34:58.635 -DEBUG 30417 --- [l-1:housekeeper] com.zaxxer.hikari.pool.HikariPool        : HikariPool-1 - Fill pool skipped, pool has sufficient level or currently being filled.
-2025-08-17 02:35:07.134 -DEBUG 30417 --- [l-1:housekeeper] com.zaxxer.hikari.pool.HikariPool        : HikariPool-1 - keepalive: connection com.mysql.cj.jdbc.ConnectionImpl@4067fb65 is alive
-2025-08-17 02:35:28.643 -DEBUG 30417 --- [l-1:housekeeper] com.zaxxer.hikari.pool.HikariPool        : HikariPool-1 - Before cleanup stats (total=5/10, idle=5/5, active=0, waiting=0)
-2025-08-17 02:35:28.644 -DEBUG 30417 --- [l-1:housekeeper] com.zaxxer.hikari.pool.HikariPool        : HikariPool-1 - After  cleanup stats (total=5/10, idle=5/5, active=0, waiting=0)
-2025-08-17 02:35:28.644 -DEBUG 30417 --- [l-1:housekeeper] com.zaxxer.hikari.pool.HikariPool        : HikariPool-1 - Fill pool skipped, pool has sufficient level or currently being filled.
-2025-08-17 02:35:58.654 -DEBUG 30417 --- [l-1:housekeeper] com.zaxxer.hikari.pool.HikariPool        : HikariPool-1 - Before cleanup stats (total=5/10, idle=5/5, active=0, waiting=0)
-2025-08-17 02:35:58.655 -DEBUG 30417 --- [l-1:housekeeper] com.zaxxer.hikari.pool.HikariPool        : HikariPool-1 - After  cleanup stats (total=5/10, idle=5/5, active=0, waiting=0)
-2025-08-17 02:35:58.655 -DEBUG 30417 --- [l-1:housekeeper] com.zaxxer.hikari.pool.HikariPool        : HikariPool-1 - Fill pool skipped, pool has sufficient level or currently being filled.
-2025-08-17 02:36:05.630 -DEBUG 30417 --- [l-1:housekeeper] com.zaxxer.hikari.pool.HikariPool        : HikariPool-1 - keepalive: connection com.mysql.cj.jdbc.ConnectionImpl@4517525a is alive
-2025-08-17 02:36:19.083 -DEBUG 30417 --- [l-1:housekeeper] com.zaxxer.hikari.pool.HikariPool        : HikariPool-1 - keepalive: connection com.mysql.cj.jdbc.ConnectionImpl@537b806b is alive
-2025-08-17 02:36:21.046 -DEBUG 30417 --- [l-1:housekeeper] com.zaxxer.hikari.pool.HikariPool        : HikariPool-1 - keepalive: connection com.mysql.cj.jdbc.ConnectionImpl@5a60d21 is alive
-2025-08-17 02:36:28.657 -DEBUG 30417 --- [l-1:housekeeper] com.zaxxer.hikari.pool.HikariPool        : HikariPool-1 - Before cleanup stats (total=5/10, idle=5/5, active=0, waiting=0)
-2025-08-17 02:36:28.658 -DEBUG 30417 --- [l-1:housekeeper] com.zaxxer.hikari.pool.HikariPool        : HikariPool-1 - After  cleanup stats (total=5/10, idle=5/5, active=0, waiting=0)
-2025-08-17 02:36:28.658 -DEBUG 30417 --- [l-1:housekeeper] com.zaxxer.hikari.pool.HikariPool        : HikariPool-1 - Fill pool skipped, pool has sufficient level or currently being filled.
-2025-08-17 02:36:32.165 -DEBUG 30417 --- [l-1:housekeeper] com.zaxxer.hikari.pool.HikariPool        : HikariPool-1 - keepalive: connection com.mysql.cj.jdbc.ConnectionImpl@34589ee8 is alive
-2025-08-17 02:36:36.588 -DEBUG 30417 --- [nnection-closer] com.zaxxer.hikari.pool.PoolBase          : HikariPool-1 - Closing connection com.mysql.cj.jdbc.ConnectionImpl@34589ee8: (connection has passed maxLifetime)
-2025-08-17 02:36:36.590 -DEBUG 30417 --- [onnection-adder] com.zaxxer.hikari.pool.PoolBase          : HikariPool-1 - Attempting to create/setup new connection (0aa56839-2eb6-4155-81d4-7e5db0049682)
-2025-08-17 02:36:36.683 -DEBUG 30417 --- [onnection-adder] com.zaxxer.hikari.pool.PoolBase          : HikariPool-1 - Established new connection (0aa56839-2eb6-4155-81d4-7e5db0049682)
-2025-08-17 02:36:36.683 -DEBUG 30417 --- [onnection-adder] com.zaxxer.hikari.pool.HikariPool        : HikariPool-1 - Added connection com.mysql.cj.jdbc.ConnectionImpl@3e2eb3a4
-2025-08-17 02:36:58.661 -DEBUG 30417 --- [l-1:housekeeper] com.zaxxer.hikari.pool.HikariPool        : HikariPool-1 - Before cleanup stats (total=5/10, idle=5/5, active=0, waiting=0)
-2025-08-17 02:36:58.661 -DEBUG 30417 --- [l-1:housekeeper] com.zaxxer.hikari.pool.HikariPool        : HikariPool-1 - After  cleanup stats (total=5/10, idle=5/5, active=0, waiting=0)
-2025-08-17 02:36:58.661 -DEBUG 30417 --- [l-1:housekeeper] com.zaxxer.hikari.pool.HikariPool        : HikariPool-1 - Fill pool skipped, pool has sufficient level or currently being filled.
-2025-08-17 02:37:06.257 -DEBUG 30417 --- [l-1:housekeeper] com.zaxxer.hikari.pool.HikariPool        : HikariPool-1 - keepalive: connection com.mysql.cj.jdbc.ConnectionImpl@4067fb65 is alive
-2025-08-17 02:37:28.668 -DEBUG 30417 --- [l-1:housekeeper] com.zaxxer.hikari.pool.HikariPool        : HikariPool-1 - Before cleanup stats (total=5/10, idle=5/5, active=0, waiting=0)
-2025-08-17 02:37:28.668 -DEBUG 30417 --- [l-1:housekeeper] com.zaxxer.hikari.pool.HikariPool        : HikariPool-1 - After  cleanup stats (total=5/10, idle=5/5, active=0, waiting=0)
-2025-08-17 02:37:28.669 -DEBUG 30417 --- [l-1:housekeeper] com.zaxxer.hikari.pool.HikariPool        : HikariPool-1 - Fill pool skipped, pool has sufficient level or currently being filled.
-2025-08-17 02:37:54.334 -DEBUG 30417 --- [l-1:housekeeper] com.zaxxer.hikari.pool.HikariPool        : HikariPool-1 - keepalive: connection com.mysql.cj.jdbc.ConnectionImpl@4517525a is alive
-2025-08-17 02:37:58.674 -DEBUG 30417 --- [l-1:housekeeper] com.zaxxer.hikari.pool.HikariPool        : HikariPool-1 - Before cleanup stats (total=5/10, idle=5/5, active=0, waiting=0)
-2025-08-17 02:37:58.675 -DEBUG 30417 --- [l-1:housekeeper] com.zaxxer.hikari.pool.HikariPool        : HikariPool-1 - After  cleanup stats (total=5/10, idle=5/5, active=0, waiting=0)
-2025-08-17 02:37:58.675 -DEBUG 30417 --- [l-1:housekeeper] com.zaxxer.hikari.pool.HikariPool        : HikariPool-1 - Fill pool skipped, pool has sufficient level or currently being filled.
-2025-08-17 02:38:02.885 -DEBUG 30417 --- [l-1:housekeeper] com.zaxxer.hikari.pool.HikariPool        : HikariPool-1 - keepalive: connection com.mysql.cj.jdbc.ConnectionImpl@537b806b is alive
-2025-08-17 02:38:03.697 -DEBUG 30417 --- [l-1:housekeeper] com.zaxxer.hikari.pool.HikariPool        : HikariPool-1 - keepalive: connection com.mysql.cj.jdbc.ConnectionImpl@5a60d21 is alive
-2025-08-17 02:38:23.011 -DEBUG 30417 --- [l-1:housekeeper] com.zaxxer.hikari.pool.HikariPool        : HikariPool-1 - keepalive: connection com.mysql.cj.jdbc.ConnectionImpl@3e2eb3a4 is alive
-2025-08-17 02:38:28.684 -DEBUG 30417 --- [l-1:housekeeper] com.zaxxer.hikari.pool.HikariPool        : HikariPool-1 - Before cleanup stats (total=5/10, idle=5/5, active=0, waiting=0)
-2025-08-17 02:38:28.684 -DEBUG 30417 --- [l-1:housekeeper] com.zaxxer.hikari.pool.HikariPool        : HikariPool-1 - After  cleanup stats (total=5/10, idle=5/5, active=0, waiting=0)
-2025-08-17 02:38:28.684 -DEBUG 30417 --- [l-1:housekeeper] com.zaxxer.hikari.pool.HikariPool        : HikariPool-1 - Fill pool skipped, pool has sufficient level or currently being filled.
-2025-08-17 02:38:56.412 -DEBUG 30417 --- [nnection-closer] com.zaxxer.hikari.pool.PoolBase          : HikariPool-1 - Closing connection com.mysql.cj.jdbc.ConnectionImpl@5a60d21: (connection has passed maxLifetime)
-2025-08-17 02:38:56.414 -DEBUG 30417 --- [onnection-adder] com.zaxxer.hikari.pool.PoolBase          : HikariPool-1 - Attempting to create/setup new connection (4b02fca3-6191-4804-885a-fd1b1ddbf0e8)
-2025-08-17 02:38:56.509 -DEBUG 30417 --- [onnection-adder] com.zaxxer.hikari.pool.PoolBase          : HikariPool-1 - Established new connection (4b02fca3-6191-4804-885a-fd1b1ddbf0e8)
-2025-08-17 02:38:56.509 -DEBUG 30417 --- [onnection-adder] com.zaxxer.hikari.pool.HikariPool        : HikariPool-1 - Added connection com.mysql.cj.jdbc.ConnectionImpl@7c0abf77
-2025-08-17 02:38:58.691 -DEBUG 30417 --- [l-1:housekeeper] com.zaxxer.hikari.pool.HikariPool        : HikariPool-1 - Before cleanup stats (total=5/10, idle=5/5, active=0, waiting=0)
-2025-08-17 02:38:58.691 -DEBUG 30417 --- [l-1:housekeeper] com.zaxxer.hikari.pool.HikariPool        : HikariPool-1 - After  cleanup stats (total=5/10, idle=5/5, active=0, waiting=0)
-2025-08-17 02:38:58.691 -DEBUG 30417 --- [l-1:housekeeper] com.zaxxer.hikari.pool.HikariPool        : HikariPool-1 - Fill pool skipped, pool has sufficient level or currently being filled.
-2025-08-17 02:39:05.380 -DEBUG 30417 --- [l-1:housekeeper] com.zaxxer.hikari.pool.HikariPool        : HikariPool-1 - keepalive: connection com.mysql.cj.jdbc.ConnectionImpl@4067fb65 is alive
-2025-08-17 02:39:28.697 -DEBUG 30417 --- [l-1:housekeeper] com.zaxxer.hikari.pool.HikariPool        : HikariPool-1 - Before cleanup stats (total=5/10, idle=5/5, active=0, waiting=0)
-2025-08-17 02:39:28.697 -DEBUG 30417 --- [l-1:housekeeper] com.zaxxer.hikari.pool.HikariPool        : HikariPool-1 - After  cleanup stats (total=5/10, idle=5/5, active=0, waiting=0)
-2025-08-17 02:39:28.698 -DEBUG 30417 --- [l-1:housekeeper] com.zaxxer.hikari.pool.HikariPool        : HikariPool-1 - Fill pool skipped, pool has sufficient level or currently being filled.
-2025-08-17 02:39:43.040 -DEBUG 30417 --- [l-1:housekeeper] com.zaxxer.hikari.pool.HikariPool        : HikariPool-1 - keepalive: connection com.mysql.cj.jdbc.ConnectionImpl@4517525a is alive
-2025-08-17 02:39:46.688 -DEBUG 30417 --- [l-1:housekeeper] com.zaxxer.hikari.pool.HikariPool        : HikariPool-1 - keepalive: connection com.mysql.cj.jdbc.ConnectionImpl@537b806b is alive
-2025-08-17 02:39:58.704 -DEBUG 30417 --- [l-1:housekeeper] com.zaxxer.hikari.pool.HikariPool        : HikariPool-1 - Before cleanup stats (total=5/10, idle=5/5, active=0, waiting=0)
-2025-08-17 02:39:58.705 -DEBUG 30417 --- [l-1:housekeeper] com.zaxxer.hikari.pool.HikariPool        : HikariPool-1 - After  cleanup stats (total=5/10, idle=5/5, active=0, waiting=0)
-2025-08-17 02:39:58.705 -DEBUG 30417 --- [l-1:housekeeper] com.zaxxer.hikari.pool.HikariPool        : HikariPool-1 - Fill pool skipped, pool has sufficient level or currently being filled.
-2025-08-17 02:40:09.346 -DEBUG 30417 --- [l-1:housekeeper] com.zaxxer.hikari.pool.HikariPool        : HikariPool-1 - keepalive: connection com.mysql.cj.jdbc.ConnectionImpl@3e2eb3a4 is alive
-2025-08-17 02:40:28.713 -DEBUG 30417 --- [l-1:housekeeper] com.zaxxer.hikari.pool.HikariPool        : HikariPool-1 - Before cleanup stats (total=5/10, idle=5/5, active=0, waiting=0)
-2025-08-17 02:40:28.713 -DEBUG 30417 --- [l-1:housekeeper] com.zaxxer.hikari.pool.HikariPool        : HikariPool-1 - After  cleanup stats (total=5/10, idle=5/5, active=0, waiting=0)
-2025-08-17 02:40:28.714 -DEBUG 30417 --- [l-1:housekeeper] com.zaxxer.hikari.pool.HikariPool        : HikariPool-1 - Fill pool skipped, pool has sufficient level or currently being filled.
-2025-08-17 02:40:40.393 -DEBUG 30417 --- [l-1:housekeeper] com.zaxxer.hikari.pool.HikariPool        : HikariPool-1 - keepalive: connection com.mysql.cj.jdbc.ConnectionImpl@7c0abf77 is alive
-2025-08-17 02:40:58.723 -DEBUG 30417 --- [l-1:housekeeper] com.zaxxer.hikari.pool.HikariPool        : HikariPool-1 - Before cleanup stats (total=5/10, idle=5/5, active=0, waiting=0)
-2025-08-17 02:40:58.723 -DEBUG 30417 --- [l-1:housekeeper] com.zaxxer.hikari.pool.HikariPool        : HikariPool-1 - After  cleanup stats (total=5/10, idle=5/5, active=0, waiting=0)
-2025-08-17 02:40:58.723 -DEBUG 30417 --- [l-1:housekeeper] com.zaxxer.hikari.pool.HikariPool        : HikariPool-1 - Fill pool skipped, pool has sufficient level or currently being filled.
-2025-08-17 02:41:04.506 -DEBUG 30417 --- [l-1:housekeeper] com.zaxxer.hikari.pool.HikariPool        : HikariPool-1 - keepalive: connection com.mysql.cj.jdbc.ConnectionImpl@4067fb65 is alive
-2025-08-17 02:41:28.727 -DEBUG 30417 --- [l-1:housekeeper] com.zaxxer.hikari.pool.HikariPool        : HikariPool-1 - Before cleanup stats (total=5/10, idle=5/5, active=0, waiting=0)
-2025-08-17 02:41:28.728 -DEBUG 30417 --- [l-1:housekeeper] com.zaxxer.hikari.pool.HikariPool        : HikariPool-1 - After  cleanup stats (total=5/10, idle=5/5, active=0, waiting=0)
-2025-08-17 02:41:28.728 -DEBUG 30417 --- [l-1:housekeeper] com.zaxxer.hikari.pool.HikariPool        : HikariPool-1 - Fill pool skipped, pool has sufficient level or currently being filled.
-2025-08-17 02:41:30.495 -DEBUG 30417 --- [l-1:housekeeper] com.zaxxer.hikari.pool.HikariPool        : HikariPool-1 - keepalive: connection com.mysql.cj.jdbc.ConnectionImpl@537b806b is alive
-2025-08-17 02:41:31.750 -DEBUG 30417 --- [l-1:housekeeper] com.zaxxer.hikari.pool.HikariPool        : HikariPool-1 - keepalive: connection com.mysql.cj.jdbc.ConnectionImpl@4517525a is alive
-2025-08-17 02:41:55.679 -DEBUG 30417 --- [l-1:housekeeper] com.zaxxer.hikari.pool.HikariPool        : HikariPool-1 - keepalive: connection com.mysql.cj.jdbc.ConnectionImpl@3e2eb3a4 is alive
-2025-08-17 02:41:58.732 -DEBUG 30417 --- [l-1:housekeeper] com.zaxxer.hikari.pool.HikariPool        : HikariPool-1 - Before cleanup stats (total=5/10, idle=5/5, active=0, waiting=0)
-2025-08-17 02:41:58.733 -DEBUG 30417 --- [l-1:housekeeper] com.zaxxer.hikari.pool.HikariPool        : HikariPool-1 - After  cleanup stats (total=5/10, idle=5/5, active=0, waiting=0)
-2025-08-17 02:41:58.733 -DEBUG 30417 --- [l-1:housekeeper] com.zaxxer.hikari.pool.HikariPool        : HikariPool-1 - Fill pool skipped, pool has sufficient level or currently being filled.
-2025-08-17 02:42:24.280 -DEBUG 30417 --- [l-1:housekeeper] com.zaxxer.hikari.pool.HikariPool        : HikariPool-1 - keepalive: connection com.mysql.cj.jdbc.ConnectionImpl@7c0abf77 is alive
-2025-08-17 02:42:28.737 -DEBUG 30417 --- [l-1:housekeeper] com.zaxxer.hikari.pool.HikariPool        : HikariPool-1 - Before cleanup stats (total=5/10, idle=5/5, active=0, waiting=0)
-2025-08-17 02:42:28.737 -DEBUG 30417 --- [l-1:housekeeper] com.zaxxer.hikari.pool.HikariPool        : HikariPool-1 - After  cleanup stats (total=5/10, idle=5/5, active=0, waiting=0)
-2025-08-17 02:42:28.738 -DEBUG 30417 --- [l-1:housekeeper] com.zaxxer.hikari.pool.HikariPool        : HikariPool-1 - Fill pool skipped, pool has sufficient level or currently being filled.
-2025-08-17 02:42:58.745 -DEBUG 30417 --- [l-1:housekeeper] com.zaxxer.hikari.pool.HikariPool        : HikariPool-1 - Before cleanup stats (total=5/10, idle=5/5, active=0, waiting=0)
-2025-08-17 02:42:58.746 -DEBUG 30417 --- [l-1:housekeeper] com.zaxxer.hikari.pool.HikariPool        : HikariPool-1 - After  cleanup stats (total=5/10, idle=5/5, active=0, waiting=0)
-2025-08-17 02:42:58.746 -DEBUG 30417 --- [l-1:housekeeper] com.zaxxer.hikari.pool.HikariPool        : HikariPool-1 - Fill pool skipped, pool has sufficient level or currently being filled.
-2025-08-17 02:43:03.640 -DEBUG 30417 --- [l-1:housekeeper] com.zaxxer.hikari.pool.HikariPool        : HikariPool-1 - keepalive: connection com.mysql.cj.jdbc.ConnectionImpl@4067fb65 is alive
-2025-08-17 02:43:14.304 -DEBUG 30417 --- [l-1:housekeeper] com.zaxxer.hikari.pool.HikariPool        : HikariPool-1 - keepalive: connection com.mysql.cj.jdbc.ConnectionImpl@537b806b is alive
-2025-08-17 02:43:20.457 -DEBUG 30417 --- [l-1:housekeeper] com.zaxxer.hikari.pool.HikariPool        : HikariPool-1 - keepalive: connection com.mysql.cj.jdbc.ConnectionImpl@4517525a is alive
-2025-08-17 02:43:28.752 -DEBUG 30417 --- [l-1:housekeeper] com.zaxxer.hikari.pool.HikariPool        : HikariPool-1 - Before cleanup stats (total=5/10, idle=5/5, active=0, waiting=0)
-2025-08-17 02:43:28.753 -DEBUG 30417 --- [l-1:housekeeper] com.zaxxer.hikari.pool.HikariPool        : HikariPool-1 - After  cleanup stats (total=5/10, idle=5/5, active=0, waiting=0)
-2025-08-17 02:43:28.753 -DEBUG 30417 --- [l-1:housekeeper] com.zaxxer.hikari.pool.HikariPool        : HikariPool-1 - Fill pool skipped, pool has sufficient level or currently being filled.
-2025-08-17 02:43:42.008 -DEBUG 30417 --- [l-1:housekeeper] com.zaxxer.hikari.pool.HikariPool        : HikariPool-1 - keepalive: connection com.mysql.cj.jdbc.ConnectionImpl@3e2eb3a4 is alive
-2025-08-17 02:43:58.762 -DEBUG 30417 --- [l-1:housekeeper] com.zaxxer.hikari.pool.HikariPool        : HikariPool-1 - Before cleanup stats (total=5/10, idle=5/5, active=0, waiting=0)
-2025-08-17 02:43:58.763 -DEBUG 30417 --- [l-1:housekeeper] com.zaxxer.hikari.pool.HikariPool        : HikariPool-1 - After  cleanup stats (total=5/10, idle=5/5, active=0, waiting=0)
-2025-08-17 02:43:58.763 -DEBUG 30417 --- [l-1:housekeeper] com.zaxxer.hikari.pool.HikariPool        : HikariPool-1 - Fill pool skipped, pool has sufficient level or currently being filled.
-2025-08-17 02:44:08.159 -DEBUG 30417 --- [l-1:housekeeper] com.zaxxer.hikari.pool.HikariPool        : HikariPool-1 - keepalive: connection com.mysql.cj.jdbc.ConnectionImpl@7c0abf77 is alive
-2025-08-17 02:44:28.773 -DEBUG 30417 --- [l-1:housekeeper] com.zaxxer.hikari.pool.HikariPool        : HikariPool-1 - Before cleanup stats (total=5/10, idle=5/5, active=0, waiting=0)
-2025-08-17 02:44:28.775 -DEBUG 30417 --- [l-1:housekeeper] com.zaxxer.hikari.pool.HikariPool        : HikariPool-1 - After  cleanup stats (total=5/10, idle=5/5, active=0, waiting=0)
-2025-08-17 02:44:28.775 -DEBUG 30417 --- [l-1:housekeeper] com.zaxxer.hikari.pool.HikariPool        : HikariPool-1 - Fill pool skipped, pool has sufficient level or currently being filled.
-2025-08-17 02:44:58.122 -DEBUG 30417 --- [l-1:housekeeper] com.zaxxer.hikari.pool.HikariPool        : HikariPool-1 - keepalive: connection com.mysql.cj.jdbc.ConnectionImpl@537b806b is alive
-2025-08-17 02:44:58.785 -DEBUG 30417 --- [l-1:housekeeper] com.zaxxer.hikari.pool.HikariPool        : HikariPool-1 - Before cleanup stats (total=5/10, idle=5/5, active=0, waiting=0)
-2025-08-17 02:44:58.785 -DEBUG 30417 --- [l-1:housekeeper] com.zaxxer.hikari.pool.HikariPool        : HikariPool-1 - After  cleanup stats (total=5/10, idle=5/5, active=0, waiting=0)
-2025-08-17 02:44:58.785 -DEBUG 30417 --- [l-1:housekeeper] com.zaxxer.hikari.pool.HikariPool        : HikariPool-1 - Fill pool skipped, pool has sufficient level or currently being filled.
-2025-08-17 02:45:02.773 -DEBUG 30417 --- [l-1:housekeeper] com.zaxxer.hikari.pool.HikariPool        : HikariPool-1 - keepalive: connection com.mysql.cj.jdbc.ConnectionImpl@4067fb65 is alive
-2025-08-17 02:45:09.165 -DEBUG 30417 --- [l-1:housekeeper] com.zaxxer.hikari.pool.HikariPool        : HikariPool-1 - keepalive: connection com.mysql.cj.jdbc.ConnectionImpl@4517525a is alive
-2025-08-17 02:45:28.339 -DEBUG 30417 --- [l-1:housekeeper] com.zaxxer.hikari.pool.HikariPool        : HikariPool-1 - keepalive: connection com.mysql.cj.jdbc.ConnectionImpl@3e2eb3a4 is alive
-2025-08-17 02:45:28.793 -DEBUG 30417 --- [l-1:housekeeper] com.zaxxer.hikari.pool.HikariPool        : HikariPool-1 - Before cleanup stats (total=5/10, idle=5/5, active=0, waiting=0)
-2025-08-17 02:45:28.794 -DEBUG 30417 --- [l-1:housekeeper] com.zaxxer.hikari.pool.HikariPool        : HikariPool-1 - After  cleanup stats (total=5/10, idle=5/5, active=0, waiting=0)
-2025-08-17 02:45:28.794 -DEBUG 30417 --- [l-1:housekeeper] com.zaxxer.hikari.pool.HikariPool        : HikariPool-1 - Fill pool skipped, pool has sufficient level or currently being filled.
-2025-08-17 02:45:52.064 -DEBUG 30417 --- [l-1:housekeeper] com.zaxxer.hikari.pool.HikariPool        : HikariPool-1 - keepalive: connection com.mysql.cj.jdbc.ConnectionImpl@7c0abf77 is alive
-2025-08-17 02:45:58.795 -DEBUG 30417 --- [l-1:housekeeper] com.zaxxer.hikari.pool.HikariPool        : HikariPool-1 - Before cleanup stats (total=5/10, idle=5/5, active=0, waiting=0)
-2025-08-17 02:45:58.796 -DEBUG 30417 --- [l-1:housekeeper] com.zaxxer.hikari.pool.HikariPool        : HikariPool-1 - After  cleanup stats (total=5/10, idle=5/5, active=0, waiting=0)
-2025-08-17 02:45:58.796 -DEBUG 30417 --- [l-1:housekeeper] com.zaxxer.hikari.pool.HikariPool        : HikariPool-1 - Fill pool skipped, pool has sufficient level or currently being filled.
-2025-08-17 02:46:28.806 -DEBUG 30417 --- [l-1:housekeeper] com.zaxxer.hikari.pool.HikariPool        : HikariPool-1 - Before cleanup stats (total=5/10, idle=5/5, active=0, waiting=0)
-2025-08-17 02:46:28.806 -DEBUG 30417 --- [l-1:housekeeper] com.zaxxer.hikari.pool.HikariPool        : HikariPool-1 - After  cleanup stats (total=5/10, idle=5/5, active=0, waiting=0)
-2025-08-17 02:46:28.806 -DEBUG 30417 --- [l-1:housekeeper] com.zaxxer.hikari.pool.HikariPool        : HikariPool-1 - Fill pool skipped, pool has sufficient level or currently being filled.
-2025-08-17 02:46:41.925 -DEBUG 30417 --- [l-1:housekeeper] com.zaxxer.hikari.pool.HikariPool        : HikariPool-1 - keepalive: connection com.mysql.cj.jdbc.ConnectionImpl@537b806b is alive
-2025-08-17 02:46:57.884 -DEBUG 30417 --- [l-1:housekeeper] com.zaxxer.hikari.pool.HikariPool        : HikariPool-1 - keepalive: connection com.mysql.cj.jdbc.ConnectionImpl@4517525a is alive
-2025-08-17 02:46:58.811 -DEBUG 30417 --- [l-1:housekeeper] com.zaxxer.hikari.pool.HikariPool        : HikariPool-1 - Before cleanup stats (total=5/10, idle=5/5, active=0, waiting=0)
-2025-08-17 02:46:58.812 -DEBUG 30417 --- [l-1:housekeeper] com.zaxxer.hikari.pool.HikariPool        : HikariPool-1 - After  cleanup stats (total=5/10, idle=5/5, active=0, waiting=0)
-2025-08-17 02:46:58.812 -DEBUG 30417 --- [l-1:housekeeper] com.zaxxer.hikari.pool.HikariPool        : HikariPool-1 - Fill pool skipped, pool has sufficient level or currently being filled.
-2025-08-17 02:47:01.902 -DEBUG 30417 --- [l-1:housekeeper] com.zaxxer.hikari.pool.HikariPool        : HikariPool-1 - keepalive: connection com.mysql.cj.jdbc.ConnectionImpl@4067fb65 is alive
-2025-08-17 02:47:14.670 -DEBUG 30417 --- [l-1:housekeeper] com.zaxxer.hikari.pool.HikariPool        : HikariPool-1 - keepalive: connection com.mysql.cj.jdbc.ConnectionImpl@3e2eb3a4 is alive
-2025-08-17 02:47:28.820 -DEBUG 30417 --- [l-1:housekeeper] com.zaxxer.hikari.pool.HikariPool        : HikariPool-1 - Before cleanup stats (total=5/10, idle=5/5, active=0, waiting=0)
-2025-08-17 02:47:28.820 -DEBUG 30417 --- [l-1:housekeeper] com.zaxxer.hikari.pool.HikariPool        : HikariPool-1 - After  cleanup stats (total=5/10, idle=5/5, active=0, waiting=0)
-2025-08-17 02:47:28.820 -DEBUG 30417 --- [l-1:housekeeper] com.zaxxer.hikari.pool.HikariPool        : HikariPool-1 - Fill pool skipped, pool has sufficient level or currently being filled.
-2025-08-17 02:47:35.942 -DEBUG 30417 --- [l-1:housekeeper] com.zaxxer.hikari.pool.HikariPool        : HikariPool-1 - keepalive: connection com.mysql.cj.jdbc.ConnectionImpl@7c0abf77 is alive
-2025-08-17 02:47:58.830 -DEBUG 30417 --- [l-1:housekeeper] com.zaxxer.hikari.pool.HikariPool        : HikariPool-1 - Before cleanup stats (total=5/10, idle=5/5, active=0, waiting=0)
-2025-08-17 02:47:58.830 -DEBUG 30417 --- [l-1:housekeeper] com.zaxxer.hikari.pool.HikariPool        : HikariPool-1 - After  cleanup stats (total=5/10, idle=5/5, active=0, waiting=0)
-2025-08-17 02:47:58.831 -DEBUG 30417 --- [l-1:housekeeper] com.zaxxer.hikari.pool.HikariPool        : HikariPool-1 - Fill pool skipped, pool has sufficient level or currently being filled.
-2025-08-17 02:48:25.735 -DEBUG 30417 --- [l-1:housekeeper] com.zaxxer.hikari.pool.HikariPool        : HikariPool-1 - keepalive: connection com.mysql.cj.jdbc.ConnectionImpl@537b806b is alive
-2025-08-17 02:48:28.841 -DEBUG 30417 --- [l-1:housekeeper] com.zaxxer.hikari.pool.HikariPool        : HikariPool-1 - Before cleanup stats (total=5/10, idle=5/5, active=0, waiting=0)
-2025-08-17 02:48:28.841 -DEBUG 30417 --- [l-1:housekeeper] com.zaxxer.hikari.pool.HikariPool        : HikariPool-1 - After  cleanup stats (total=5/10, idle=5/5, active=0, waiting=0)
-2025-08-17 02:48:28.841 -DEBUG 30417 --- [l-1:housekeeper] com.zaxxer.hikari.pool.HikariPool        : HikariPool-1 - Fill pool skipped, pool has sufficient level or currently being filled.
-2025-08-17 02:48:46.590 -DEBUG 30417 --- [l-1:housekeeper] com.zaxxer.hikari.pool.HikariPool        : HikariPool-1 - keepalive: connection com.mysql.cj.jdbc.ConnectionImpl@4517525a is alive
-2025-08-17 02:48:58.846 -DEBUG 30417 --- [l-1:housekeeper] com.zaxxer.hikari.pool.HikariPool        : HikariPool-1 - Before cleanup stats (total=5/10, idle=5/5, active=0, waiting=0)
-2025-08-17 02:48:58.846 -DEBUG 30417 --- [l-1:housekeeper] com.zaxxer.hikari.pool.HikariPool        : HikariPool-1 - After  cleanup stats (total=5/10, idle=5/5, active=0, waiting=0)
-2025-08-17 02:48:58.846 -DEBUG 30417 --- [l-1:housekeeper] com.zaxxer.hikari.pool.HikariPool        : HikariPool-1 - Fill pool skipped, pool has sufficient level or currently being filled.
-2025-08-17 02:49:00.998 -DEBUG 30417 --- [l-1:housekeeper] com.zaxxer.hikari.pool.HikariPool        : HikariPool-1 - keepalive: connection com.mysql.cj.jdbc.ConnectionImpl@3e2eb3a4 is alive
-2025-08-17 02:49:01.029 -DEBUG 30417 --- [l-1:housekeeper] com.zaxxer.hikari.pool.HikariPool        : HikariPool-1 - keepalive: connection com.mysql.cj.jdbc.ConnectionImpl@4067fb65 is alive
-2025-08-17 02:49:19.823 -DEBUG 30417 --- [l-1:housekeeper] com.zaxxer.hikari.pool.HikariPool        : HikariPool-1 - keepalive: connection com.mysql.cj.jdbc.ConnectionImpl@7c0abf77 is alive
-2025-08-17 02:49:28.851 -DEBUG 30417 --- [l-1:housekeeper] com.zaxxer.hikari.pool.HikariPool        : HikariPool-1 - Before cleanup stats (total=5/10, idle=5/5, active=0, waiting=0)
-2025-08-17 02:49:28.851 -DEBUG 30417 --- [l-1:housekeeper] com.zaxxer.hikari.pool.HikariPool        : HikariPool-1 - After  cleanup stats (total=5/10, idle=5/5, active=0, waiting=0)
-2025-08-17 02:49:28.852 -DEBUG 30417 --- [l-1:housekeeper] com.zaxxer.hikari.pool.HikariPool        : HikariPool-1 - Fill pool skipped, pool has sufficient level or currently being filled.
-2025-08-17 02:49:58.862 -DEBUG 30417 --- [l-1:housekeeper] com.zaxxer.hikari.pool.HikariPool        : HikariPool-1 - Before cleanup stats (total=5/10, idle=5/5, active=0, waiting=0)
-2025-08-17 02:49:58.863 -DEBUG 30417 --- [l-1:housekeeper] com.zaxxer.hikari.pool.HikariPool        : HikariPool-1 - After  cleanup stats (total=5/10, idle=5/5, active=0, waiting=0)
-2025-08-17 02:49:58.863 -DEBUG 30417 --- [l-1:housekeeper] com.zaxxer.hikari.pool.HikariPool        : HikariPool-1 - Fill pool skipped, pool has sufficient level or currently being filled.
-2025-08-17 02:50:09.546 -DEBUG 30417 --- [l-1:housekeeper] com.zaxxer.hikari.pool.HikariPool        : HikariPool-1 - keepalive: connection com.mysql.cj.jdbc.ConnectionImpl@537b806b is alive
-2025-08-17 02:50:28.866 -DEBUG 30417 --- [l-1:housekeeper] com.zaxxer.hikari.pool.HikariPool        : HikariPool-1 - Before cleanup stats (total=5/10, idle=5/5, active=0, waiting=0)
-2025-08-17 02:50:28.867 -DEBUG 30417 --- [l-1:housekeeper] com.zaxxer.hikari.pool.HikariPool        : HikariPool-1 - After  cleanup stats (total=5/10, idle=5/5, active=0, waiting=0)
-2025-08-17 02:50:28.867 -DEBUG 30417 --- [l-1:housekeeper] com.zaxxer.hikari.pool.HikariPool        : HikariPool-1 - Fill pool skipped, pool has sufficient level or currently being filled.
-2025-08-17 02:50:35.295 -DEBUG 30417 --- [l-1:housekeeper] com.zaxxer.hikari.pool.HikariPool        : HikariPool-1 - keepalive: connection com.mysql.cj.jdbc.ConnectionImpl@4517525a is alive
-2025-08-17 02:50:47.323 -DEBUG 30417 --- [l-1:housekeeper] com.zaxxer.hikari.pool.HikariPool        : HikariPool-1 - keepalive: connection com.mysql.cj.jdbc.ConnectionImpl@3e2eb3a4 is alive
-2025-08-17 02:50:58.874 -DEBUG 30417 --- [l-1:housekeeper] com.zaxxer.hikari.pool.HikariPool        : HikariPool-1 - Before cleanup stats (total=5/10, idle=5/5, active=0, waiting=0)
-2025-08-17 02:50:58.875 -DEBUG 30417 --- [l-1:housekeeper] com.zaxxer.hikari.pool.HikariPool        : HikariPool-1 - After  cleanup stats (total=5/10, idle=5/5, active=0, waiting=0)
-2025-08-17 02:50:58.875 -DEBUG 30417 --- [l-1:housekeeper] com.zaxxer.hikari.pool.HikariPool        : HikariPool-1 - Fill pool skipped, pool has sufficient level or currently being filled.
-2025-08-17 02:51:00.158 -DEBUG 30417 --- [l-1:housekeeper] com.zaxxer.hikari.pool.HikariPool        : HikariPool-1 - keepalive: connection com.mysql.cj.jdbc.ConnectionImpl@4067fb65 is alive
-2025-08-17 02:51:03.709 -DEBUG 30417 --- [l-1:housekeeper] com.zaxxer.hikari.pool.HikariPool        : HikariPool-1 - keepalive: connection com.mysql.cj.jdbc.ConnectionImpl@7c0abf77 is alive
-2025-08-17 02:51:28.879 -DEBUG 30417 --- [l-1:housekeeper] com.zaxxer.hikari.pool.HikariPool        : HikariPool-1 - Before cleanup stats (total=5/10, idle=5/5, active=0, waiting=0)
-2025-08-17 02:51:28.881 -DEBUG 30417 --- [l-1:housekeeper] com.zaxxer.hikari.pool.HikariPool        : HikariPool-1 - After  cleanup stats (total=5/10, idle=5/5, active=0, waiting=0)
-2025-08-17 02:51:28.881 -DEBUG 30417 --- [l-1:housekeeper] com.zaxxer.hikari.pool.HikariPool        : HikariPool-1 - Fill pool skipped, pool has sufficient level or currently being filled.
-2025-08-17 02:51:53.355 -DEBUG 30417 --- [l-1:housekeeper] com.zaxxer.hikari.pool.HikariPool        : HikariPool-1 - keepalive: connection com.mysql.cj.jdbc.ConnectionImpl@537b806b is alive
-2025-08-17 02:51:58.891 -DEBUG 30417 --- [l-1:housekeeper] com.zaxxer.hikari.pool.HikariPool        : HikariPool-1 - Before cleanup stats (total=5/10, idle=5/5, active=0, waiting=0)
-2025-08-17 02:51:58.892 -DEBUG 30417 --- [l-1:housekeeper] com.zaxxer.hikari.pool.HikariPool        : HikariPool-1 - After  cleanup stats (total=5/10, idle=5/5, active=0, waiting=0)
-2025-08-17 02:51:58.892 -DEBUG 30417 --- [l-1:housekeeper] com.zaxxer.hikari.pool.HikariPool        : HikariPool-1 - Fill pool skipped, pool has sufficient level or currently being filled.
-2025-08-17 02:52:23.999 -DEBUG 30417 --- [l-1:housekeeper] com.zaxxer.hikari.pool.HikariPool        : HikariPool-1 - keepalive: connection com.mysql.cj.jdbc.ConnectionImpl@4517525a is alive
-2025-08-17 02:52:28.902 -DEBUG 30417 --- [l-1:housekeeper] com.zaxxer.hikari.pool.HikariPool        : HikariPool-1 - Before cleanup stats (total=5/10, idle=5/5, active=0, waiting=0)
-2025-08-17 02:52:28.902 -DEBUG 30417 --- [l-1:housekeeper] com.zaxxer.hikari.pool.HikariPool        : HikariPool-1 - After  cleanup stats (total=5/10, idle=5/5, active=0, waiting=0)
-2025-08-17 02:52:28.902 -DEBUG 30417 --- [l-1:housekeeper] com.zaxxer.hikari.pool.HikariPool        : HikariPool-1 - Fill pool skipped, pool has sufficient level or currently being filled.
-2025-08-17 02:52:33.654 -DEBUG 30417 --- [l-1:housekeeper] com.zaxxer.hikari.pool.HikariPool        : HikariPool-1 - keepalive: connection com.mysql.cj.jdbc.ConnectionImpl@3e2eb3a4 is alive
-2025-08-17 02:52:47.593 -DEBUG 30417 --- [l-1:housekeeper] com.zaxxer.hikari.pool.HikariPool        : HikariPool-1 - keepalive: connection com.mysql.cj.jdbc.ConnectionImpl@7c0abf77 is alive
-2025-08-17 02:52:58.903 -DEBUG 30417 --- [l-1:housekeeper] com.zaxxer.hikari.pool.HikariPool        : HikariPool-1 - Before cleanup stats (total=5/10, idle=5/5, active=0, waiting=0)
-2025-08-17 02:52:58.903 -DEBUG 30417 --- [l-1:housekeeper] com.zaxxer.hikari.pool.HikariPool        : HikariPool-1 - After  cleanup stats (total=5/10, idle=5/5, active=0, waiting=0)
-2025-08-17 02:52:58.903 -DEBUG 30417 --- [l-1:housekeeper] com.zaxxer.hikari.pool.HikariPool        : HikariPool-1 - Fill pool skipped, pool has sufficient level or currently being filled.
-2025-08-17 02:52:59.290 -DEBUG 30417 --- [l-1:housekeeper] com.zaxxer.hikari.pool.HikariPool        : HikariPool-1 - keepalive: connection com.mysql.cj.jdbc.ConnectionImpl@4067fb65 is alive
-2025-08-17 02:53:28.905 -DEBUG 30417 --- [l-1:housekeeper] com.zaxxer.hikari.pool.HikariPool        : HikariPool-1 - Before cleanup stats (total=5/10, idle=5/5, active=0, waiting=0)
-2025-08-17 02:53:28.906 -DEBUG 30417 --- [l-1:housekeeper] com.zaxxer.hikari.pool.HikariPool        : HikariPool-1 - After  cleanup stats (total=5/10, idle=5/5, active=0, waiting=0)
-2025-08-17 02:53:28.906 -DEBUG 30417 --- [l-1:housekeeper] com.zaxxer.hikari.pool.HikariPool        : HikariPool-1 - Fill pool skipped, pool has sufficient level or currently being filled.
-2025-08-17 02:53:37.161 -DEBUG 30417 --- [l-1:housekeeper] com.zaxxer.hikari.pool.HikariPool        : HikariPool-1 - keepalive: connection com.mysql.cj.jdbc.ConnectionImpl@537b806b is alive
-2025-08-17 02:53:58.915 -DEBUG 30417 --- [l-1:housekeeper] com.zaxxer.hikari.pool.HikariPool        : HikariPool-1 - Before cleanup stats (total=5/10, idle=5/5, active=0, waiting=0)
-2025-08-17 02:53:58.916 -DEBUG 30417 --- [l-1:housekeeper] com.zaxxer.hikari.pool.HikariPool        : HikariPool-1 - After  cleanup stats (total=5/10, idle=5/5, active=0, waiting=0)
-2025-08-17 02:53:58.916 -DEBUG 30417 --- [l-1:housekeeper] com.zaxxer.hikari.pool.HikariPool        : HikariPool-1 - Fill pool skipped, pool has sufficient level or currently being filled.
-2025-08-17 02:54:12.702 -DEBUG 30417 --- [l-1:housekeeper] com.zaxxer.hikari.pool.HikariPool        : HikariPool-1 - keepalive: connection com.mysql.cj.jdbc.ConnectionImpl@4517525a is alive
-2025-08-17 02:54:19.986 -DEBUG 30417 --- [l-1:housekeeper] com.zaxxer.hikari.pool.HikariPool        : HikariPool-1 - keepalive: connection com.mysql.cj.jdbc.ConnectionImpl@3e2eb3a4 is alive
-2025-08-17 02:54:28.920 -DEBUG 30417 --- [l-1:housekeeper] com.zaxxer.hikari.pool.HikariPool        : HikariPool-1 - Before cleanup stats (total=5/10, idle=5/5, active=0, waiting=0)
-2025-08-17 02:54:28.922 -DEBUG 30417 --- [l-1:housekeeper] com.zaxxer.hikari.pool.HikariPool        : HikariPool-1 - After  cleanup stats (total=5/10, idle=5/5, active=0, waiting=0)
-2025-08-17 02:54:28.922 -DEBUG 30417 --- [l-1:housekeeper] com.zaxxer.hikari.pool.HikariPool        : HikariPool-1 - Fill pool skipped, pool has sufficient level or currently being filled.
-2025-08-17 02:54:31.469 -DEBUG 30417 --- [l-1:housekeeper] com.zaxxer.hikari.pool.HikariPool        : HikariPool-1 - keepalive: connection com.mysql.cj.jdbc.ConnectionImpl@7c0abf77 is alive
-2025-08-17 02:54:58.423 -DEBUG 30417 --- [l-1:housekeeper] com.zaxxer.hikari.pool.HikariPool        : HikariPool-1 - keepalive: connection com.mysql.cj.jdbc.ConnectionImpl@4067fb65 is alive
-2025-08-17 02:54:58.928 -DEBUG 30417 --- [l-1:housekeeper] com.zaxxer.hikari.pool.HikariPool        : HikariPool-1 - Before cleanup stats (total=5/10, idle=5/5, active=0, waiting=0)
-2025-08-17 02:54:58.928 -DEBUG 30417 --- [l-1:housekeeper] com.zaxxer.hikari.pool.HikariPool        : HikariPool-1 - After  cleanup stats (total=5/10, idle=5/5, active=0, waiting=0)
-2025-08-17 02:54:58.928 -DEBUG 30417 --- [l-1:housekeeper] com.zaxxer.hikari.pool.HikariPool        : HikariPool-1 - Fill pool skipped, pool has sufficient level or currently being filled.
-2025-08-17 02:55:20.971 -DEBUG 30417 --- [l-1:housekeeper] com.zaxxer.hikari.pool.HikariPool        : HikariPool-1 - keepalive: connection com.mysql.cj.jdbc.ConnectionImpl@537b806b is alive
-2025-08-17 02:55:28.933 -DEBUG 30417 --- [l-1:housekeeper] com.zaxxer.hikari.pool.HikariPool        : HikariPool-1 - Before cleanup stats (total=5/10, idle=5/5, active=0, waiting=0)
-2025-08-17 02:55:28.934 -DEBUG 30417 --- [l-1:housekeeper] com.zaxxer.hikari.pool.HikariPool        : HikariPool-1 - After  cleanup stats (total=5/10, idle=5/5, active=0, waiting=0)
-2025-08-17 02:55:28.934 -DEBUG 30417 --- [l-1:housekeeper] com.zaxxer.hikari.pool.HikariPool        : HikariPool-1 - Fill pool skipped, pool has sufficient level or currently being filled.
-2025-08-17 02:55:58.943 -DEBUG 30417 --- [l-1:housekeeper] com.zaxxer.hikari.pool.HikariPool        : HikariPool-1 - Before cleanup stats (total=5/10, idle=5/5, active=0, waiting=0)
-2025-08-17 02:55:58.945 -DEBUG 30417 --- [l-1:housekeeper] com.zaxxer.hikari.pool.HikariPool        : HikariPool-1 - After  cleanup stats (total=5/10, idle=5/5, active=0, waiting=0)
-2025-08-17 02:55:58.945 -DEBUG 30417 --- [l-1:housekeeper] com.zaxxer.hikari.pool.HikariPool        : HikariPool-1 - Fill pool skipped, pool has sufficient level or currently being filled.
-2025-08-17 02:56:01.403 -DEBUG 30417 --- [l-1:housekeeper] com.zaxxer.hikari.pool.HikariPool        : HikariPool-1 - keepalive: connection com.mysql.cj.jdbc.ConnectionImpl@4517525a is alive
-2025-08-17 02:56:06.321 -DEBUG 30417 --- [l-1:housekeeper] com.zaxxer.hikari.pool.HikariPool        : HikariPool-1 - keepalive: connection com.mysql.cj.jdbc.ConnectionImpl@3e2eb3a4 is alive
-2025-08-17 02:56:15.342 -DEBUG 30417 --- [l-1:housekeeper] com.zaxxer.hikari.pool.HikariPool        : HikariPool-1 - keepalive: connection com.mysql.cj.jdbc.ConnectionImpl@7c0abf77 is alive
-2025-08-17 02:56:28.948 -DEBUG 30417 --- [l-1:housekeeper] com.zaxxer.hikari.pool.HikariPool        : HikariPool-1 - Before cleanup stats (total=5/10, idle=5/5, active=0, waiting=0)
-2025-08-17 02:56:28.948 -DEBUG 30417 --- [l-1:housekeeper] com.zaxxer.hikari.pool.HikariPool        : HikariPool-1 - After  cleanup stats (total=5/10, idle=5/5, active=0, waiting=0)
-2025-08-17 02:56:28.949 -DEBUG 30417 --- [l-1:housekeeper] com.zaxxer.hikari.pool.HikariPool        : HikariPool-1 - Fill pool skipped, pool has sufficient level or currently being filled.
-2025-08-17 02:56:57.551 -DEBUG 30417 --- [l-1:housekeeper] com.zaxxer.hikari.pool.HikariPool        : HikariPool-1 - keepalive: connection com.mysql.cj.jdbc.ConnectionImpl@4067fb65 is alive
-2025-08-17 02:56:58.958 -DEBUG 30417 --- [l-1:housekeeper] com.zaxxer.hikari.pool.HikariPool        : HikariPool-1 - Before cleanup stats (total=5/10, idle=5/5, active=0, waiting=0)
-2025-08-17 02:56:58.959 -DEBUG 30417 --- [l-1:housekeeper] com.zaxxer.hikari.pool.HikariPool        : HikariPool-1 - After  cleanup stats (total=5/10, idle=5/5, active=0, waiting=0)
-2025-08-17 02:56:58.959 -DEBUG 30417 --- [l-1:housekeeper] com.zaxxer.hikari.pool.HikariPool        : HikariPool-1 - Fill pool skipped, pool has sufficient level or currently being filled.
-2025-08-17 02:57:04.776 -DEBUG 30417 --- [l-1:housekeeper] com.zaxxer.hikari.pool.HikariPool        : HikariPool-1 - keepalive: connection com.mysql.cj.jdbc.ConnectionImpl@537b806b is alive
-2025-08-17 02:57:28.965 -DEBUG 30417 --- [l-1:housekeeper] com.zaxxer.hikari.pool.HikariPool        : HikariPool-1 - Before cleanup stats (total=5/10, idle=5/5, active=0, waiting=0)
-2025-08-17 02:57:28.966 -DEBUG 30417 --- [l-1:housekeeper] com.zaxxer.hikari.pool.HikariPool        : HikariPool-1 - After  cleanup stats (total=5/10, idle=5/5, active=0, waiting=0)
-2025-08-17 02:57:28.966 -DEBUG 30417 --- [l-1:housekeeper] com.zaxxer.hikari.pool.HikariPool        : HikariPool-1 - Fill pool skipped, pool has sufficient level or currently being filled.
-2025-08-17 02:57:50.108 -DEBUG 30417 --- [l-1:housekeeper] com.zaxxer.hikari.pool.HikariPool        : HikariPool-1 - keepalive: connection com.mysql.cj.jdbc.ConnectionImpl@4517525a is alive
-2025-08-17 02:57:52.646 -DEBUG 30417 --- [l-1:housekeeper] com.zaxxer.hikari.pool.HikariPool        : HikariPool-1 - keepalive: connection com.mysql.cj.jdbc.ConnectionImpl@3e2eb3a4 is alive
-2025-08-17 02:57:58.975 -DEBUG 30417 --- [l-1:housekeeper] com.zaxxer.hikari.pool.HikariPool        : HikariPool-1 - Before cleanup stats (total=5/10, idle=5/5, active=0, waiting=0)
-2025-08-17 02:57:58.976 -DEBUG 30417 --- [l-1:housekeeper] com.zaxxer.hikari.pool.HikariPool        : HikariPool-1 - After  cleanup stats (total=5/10, idle=5/5, active=0, waiting=0)
-2025-08-17 02:57:58.976 -DEBUG 30417 --- [l-1:housekeeper] com.zaxxer.hikari.pool.HikariPool        : HikariPool-1 - Fill pool skipped, pool has sufficient level or currently being filled.
-2025-08-17 02:57:59.228 -DEBUG 30417 --- [l-1:housekeeper] com.zaxxer.hikari.pool.HikariPool        : HikariPool-1 - keepalive: connection com.mysql.cj.jdbc.ConnectionImpl@7c0abf77 is alive
-2025-08-17 02:58:28.985 -DEBUG 30417 --- [l-1:housekeeper] com.zaxxer.hikari.pool.HikariPool        : HikariPool-1 - Before cleanup stats (total=5/10, idle=5/5, active=0, waiting=0)
-2025-08-17 02:58:28.987 -DEBUG 30417 --- [l-1:housekeeper] com.zaxxer.hikari.pool.HikariPool        : HikariPool-1 - After  cleanup stats (total=5/10, idle=5/5, active=0, waiting=0)
-2025-08-17 02:58:28.987 -DEBUG 30417 --- [l-1:housekeeper] com.zaxxer.hikari.pool.HikariPool        : HikariPool-1 - Fill pool skipped, pool has sufficient level or currently being filled.
-2025-08-17 02:58:48.588 -DEBUG 30417 --- [l-1:housekeeper] com.zaxxer.hikari.pool.HikariPool        : HikariPool-1 - keepalive: connection com.mysql.cj.jdbc.ConnectionImpl@537b806b is alive
-2025-08-17 02:58:56.676 -DEBUG 30417 --- [l-1:housekeeper] com.zaxxer.hikari.pool.HikariPool        : HikariPool-1 - keepalive: connection com.mysql.cj.jdbc.ConnectionImpl@4067fb65 is alive
-2025-08-17 02:58:58.996 -DEBUG 30417 --- [l-1:housekeeper] com.zaxxer.hikari.pool.HikariPool        : HikariPool-1 - Before cleanup stats (total=5/10, idle=5/5, active=0, waiting=0)
-2025-08-17 02:58:58.997 -DEBUG 30417 --- [l-1:housekeeper] com.zaxxer.hikari.pool.HikariPool        : HikariPool-1 - After  cleanup stats (total=5/10, idle=5/5, active=0, waiting=0)
-2025-08-17 02:58:58.997 -DEBUG 30417 --- [l-1:housekeeper] com.zaxxer.hikari.pool.HikariPool        : HikariPool-1 - Fill pool skipped, pool has sufficient level or currently being filled.
-2025-08-17 02:59:29.002 -DEBUG 30417 --- [l-1:housekeeper] com.zaxxer.hikari.pool.HikariPool        : HikariPool-1 - Before cleanup stats (total=5/10, idle=5/5, active=0, waiting=0)
-2025-08-17 02:59:29.002 -DEBUG 30417 --- [l-1:housekeeper] com.zaxxer.hikari.pool.HikariPool        : HikariPool-1 - After  cleanup stats (total=5/10, idle=5/5, active=0, waiting=0)
-2025-08-17 02:59:29.002 -DEBUG 30417 --- [l-1:housekeeper] com.zaxxer.hikari.pool.HikariPool        : HikariPool-1 - Fill pool skipped, pool has sufficient level or currently being filled.
-2025-08-17 02:59:33.186 -DEBUG 30417 --- [nnection-closer] com.zaxxer.hikari.pool.PoolBase          : HikariPool-1 - Closing connection com.mysql.cj.jdbc.ConnectionImpl@4067fb65: (connection has passed maxLifetime)
-2025-08-17 02:59:33.187 -DEBUG 30417 --- [onnection-adder] com.zaxxer.hikari.pool.PoolBase          : HikariPool-1 - Attempting to create/setup new connection (0df14c81-c1ad-4efe-ab0c-57d3b5b11c7a)
-2025-08-17 02:59:33.299 -DEBUG 30417 --- [onnection-adder] com.zaxxer.hikari.pool.PoolBase          : HikariPool-1 - Established new connection (0df14c81-c1ad-4efe-ab0c-57d3b5b11c7a)
-2025-08-17 02:59:33.300 -DEBUG 30417 --- [onnection-adder] com.zaxxer.hikari.pool.HikariPool        : HikariPool-1 - Added connection com.mysql.cj.jdbc.ConnectionImpl@3f784815
-2025-08-17 02:59:38.811 -DEBUG 30417 --- [l-1:housekeeper] com.zaxxer.hikari.pool.HikariPool        : HikariPool-1 - keepalive: connection com.mysql.cj.jdbc.ConnectionImpl@4517525a is alive
-2025-08-17 02:59:38.976 -DEBUG 30417 --- [l-1:housekeeper] com.zaxxer.hikari.pool.HikariPool        : HikariPool-1 - keepalive: connection com.mysql.cj.jdbc.ConnectionImpl@3e2eb3a4 is alive
-2025-08-17 02:59:43.109 -DEBUG 30417 --- [l-1:housekeeper] com.zaxxer.hikari.pool.HikariPool        : HikariPool-1 - keepalive: connection com.mysql.cj.jdbc.ConnectionImpl@7c0abf77 is alive
-2025-08-17 02:59:59.010 -DEBUG 30417 --- [l-1:housekeeper] com.zaxxer.hikari.pool.HikariPool        : HikariPool-1 - Before cleanup stats (total=5/10, idle=5/5, active=0, waiting=0)
-2025-08-17 02:59:59.012 -DEBUG 30417 --- [l-1:housekeeper] com.zaxxer.hikari.pool.HikariPool        : HikariPool-1 - After  cleanup stats (total=5/10, idle=5/5, active=0, waiting=0)
-2025-08-17 02:59:59.012 -DEBUG 30417 --- [l-1:housekeeper] com.zaxxer.hikari.pool.HikariPool        : HikariPool-1 - Fill pool skipped, pool has sufficient level or currently being filled.
-2025-08-17 03:00:05.376 -DEBUG 30417 --- [nnection-closer] com.zaxxer.hikari.pool.PoolBase          : HikariPool-1 - Closing connection com.mysql.cj.jdbc.ConnectionImpl@4517525a: (connection has passed maxLifetime)
-2025-08-17 03:00:05.377 -DEBUG 30417 --- [onnection-adder] com.zaxxer.hikari.pool.PoolBase          : HikariPool-1 - Attempting to create/setup new connection (fe23da82-5254-4dda-b141-1e8b3de9c18b)
-2025-08-17 03:00:05.463 -DEBUG 30417 --- [onnection-adder] com.zaxxer.hikari.pool.PoolBase          : HikariPool-1 - Established new connection (fe23da82-5254-4dda-b141-1e8b3de9c18b)
-2025-08-17 03:00:05.463 -DEBUG 30417 --- [onnection-adder] com.zaxxer.hikari.pool.HikariPool        : HikariPool-1 - Added connection com.mysql.cj.jdbc.ConnectionImpl@46f8469a
-2025-08-17 03:00:29.015 -DEBUG 30417 --- [l-1:housekeeper] com.zaxxer.hikari.pool.HikariPool        : HikariPool-1 - Before cleanup stats (total=5/10, idle=5/5, active=0, waiting=0)
-2025-08-17 03:00:29.015 -DEBUG 30417 --- [l-1:housekeeper] com.zaxxer.hikari.pool.HikariPool        : HikariPool-1 - After  cleanup stats (total=5/10, idle=5/5, active=0, waiting=0)
-2025-08-17 03:00:29.015 -DEBUG 30417 --- [l-1:housekeeper] com.zaxxer.hikari.pool.HikariPool        : HikariPool-1 - Fill pool skipped, pool has sufficient level or currently being filled.
-2025-08-17 03:00:32.392 -DEBUG 30417 --- [l-1:housekeeper] com.zaxxer.hikari.pool.HikariPool        : HikariPool-1 - keepalive: connection com.mysql.cj.jdbc.ConnectionImpl@537b806b is alive
-2025-08-17 03:00:59.016 -DEBUG 30417 --- [l-1:housekeeper] com.zaxxer.hikari.pool.HikariPool        : HikariPool-1 - Before cleanup stats (total=5/10, idle=5/5, active=0, waiting=0)
-2025-08-17 03:00:59.016 -DEBUG 30417 --- [l-1:housekeeper] com.zaxxer.hikari.pool.HikariPool        : HikariPool-1 - After  cleanup stats (total=5/10, idle=5/5, active=0, waiting=0)
-2025-08-17 03:00:59.016 -DEBUG 30417 --- [l-1:housekeeper] com.zaxxer.hikari.pool.HikariPool        : HikariPool-1 - Fill pool skipped, pool has sufficient level or currently being filled.
-2025-08-17 03:01:10.926 -DEBUG 30417 --- [nnection-closer] com.zaxxer.hikari.pool.PoolBase          : HikariPool-1 - Closing connection com.mysql.cj.jdbc.ConnectionImpl@537b806b: (connection has passed maxLifetime)
-2025-08-17 03:01:10.928 -DEBUG 30417 --- [onnection-adder] com.zaxxer.hikari.pool.PoolBase          : HikariPool-1 - Attempting to create/setup new connection (1e6308a7-3503-42f8-a479-8b0082022bc6)
-2025-08-17 03:01:11.029 -DEBUG 30417 --- [onnection-adder] com.zaxxer.hikari.pool.PoolBase          : HikariPool-1 - Established new connection (1e6308a7-3503-42f8-a479-8b0082022bc6)
-2025-08-17 03:01:11.030 -DEBUG 30417 --- [onnection-adder] com.zaxxer.hikari.pool.HikariPool        : HikariPool-1 - Added connection com.mysql.cj.jdbc.ConnectionImpl@e68bfc5
-2025-08-17 03:01:14.563 -DEBUG 30417 --- [l-1:housekeeper] com.zaxxer.hikari.pool.HikariPool        : HikariPool-1 - keepalive: connection com.mysql.cj.jdbc.ConnectionImpl@3f784815 is alive
-2025-08-17 03:01:25.310 -DEBUG 30417 --- [l-1:housekeeper] com.zaxxer.hikari.pool.HikariPool        : HikariPool-1 - keepalive: connection com.mysql.cj.jdbc.ConnectionImpl@3e2eb3a4 is alive
-2025-08-17 03:01:26.990 -DEBUG 30417 --- [l-1:housekeeper] com.zaxxer.hikari.pool.HikariPool        : HikariPool-1 - keepalive: connection com.mysql.cj.jdbc.ConnectionImpl@7c0abf77 is alive
-2025-08-17 03:01:29.025 -DEBUG 30417 --- [l-1:housekeeper] com.zaxxer.hikari.pool.HikariPool        : HikariPool-1 - Before cleanup stats (total=5/10, idle=5/5, active=0, waiting=0)
-2025-08-17 03:01:29.025 -DEBUG 30417 --- [l-1:housekeeper] com.zaxxer.hikari.pool.HikariPool        : HikariPool-1 - After  cleanup stats (total=5/10, idle=5/5, active=0, waiting=0)
-2025-08-17 03:01:29.025 -DEBUG 30417 --- [l-1:housekeeper] com.zaxxer.hikari.pool.HikariPool        : HikariPool-1 - Fill pool skipped, pool has sufficient level or currently being filled.
-2025-08-17 03:01:47.305 -DEBUG 30417 --- [l-1:housekeeper] com.zaxxer.hikari.pool.HikariPool        : HikariPool-1 - keepalive: connection com.mysql.cj.jdbc.ConnectionImpl@46f8469a is alive
-2025-08-17 03:01:59.031 -DEBUG 30417 --- [l-1:housekeeper] com.zaxxer.hikari.pool.HikariPool        : HikariPool-1 - Before cleanup stats (total=5/10, idle=5/5, active=0, waiting=0)
-2025-08-17 03:01:59.032 -DEBUG 30417 --- [l-1:housekeeper] com.zaxxer.hikari.pool.HikariPool        : HikariPool-1 - After  cleanup stats (total=5/10, idle=5/5, active=0, waiting=0)
-2025-08-17 03:01:59.032 -DEBUG 30417 --- [l-1:housekeeper] com.zaxxer.hikari.pool.HikariPool        : HikariPool-1 - Fill pool skipped, pool has sufficient level or currently being filled.
-2025-08-17 03:02:29.037 -DEBUG 30417 --- [l-1:housekeeper] com.zaxxer.hikari.pool.HikariPool        : HikariPool-1 - Before cleanup stats (total=5/10, idle=5/5, active=0, waiting=0)
-2025-08-17 03:02:29.039 -DEBUG 30417 --- [l-1:housekeeper] com.zaxxer.hikari.pool.HikariPool        : HikariPool-1 - After  cleanup stats (total=5/10, idle=5/5, active=0, waiting=0)
-2025-08-17 03:02:29.039 -DEBUG 30417 --- [l-1:housekeeper] com.zaxxer.hikari.pool.HikariPool        : HikariPool-1 - Fill pool skipped, pool has sufficient level or currently being filled.
-2025-08-17 03:02:55.838 -DEBUG 30417 --- [l-1:housekeeper] com.zaxxer.hikari.pool.HikariPool        : HikariPool-1 - keepalive: connection com.mysql.cj.jdbc.ConnectionImpl@3f784815 is alive
-2025-08-17 03:02:59.043 -DEBUG 30417 --- [l-1:housekeeper] com.zaxxer.hikari.pool.HikariPool        : HikariPool-1 - Before cleanup stats (total=5/10, idle=5/5, active=0, waiting=0)
-2025-08-17 03:02:59.043 -DEBUG 30417 --- [l-1:housekeeper] com.zaxxer.hikari.pool.HikariPool        : HikariPool-1 - After  cleanup stats (total=5/10, idle=5/5, active=0, waiting=0)
-2025-08-17 03:02:59.044 -DEBUG 30417 --- [l-1:housekeeper] com.zaxxer.hikari.pool.HikariPool        : HikariPool-1 - Fill pool skipped, pool has sufficient level or currently being filled.
-2025-08-17 03:03:00.831 -DEBUG 30417 --- [l-1:housekeeper] com.zaxxer.hikari.pool.HikariPool        : HikariPool-1 - keepalive: connection com.mysql.cj.jdbc.ConnectionImpl@e68bfc5 is alive
-2025-08-17 03:03:10.869 -DEBUG 30417 --- [l-1:housekeeper] com.zaxxer.hikari.pool.HikariPool        : HikariPool-1 - keepalive: connection com.mysql.cj.jdbc.ConnectionImpl@7c0abf77 is alive
-2025-08-17 03:03:11.635 -DEBUG 30417 --- [l-1:housekeeper] com.zaxxer.hikari.pool.HikariPool        : HikariPool-1 - keepalive: connection com.mysql.cj.jdbc.ConnectionImpl@3e2eb3a4 is alive
-2025-08-17 03:03:29.051 -DEBUG 30417 --- [l-1:housekeeper] com.zaxxer.hikari.pool.HikariPool        : HikariPool-1 - Before cleanup stats (total=5/10, idle=5/5, active=0, waiting=0)
-2025-08-17 03:03:29.052 -DEBUG 30417 --- [l-1:housekeeper] com.zaxxer.hikari.pool.HikariPool        : HikariPool-1 - After  cleanup stats (total=5/10, idle=5/5, active=0, waiting=0)
-2025-08-17 03:03:29.052 -DEBUG 30417 --- [l-1:housekeeper] com.zaxxer.hikari.pool.HikariPool        : HikariPool-1 - Fill pool skipped, pool has sufficient level or currently being filled.
-2025-08-17 03:03:29.142 -DEBUG 30417 --- [l-1:housekeeper] com.zaxxer.hikari.pool.HikariPool        : HikariPool-1 - keepalive: connection com.mysql.cj.jdbc.ConnectionImpl@46f8469a is alive
-2025-08-17 03:03:59.062 -DEBUG 30417 --- [l-1:housekeeper] com.zaxxer.hikari.pool.HikariPool        : HikariPool-1 - Before cleanup stats (total=5/10, idle=5/5, active=0, waiting=0)
-2025-08-17 03:03:59.062 -DEBUG 30417 --- [l-1:housekeeper] com.zaxxer.hikari.pool.HikariPool        : HikariPool-1 - After  cleanup stats (total=5/10, idle=5/5, active=0, waiting=0)
-2025-08-17 03:03:59.063 -DEBUG 30417 --- [l-1:housekeeper] com.zaxxer.hikari.pool.HikariPool        : HikariPool-1 - Fill pool skipped, pool has sufficient level or currently being filled.
-2025-08-17 03:04:29.072 -DEBUG 30417 --- [l-1:housekeeper] com.zaxxer.hikari.pool.HikariPool        : HikariPool-1 - Before cleanup stats (total=5/10, idle=5/5, active=0, waiting=0)
-2025-08-17 03:04:29.072 -DEBUG 30417 --- [l-1:housekeeper] com.zaxxer.hikari.pool.HikariPool        : HikariPool-1 - After  cleanup stats (total=5/10, idle=5/5, active=0, waiting=0)
-2025-08-17 03:04:29.072 -DEBUG 30417 --- [l-1:housekeeper] com.zaxxer.hikari.pool.HikariPool        : HikariPool-1 - Fill pool skipped, pool has sufficient level or currently being filled.
-2025-08-17 03:04:37.113 -DEBUG 30417 --- [l-1:housekeeper] com.zaxxer.hikari.pool.HikariPool        : HikariPool-1 - keepalive: connection com.mysql.cj.jdbc.ConnectionImpl@3f784815 is alive
-2025-08-17 03:04:50.635 -DEBUG 30417 --- [l-1:housekeeper] com.zaxxer.hikari.pool.HikariPool        : HikariPool-1 - keepalive: connection com.mysql.cj.jdbc.ConnectionImpl@e68bfc5 is alive
-2025-08-17 03:04:54.746 -DEBUG 30417 --- [l-1:housekeeper] com.zaxxer.hikari.pool.HikariPool        : HikariPool-1 - keepalive: connection com.mysql.cj.jdbc.ConnectionImpl@7c0abf77 is alive
-2025-08-17 03:04:57.966 -DEBUG 30417 --- [l-1:housekeeper] com.zaxxer.hikari.pool.HikariPool        : HikariPool-1 - keepalive: connection com.mysql.cj.jdbc.ConnectionImpl@3e2eb3a4 is alive
-2025-08-17 03:04:59.078 -DEBUG 30417 --- [l-1:housekeeper] com.zaxxer.hikari.pool.HikariPool        : HikariPool-1 - Before cleanup stats (total=5/10, idle=5/5, active=0, waiting=0)
-2025-08-17 03:04:59.078 -DEBUG 30417 --- [l-1:housekeeper] com.zaxxer.hikari.pool.HikariPool        : HikariPool-1 - After  cleanup stats (total=5/10, idle=5/5, active=0, waiting=0)
-2025-08-17 03:04:59.079 -DEBUG 30417 --- [l-1:housekeeper] com.zaxxer.hikari.pool.HikariPool        : HikariPool-1 - Fill pool skipped, pool has sufficient level or currently being filled.
-2025-08-17 03:05:10.976 -DEBUG 30417 --- [l-1:housekeeper] com.zaxxer.hikari.pool.HikariPool        : HikariPool-1 - keepalive: connection com.mysql.cj.jdbc.ConnectionImpl@46f8469a is alive
-2025-08-17 03:05:29.087 -DEBUG 30417 --- [l-1:housekeeper] com.zaxxer.hikari.pool.HikariPool        : HikariPool-1 - Before cleanup stats (total=5/10, idle=5/5, active=0, waiting=0)
-2025-08-17 03:05:29.088 -DEBUG 30417 --- [l-1:housekeeper] com.zaxxer.hikari.pool.HikariPool        : HikariPool-1 - After  cleanup stats (total=5/10, idle=5/5, active=0, waiting=0)
-2025-08-17 03:05:29.088 -DEBUG 30417 --- [l-1:housekeeper] com.zaxxer.hikari.pool.HikariPool        : HikariPool-1 - Fill pool skipped, pool has sufficient level or currently being filled.
-2025-08-17 03:05:44.319 -DEBUG 30417 --- [nnection-closer] com.zaxxer.hikari.pool.PoolBase          : HikariPool-1 - Closing connection com.mysql.cj.jdbc.ConnectionImpl@3e2eb3a4: (connection has passed maxLifetime)
-2025-08-17 03:05:44.320 -DEBUG 30417 --- [onnection-adder] com.zaxxer.hikari.pool.PoolBase          : HikariPool-1 - Attempting to create/setup new connection (131547bd-926b-4954-8f7d-5f8d9593b468)
-2025-08-17 03:05:44.418 -DEBUG 30417 --- [onnection-adder] com.zaxxer.hikari.pool.PoolBase          : HikariPool-1 - Established new connection (131547bd-926b-4954-8f7d-5f8d9593b468)
-2025-08-17 03:05:44.418 -DEBUG 30417 --- [onnection-adder] com.zaxxer.hikari.pool.HikariPool        : HikariPool-1 - Added connection com.mysql.cj.jdbc.ConnectionImpl@565d09aa
-2025-08-17 03:05:59.094 -DEBUG 30417 --- [l-1:housekeeper] com.zaxxer.hikari.pool.HikariPool        : HikariPool-1 - Before cleanup stats (total=5/10, idle=5/5, active=0, waiting=0)
-2025-08-17 03:05:59.095 -DEBUG 30417 --- [l-1:housekeeper] com.zaxxer.hikari.pool.HikariPool        : HikariPool-1 - After  cleanup stats (total=5/10, idle=5/5, active=0, waiting=0)
-2025-08-17 03:05:59.096 -DEBUG 30417 --- [l-1:housekeeper] com.zaxxer.hikari.pool.HikariPool        : HikariPool-1 - Fill pool skipped, pool has sufficient level or currently being filled.
-2025-08-17 03:06:18.389 -DEBUG 30417 --- [l-1:housekeeper] com.zaxxer.hikari.pool.HikariPool        : HikariPool-1 - keepalive: connection com.mysql.cj.jdbc.ConnectionImpl@3f784815 is alive
-2025-08-17 03:06:29.105 -DEBUG 30417 --- [l-1:housekeeper] com.zaxxer.hikari.pool.HikariPool        : HikariPool-1 - Before cleanup stats (total=5/10, idle=5/5, active=0, waiting=0)
-2025-08-17 03:06:29.105 -DEBUG 30417 --- [l-1:housekeeper] com.zaxxer.hikari.pool.HikariPool        : HikariPool-1 - After  cleanup stats (total=5/10, idle=5/5, active=0, waiting=0)
-2025-08-17 03:06:29.105 -DEBUG 30417 --- [l-1:housekeeper] com.zaxxer.hikari.pool.HikariPool        : HikariPool-1 - Fill pool skipped, pool has sufficient level or currently being filled.
-2025-08-17 03:06:38.630 -DEBUG 30417 --- [l-1:housekeeper] com.zaxxer.hikari.pool.HikariPool        : HikariPool-1 - keepalive: connection com.mysql.cj.jdbc.ConnectionImpl@7c0abf77 is alive
-2025-08-17 03:06:40.440 -DEBUG 30417 --- [l-1:housekeeper] com.zaxxer.hikari.pool.HikariPool        : HikariPool-1 - keepalive: connection com.mysql.cj.jdbc.ConnectionImpl@e68bfc5 is alive
-2025-08-17 03:06:52.812 -DEBUG 30417 --- [l-1:housekeeper] com.zaxxer.hikari.pool.HikariPool        : HikariPool-1 - keepalive: connection com.mysql.cj.jdbc.ConnectionImpl@46f8469a is alive
-2025-08-17 03:06:59.115 -DEBUG 30417 --- [l-1:housekeeper] com.zaxxer.hikari.pool.HikariPool        : HikariPool-1 - Before cleanup stats (total=5/10, idle=5/5, active=0, waiting=0)
-2025-08-17 03:06:59.115 -DEBUG 30417 --- [l-1:housekeeper] com.zaxxer.hikari.pool.HikariPool        : HikariPool-1 - After  cleanup stats (total=5/10, idle=5/5, active=0, waiting=0)
-2025-08-17 03:06:59.115 -DEBUG 30417 --- [l-1:housekeeper] com.zaxxer.hikari.pool.HikariPool        : HikariPool-1 - Fill pool skipped, pool has sufficient level or currently being filled.
-2025-08-17 03:07:01.699 -DEBUG 30417 --- [nnection-closer] com.zaxxer.hikari.pool.PoolBase          : HikariPool-1 - Closing connection com.mysql.cj.jdbc.ConnectionImpl@7c0abf77: (connection has passed maxLifetime)
-2025-08-17 03:07:01.701 -DEBUG 30417 --- [onnection-adder] com.zaxxer.hikari.pool.PoolBase          : HikariPool-1 - Attempting to create/setup new connection (66b67b72-c452-4861-ac25-15a46b30428b)
-2025-08-17 03:07:01.789 -DEBUG 30417 --- [onnection-adder] com.zaxxer.hikari.pool.PoolBase          : HikariPool-1 - Established new connection (66b67b72-c452-4861-ac25-15a46b30428b)
-2025-08-17 03:07:01.790 -DEBUG 30417 --- [onnection-adder] com.zaxxer.hikari.pool.HikariPool        : HikariPool-1 - Added connection com.mysql.cj.jdbc.ConnectionImpl@28a0d7c8
-2025-08-17 03:07:29.125 -DEBUG 30417 --- [l-1:housekeeper] com.zaxxer.hikari.pool.HikariPool        : HikariPool-1 - Before cleanup stats (total=5/10, idle=5/5, active=0, waiting=0)
-2025-08-17 03:07:29.125 -DEBUG 30417 --- [l-1:housekeeper] com.zaxxer.hikari.pool.HikariPool        : HikariPool-1 - After  cleanup stats (total=5/10, idle=5/5, active=0, waiting=0)
-2025-08-17 03:07:29.125 -DEBUG 30417 --- [l-1:housekeeper] com.zaxxer.hikari.pool.HikariPool        : HikariPool-1 - Fill pool skipped, pool has sufficient level or currently being filled.
-2025-08-17 03:07:38.780 -DEBUG 30417 --- [l-1:housekeeper] com.zaxxer.hikari.pool.HikariPool        : HikariPool-1 - keepalive: connection com.mysql.cj.jdbc.ConnectionImpl@565d09aa is alive
-2025-08-17 03:07:59.129 -DEBUG 30417 --- [l-1:housekeeper] com.zaxxer.hikari.pool.HikariPool        : HikariPool-1 - Before cleanup stats (total=5/10, idle=5/5, active=0, waiting=0)
-2025-08-17 03:07:59.130 -DEBUG 30417 --- [l-1:housekeeper] com.zaxxer.hikari.pool.HikariPool        : HikariPool-1 - After  cleanup stats (total=5/10, idle=5/5, active=0, waiting=0)
-2025-08-17 03:07:59.130 -DEBUG 30417 --- [l-1:housekeeper] com.zaxxer.hikari.pool.HikariPool        : HikariPool-1 - Fill pool skipped, pool has sufficient level or currently being filled.
-2025-08-17 03:07:59.665 -DEBUG 30417 --- [l-1:housekeeper] com.zaxxer.hikari.pool.HikariPool        : HikariPool-1 - keepalive: connection com.mysql.cj.jdbc.ConnectionImpl@3f784815 is alive
-2025-08-17 03:08:29.140 -DEBUG 30417 --- [l-1:housekeeper] com.zaxxer.hikari.pool.HikariPool        : HikariPool-1 - Before cleanup stats (total=5/10, idle=5/5, active=0, waiting=0)
-2025-08-17 03:08:29.140 -DEBUG 30417 --- [l-1:housekeeper] com.zaxxer.hikari.pool.HikariPool        : HikariPool-1 - After  cleanup stats (total=5/10, idle=5/5, active=0, waiting=0)
-2025-08-17 03:08:29.140 -DEBUG 30417 --- [l-1:housekeeper] com.zaxxer.hikari.pool.HikariPool        : HikariPool-1 - Fill pool skipped, pool has sufficient level or currently being filled.
-2025-08-17 03:08:30.242 -DEBUG 30417 --- [l-1:housekeeper] com.zaxxer.hikari.pool.HikariPool        : HikariPool-1 - keepalive: connection com.mysql.cj.jdbc.ConnectionImpl@e68bfc5 is alive
-2025-08-17 03:08:34.651 -DEBUG 30417 --- [l-1:housekeeper] com.zaxxer.hikari.pool.HikariPool        : HikariPool-1 - keepalive: connection com.mysql.cj.jdbc.ConnectionImpl@46f8469a is alive
-2025-08-17 03:08:46.118 -DEBUG 30417 --- [l-1:housekeeper] com.zaxxer.hikari.pool.HikariPool        : HikariPool-1 - keepalive: connection com.mysql.cj.jdbc.ConnectionImpl@28a0d7c8 is alive
-2025-08-17 03:08:59.148 -DEBUG 30417 --- [l-1:housekeeper] com.zaxxer.hikari.pool.HikariPool        : HikariPool-1 - Before cleanup stats (total=5/10, idle=5/5, active=0, waiting=0)
-2025-08-17 03:08:59.149 -DEBUG 30417 --- [l-1:housekeeper] com.zaxxer.hikari.pool.HikariPool        : HikariPool-1 - After  cleanup stats (total=5/10, idle=5/5, active=0, waiting=0)
-2025-08-17 03:08:59.149 -DEBUG 30417 --- [l-1:housekeeper] com.zaxxer.hikari.pool.HikariPool        : HikariPool-1 - Fill pool skipped, pool has sufficient level or currently being filled.
-2025-08-17 03:09:29.153 -DEBUG 30417 --- [l-1:housekeeper] com.zaxxer.hikari.pool.HikariPool        : HikariPool-1 - Before cleanup stats (total=5/10, idle=5/5, active=0, waiting=0)
-2025-08-17 03:09:29.154 -DEBUG 30417 --- [l-1:housekeeper] com.zaxxer.hikari.pool.HikariPool        : HikariPool-1 - After  cleanup stats (total=5/10, idle=5/5, active=0, waiting=0)
-2025-08-17 03:09:29.154 -DEBUG 30417 --- [l-1:housekeeper] com.zaxxer.hikari.pool.HikariPool        : HikariPool-1 - Fill pool skipped, pool has sufficient level or currently being filled.
-2025-08-17 03:09:33.139 -DEBUG 30417 --- [l-1:housekeeper] com.zaxxer.hikari.pool.HikariPool        : HikariPool-1 - keepalive: connection com.mysql.cj.jdbc.ConnectionImpl@565d09aa is alive
-2025-08-17 03:09:40.940 -DEBUG 30417 --- [l-1:housekeeper] com.zaxxer.hikari.pool.HikariPool        : HikariPool-1 - keepalive: connection com.mysql.cj.jdbc.ConnectionImpl@3f784815 is alive
-2025-08-17 03:09:59.159 -DEBUG 30417 --- [l-1:housekeeper] com.zaxxer.hikari.pool.HikariPool        : HikariPool-1 - Before cleanup stats (total=5/10, idle=5/5, active=0, waiting=0)
-2025-08-17 03:09:59.159 -DEBUG 30417 --- [l-1:housekeeper] com.zaxxer.hikari.pool.HikariPool        : HikariPool-1 - After  cleanup stats (total=5/10, idle=5/5, active=0, waiting=0)
-2025-08-17 03:09:59.159 -DEBUG 30417 --- [l-1:housekeeper] com.zaxxer.hikari.pool.HikariPool        : HikariPool-1 - Fill pool skipped, pool has sufficient level or currently being filled.
-2025-08-17 03:10:16.493 -DEBUG 30417 --- [l-1:housekeeper] com.zaxxer.hikari.pool.HikariPool        : HikariPool-1 - keepalive: connection com.mysql.cj.jdbc.ConnectionImpl@46f8469a is alive
-2025-08-17 03:10:22.164 -DEBUG 30417 --- [l-1:housekeeper] com.zaxxer.hikari.pool.HikariPool        : HikariPool-1 - keepalive: connection com.mysql.cj.jdbc.ConnectionImpl@e68bfc5 is alive
-2025-08-17 03:10:31.294 -DEBUG 30417 --- [l-1:housekeeper] com.zaxxer.hikari.pool.HikariPool        : HikariPool-1 - Before cleanup stats (total=5/10, idle=5/5, active=0, waiting=0)
-2025-08-17 03:10:31.294 -DEBUG 30417 --- [l-1:housekeeper] com.zaxxer.hikari.pool.HikariPool        : HikariPool-1 - After  cleanup stats (total=5/10, idle=5/5, active=0, waiting=0)
-2025-08-17 03:10:31.294 -DEBUG 30417 --- [l-1:housekeeper] com.zaxxer.hikari.pool.HikariPool        : HikariPool-1 - Fill pool skipped, pool has sufficient level or currently being filled.
-2025-08-17 03:10:32.575 -DEBUG 30417 --- [l-1:housekeeper] com.zaxxer.hikari.pool.HikariPool        : HikariPool-1 - keepalive: connection com.mysql.cj.jdbc.ConnectionImpl@28a0d7c8 is alive
-2025-08-17 03:11:01.300 -DEBUG 30417 --- [l-1:housekeeper] com.zaxxer.hikari.pool.HikariPool        : HikariPool-1 - Before cleanup stats (total=5/10, idle=5/5, active=0, waiting=0)
-2025-08-17 03:11:01.301 -DEBUG 30417 --- [l-1:housekeeper] com.zaxxer.hikari.pool.HikariPool        : HikariPool-1 - After  cleanup stats (total=5/10, idle=5/5, active=0, waiting=0)
-2025-08-17 03:11:01.301 -DEBUG 30417 --- [l-1:housekeeper] com.zaxxer.hikari.pool.HikariPool        : HikariPool-1 - Fill pool skipped, pool has sufficient level or currently being filled.
-2025-08-17 03:11:24.338 -DEBUG 30417 --- [l-1:housekeeper] com.zaxxer.hikari.pool.HikariPool        : HikariPool-1 - keepalive: connection com.mysql.cj.jdbc.ConnectionImpl@3f784815 is alive
-2025-08-17 03:11:29.629 -DEBUG 30417 --- [l-1:housekeeper] com.zaxxer.hikari.pool.HikariPool        : HikariPool-1 - keepalive: connection com.mysql.cj.jdbc.ConnectionImpl@565d09aa is alive
-2025-08-17 03:11:31.308 -DEBUG 30417 --- [l-1:housekeeper] com.zaxxer.hikari.pool.HikariPool        : HikariPool-1 - Before cleanup stats (total=5/10, idle=5/5, active=0, waiting=0)
-2025-08-17 03:11:31.308 -DEBUG 30417 --- [l-1:housekeeper] com.zaxxer.hikari.pool.HikariPool        : HikariPool-1 - After  cleanup stats (total=5/10, idle=5/5, active=0, waiting=0)
-2025-08-17 03:11:31.308 -DEBUG 30417 --- [l-1:housekeeper] com.zaxxer.hikari.pool.HikariPool        : HikariPool-1 - Fill pool skipped, pool has sufficient level or currently being filled.
-2025-08-17 03:12:00.453 -DEBUG 30417 --- [l-1:housekeeper] com.zaxxer.hikari.pool.HikariPool        : HikariPool-1 - keepalive: connection com.mysql.cj.jdbc.ConnectionImpl@46f8469a is alive
-2025-08-17 03:12:01.316 -DEBUG 30417 --- [l-1:housekeeper] com.zaxxer.hikari.pool.HikariPool        : HikariPool-1 - Before cleanup stats (total=5/10, idle=5/5, active=0, waiting=0)
-2025-08-17 03:12:01.316 -DEBUG 30417 --- [l-1:housekeeper] com.zaxxer.hikari.pool.HikariPool        : HikariPool-1 - After  cleanup stats (total=5/10, idle=5/5, active=0, waiting=0)
-2025-08-17 03:12:01.316 -DEBUG 30417 --- [l-1:housekeeper] com.zaxxer.hikari.pool.HikariPool        : HikariPool-1 - Fill pool skipped, pool has sufficient level or currently being filled.
-2025-08-17 03:12:11.968 -DEBUG 30417 --- [l-1:housekeeper] com.zaxxer.hikari.pool.HikariPool        : HikariPool-1 - keepalive: connection com.mysql.cj.jdbc.ConnectionImpl@e68bfc5 is alive
-2025-08-17 03:12:16.903 -DEBUG 30417 --- [l-1:housekeeper] com.zaxxer.hikari.pool.HikariPool        : HikariPool-1 - keepalive: connection com.mysql.cj.jdbc.ConnectionImpl@28a0d7c8 is alive
-2025-08-17 03:12:31.323 -DEBUG 30417 --- [l-1:housekeeper] com.zaxxer.hikari.pool.HikariPool        : HikariPool-1 - Before cleanup stats (total=5/10, idle=5/5, active=0, waiting=0)
-2025-08-17 03:12:31.324 -DEBUG 30417 --- [l-1:housekeeper] com.zaxxer.hikari.pool.HikariPool        : HikariPool-1 - After  cleanup stats (total=5/10, idle=5/5, active=0, waiting=0)
-2025-08-17 03:12:31.324 -DEBUG 30417 --- [l-1:housekeeper] com.zaxxer.hikari.pool.HikariPool        : HikariPool-1 - Fill pool skipped, pool has sufficient level or currently being filled.
-2025-08-17 03:13:01.330 -DEBUG 30417 --- [l-1:housekeeper] com.zaxxer.hikari.pool.HikariPool        : HikariPool-1 - Before cleanup stats (total=5/10, idle=5/5, active=0, waiting=0)
-2025-08-17 03:13:01.331 -DEBUG 30417 --- [l-1:housekeeper] com.zaxxer.hikari.pool.HikariPool        : HikariPool-1 - After  cleanup stats (total=5/10, idle=5/5, active=0, waiting=0)
-2025-08-17 03:13:01.332 -DEBUG 30417 --- [l-1:housekeeper] com.zaxxer.hikari.pool.HikariPool        : HikariPool-1 - Fill pool skipped, pool has sufficient level or currently being filled.
-2025-08-17 03:13:05.610 -DEBUG 30417 --- [l-1:housekeeper] com.zaxxer.hikari.pool.HikariPool        : HikariPool-1 - keepalive: connection com.mysql.cj.jdbc.ConnectionImpl@3f784815 is alive
-2025-08-17 03:13:23.994 -DEBUG 30417 --- [l-1:housekeeper] com.zaxxer.hikari.pool.HikariPool        : HikariPool-1 - keepalive: connection com.mysql.cj.jdbc.ConnectionImpl@565d09aa is alive
-2025-08-17 03:13:31.340 -DEBUG 30417 --- [l-1:housekeeper] com.zaxxer.hikari.pool.HikariPool        : HikariPool-1 - Before cleanup stats (total=5/10, idle=5/5, active=0, waiting=0)
-2025-08-17 03:13:31.341 -DEBUG 30417 --- [l-1:housekeeper] com.zaxxer.hikari.pool.HikariPool        : HikariPool-1 - After  cleanup stats (total=5/10, idle=5/5, active=0, waiting=0)
-2025-08-17 03:13:31.341 -DEBUG 30417 --- [l-1:housekeeper] com.zaxxer.hikari.pool.HikariPool        : HikariPool-1 - Fill pool skipped, pool has sufficient level or currently being filled.
-2025-08-17 03:13:42.295 -DEBUG 30417 --- [l-1:housekeeper] com.zaxxer.hikari.pool.HikariPool        : HikariPool-1 - keepalive: connection com.mysql.cj.jdbc.ConnectionImpl@46f8469a is alive
-2025-08-17 03:14:01.235 -DEBUG 30417 --- [l-1:housekeeper] com.zaxxer.hikari.pool.HikariPool        : HikariPool-1 - keepalive: connection com.mysql.cj.jdbc.ConnectionImpl@28a0d7c8 is alive
-2025-08-17 03:14:01.349 -DEBUG 30417 --- [l-1:housekeeper] com.zaxxer.hikari.pool.HikariPool        : HikariPool-1 - Before cleanup stats (total=5/10, idle=5/5, active=0, waiting=0)
-2025-08-17 03:14:01.349 -DEBUG 30417 --- [l-1:housekeeper] com.zaxxer.hikari.pool.HikariPool        : HikariPool-1 - After  cleanup stats (total=5/10, idle=5/5, active=0, waiting=0)
-2025-08-17 03:14:01.350 -DEBUG 30417 --- [l-1:housekeeper] com.zaxxer.hikari.pool.HikariPool        : HikariPool-1 - Fill pool skipped, pool has sufficient level or currently being filled.
-2025-08-17 03:14:01.769 -DEBUG 30417 --- [l-1:housekeeper] com.zaxxer.hikari.pool.HikariPool        : HikariPool-1 - keepalive: connection com.mysql.cj.jdbc.ConnectionImpl@e68bfc5 is alive
-2025-08-17 03:14:31.357 -DEBUG 30417 --- [l-1:housekeeper] com.zaxxer.hikari.pool.HikariPool        : HikariPool-1 - Before cleanup stats (total=5/10, idle=5/5, active=0, waiting=0)
-2025-08-17 03:14:31.359 -DEBUG 30417 --- [l-1:housekeeper] com.zaxxer.hikari.pool.HikariPool        : HikariPool-1 - After  cleanup stats (total=5/10, idle=5/5, active=0, waiting=0)
-2025-08-17 03:14:31.359 -DEBUG 30417 --- [l-1:housekeeper] com.zaxxer.hikari.pool.HikariPool        : HikariPool-1 - Fill pool skipped, pool has sufficient level or currently being filled.
-2025-08-17 03:14:46.883 -DEBUG 30417 --- [l-1:housekeeper] com.zaxxer.hikari.pool.HikariPool        : HikariPool-1 - keepalive: connection com.mysql.cj.jdbc.ConnectionImpl@3f784815 is alive
-2025-08-17 03:15:01.365 -DEBUG 30417 --- [l-1:housekeeper] com.zaxxer.hikari.pool.HikariPool        : HikariPool-1 - Before cleanup stats (total=5/10, idle=5/5, active=0, waiting=0)
-2025-08-17 03:15:01.366 -DEBUG 30417 --- [l-1:housekeeper] com.zaxxer.hikari.pool.HikariPool        : HikariPool-1 - After  cleanup stats (total=5/10, idle=5/5, active=0, waiting=0)
-2025-08-17 03:15:01.366 -DEBUG 30417 --- [l-1:housekeeper] com.zaxxer.hikari.pool.HikariPool        : HikariPool-1 - Fill pool skipped, pool has sufficient level or currently being filled.
-2025-08-17 03:15:18.358 -DEBUG 30417 --- [l-1:housekeeper] com.zaxxer.hikari.pool.HikariPool        : HikariPool-1 - keepalive: connection com.mysql.cj.jdbc.ConnectionImpl@565d09aa is alive
-2025-08-17 03:15:24.130 -DEBUG 30417 --- [l-1:housekeeper] com.zaxxer.hikari.pool.HikariPool        : HikariPool-1 - keepalive: connection com.mysql.cj.jdbc.ConnectionImpl@46f8469a is alive
-2025-08-17 03:15:31.376 -DEBUG 30417 --- [l-1:housekeeper] com.zaxxer.hikari.pool.HikariPool        : HikariPool-1 - Before cleanup stats (total=5/10, idle=5/5, active=0, waiting=0)
-2025-08-17 03:15:31.376 -DEBUG 30417 --- [l-1:housekeeper] com.zaxxer.hikari.pool.HikariPool        : HikariPool-1 - After  cleanup stats (total=5/10, idle=5/5, active=0, waiting=0)
-2025-08-17 03:15:31.376 -DEBUG 30417 --- [l-1:housekeeper] com.zaxxer.hikari.pool.HikariPool        : HikariPool-1 - Fill pool skipped, pool has sufficient level or currently being filled.
-2025-08-17 03:15:45.565 -DEBUG 30417 --- [l-1:housekeeper] com.zaxxer.hikari.pool.HikariPool        : HikariPool-1 - keepalive: connection com.mysql.cj.jdbc.ConnectionImpl@28a0d7c8 is alive
-2025-08-17 03:15:51.572 -DEBUG 30417 --- [l-1:housekeeper] com.zaxxer.hikari.pool.HikariPool        : HikariPool-1 - keepalive: connection com.mysql.cj.jdbc.ConnectionImpl@e68bfc5 is alive
-2025-08-17 03:16:01.386 -DEBUG 30417 --- [l-1:housekeeper] com.zaxxer.hikari.pool.HikariPool        : HikariPool-1 - Before cleanup stats (total=5/10, idle=5/5, active=0, waiting=0)
-2025-08-17 03:16:01.387 -DEBUG 30417 --- [l-1:housekeeper] com.zaxxer.hikari.pool.HikariPool        : HikariPool-1 - After  cleanup stats (total=5/10, idle=5/5, active=0, waiting=0)
-2025-08-17 03:16:01.387 -DEBUG 30417 --- [l-1:housekeeper] com.zaxxer.hikari.pool.HikariPool        : HikariPool-1 - Fill pool skipped, pool has sufficient level or currently being filled.
-2025-08-17 03:16:28.157 -DEBUG 30417 --- [l-1:housekeeper] com.zaxxer.hikari.pool.HikariPool        : HikariPool-1 - keepalive: connection com.mysql.cj.jdbc.ConnectionImpl@3f784815 is alive
-2025-08-17 03:16:31.397 -DEBUG 30417 --- [l-1:housekeeper] com.zaxxer.hikari.pool.HikariPool        : HikariPool-1 - Before cleanup stats (total=5/10, idle=5/5, active=0, waiting=0)
-2025-08-17 03:16:31.397 -DEBUG 30417 --- [l-1:housekeeper] com.zaxxer.hikari.pool.HikariPool        : HikariPool-1 - After  cleanup stats (total=5/10, idle=5/5, active=0, waiting=0)
-2025-08-17 03:16:31.397 -DEBUG 30417 --- [l-1:housekeeper] com.zaxxer.hikari.pool.HikariPool        : HikariPool-1 - Fill pool skipped, pool has sufficient level or currently being filled.
-2025-08-17 03:17:01.401 -DEBUG 30417 --- [l-1:housekeeper] com.zaxxer.hikari.pool.HikariPool        : HikariPool-1 - Before cleanup stats (total=5/10, idle=5/5, active=0, waiting=0)
-2025-08-17 03:17:01.402 -DEBUG 30417 --- [l-1:housekeeper] com.zaxxer.hikari.pool.HikariPool        : HikariPool-1 - After  cleanup stats (total=5/10, idle=5/5, active=0, waiting=0)
-2025-08-17 03:17:01.402 -DEBUG 30417 --- [l-1:housekeeper] com.zaxxer.hikari.pool.HikariPool        : HikariPool-1 - Fill pool skipped, pool has sufficient level or currently being filled.
-2025-08-17 03:17:05.966 -DEBUG 30417 --- [l-1:housekeeper] com.zaxxer.hikari.pool.HikariPool        : HikariPool-1 - keepalive: connection com.mysql.cj.jdbc.ConnectionImpl@46f8469a is alive
-2025-08-17 03:17:12.722 -DEBUG 30417 --- [l-1:housekeeper] com.zaxxer.hikari.pool.HikariPool        : HikariPool-1 - keepalive: connection com.mysql.cj.jdbc.ConnectionImpl@565d09aa is alive
-2025-08-17 03:17:29.892 -DEBUG 30417 --- [l-1:housekeeper] com.zaxxer.hikari.pool.HikariPool        : HikariPool-1 - keepalive: connection com.mysql.cj.jdbc.ConnectionImpl@28a0d7c8 is alive
-2025-08-17 03:17:31.405 -DEBUG 30417 --- [l-1:housekeeper] com.zaxxer.hikari.pool.HikariPool        : HikariPool-1 - Before cleanup stats (total=5/10, idle=5/5, active=0, waiting=0)
-2025-08-17 03:17:31.405 -DEBUG 30417 --- [l-1:housekeeper] com.zaxxer.hikari.pool.HikariPool        : HikariPool-1 - After  cleanup stats (total=5/10, idle=5/5, active=0, waiting=0)
-2025-08-17 03:17:31.405 -DEBUG 30417 --- [l-1:housekeeper] com.zaxxer.hikari.pool.HikariPool        : HikariPool-1 - Fill pool skipped, pool has sufficient level or currently being filled.
-2025-08-17 03:17:41.378 -DEBUG 30417 --- [l-1:housekeeper] com.zaxxer.hikari.pool.HikariPool        : HikariPool-1 - keepalive: connection com.mysql.cj.jdbc.ConnectionImpl@e68bfc5 is alive
-2025-08-17 03:18:01.411 -DEBUG 30417 --- [l-1:housekeeper] com.zaxxer.hikari.pool.HikariPool        : HikariPool-1 - Before cleanup stats (total=5/10, idle=5/5, active=0, waiting=0)
-2025-08-17 03:18:01.412 -DEBUG 30417 --- [l-1:housekeeper] com.zaxxer.hikari.pool.HikariPool        : HikariPool-1 - After  cleanup stats (total=5/10, idle=5/5, active=0, waiting=0)
-2025-08-17 03:18:01.412 -DEBUG 30417 --- [l-1:housekeeper] com.zaxxer.hikari.pool.HikariPool        : HikariPool-1 - Fill pool skipped, pool has sufficient level or currently being filled.
-2025-08-17 03:18:09.421 -DEBUG 30417 --- [l-1:housekeeper] com.zaxxer.hikari.pool.HikariPool        : HikariPool-1 - keepalive: connection com.mysql.cj.jdbc.ConnectionImpl@3f784815 is alive
-2025-08-17 03:18:31.418 -DEBUG 30417 --- [l-1:housekeeper] com.zaxxer.hikari.pool.HikariPool        : HikariPool-1 - Before cleanup stats (total=5/10, idle=5/5, active=0, waiting=0)
-2025-08-17 03:18:31.418 -DEBUG 30417 --- [l-1:housekeeper] com.zaxxer.hikari.pool.HikariPool        : HikariPool-1 - After  cleanup stats (total=5/10, idle=5/5, active=0, waiting=0)
-2025-08-17 03:18:31.418 -DEBUG 30417 --- [l-1:housekeeper] com.zaxxer.hikari.pool.HikariPool        : HikariPool-1 - Fill pool skipped, pool has sufficient level or currently being filled.
-2025-08-17 03:18:47.804 -DEBUG 30417 --- [l-1:housekeeper] com.zaxxer.hikari.pool.HikariPool        : HikariPool-1 - keepalive: connection com.mysql.cj.jdbc.ConnectionImpl@46f8469a is alive
-2025-08-17 03:19:01.429 -DEBUG 30417 --- [l-1:housekeeper] com.zaxxer.hikari.pool.HikariPool        : HikariPool-1 - Before cleanup stats (total=5/10, idle=5/5, active=0, waiting=0)
-2025-08-17 03:19:01.429 -DEBUG 30417 --- [l-1:housekeeper] com.zaxxer.hikari.pool.HikariPool        : HikariPool-1 - After  cleanup stats (total=5/10, idle=5/5, active=0, waiting=0)
-2025-08-17 03:19:01.429 -DEBUG 30417 --- [l-1:housekeeper] com.zaxxer.hikari.pool.HikariPool        : HikariPool-1 - Fill pool skipped, pool has sufficient level or currently being filled.
-2025-08-17 03:19:07.087 -DEBUG 30417 --- [l-1:housekeeper] com.zaxxer.hikari.pool.HikariPool        : HikariPool-1 - keepalive: connection com.mysql.cj.jdbc.ConnectionImpl@565d09aa is alive
-2025-08-17 03:19:14.224 -DEBUG 30417 --- [l-1:housekeeper] com.zaxxer.hikari.pool.HikariPool        : HikariPool-1 - keepalive: connection com.mysql.cj.jdbc.ConnectionImpl@28a0d7c8 is alive
-2025-08-17 03:19:31.183 -DEBUG 30417 --- [l-1:housekeeper] com.zaxxer.hikari.pool.HikariPool        : HikariPool-1 - keepalive: connection com.mysql.cj.jdbc.ConnectionImpl@e68bfc5 is alive
-2025-08-17 03:19:31.439 -DEBUG 30417 --- [l-1:housekeeper] com.zaxxer.hikari.pool.HikariPool        : HikariPool-1 - Before cleanup stats (total=5/10, idle=5/5, active=0, waiting=0)
-2025-08-17 03:19:31.440 -DEBUG 30417 --- [l-1:housekeeper] com.zaxxer.hikari.pool.HikariPool        : HikariPool-1 - After  cleanup stats (total=5/10, idle=5/5, active=0, waiting=0)
-2025-08-17 03:19:31.440 -DEBUG 30417 --- [l-1:housekeeper] com.zaxxer.hikari.pool.HikariPool        : HikariPool-1 - Fill pool skipped, pool has sufficient level or currently being filled.
-2025-08-17 03:19:50.694 -DEBUG 30417 --- [l-1:housekeeper] com.zaxxer.hikari.pool.HikariPool        : HikariPool-1 - keepalive: connection com.mysql.cj.jdbc.ConnectionImpl@3f784815 is alive
-2025-08-17 03:20:01.445 -DEBUG 30417 --- [l-1:housekeeper] com.zaxxer.hikari.pool.HikariPool        : HikariPool-1 - Before cleanup stats (total=5/10, idle=5/5, active=0, waiting=0)
-2025-08-17 03:20:01.445 -DEBUG 30417 --- [l-1:housekeeper] com.zaxxer.hikari.pool.HikariPool        : HikariPool-1 - After  cleanup stats (total=5/10, idle=5/5, active=0, waiting=0)
-2025-08-17 03:20:01.445 -DEBUG 30417 --- [l-1:housekeeper] com.zaxxer.hikari.pool.HikariPool        : HikariPool-1 - Fill pool skipped, pool has sufficient level or currently being filled.
-2025-08-17 03:20:29.645 -DEBUG 30417 --- [l-1:housekeeper] com.zaxxer.hikari.pool.HikariPool        : HikariPool-1 - keepalive: connection com.mysql.cj.jdbc.ConnectionImpl@46f8469a is alive
-2025-08-17 03:20:31.455 -DEBUG 30417 --- [l-1:housekeeper] com.zaxxer.hikari.pool.HikariPool        : HikariPool-1 - Before cleanup stats (total=5/10, idle=5/5, active=0, waiting=0)
-2025-08-17 03:20:31.455 -DEBUG 30417 --- [l-1:housekeeper] com.zaxxer.hikari.pool.HikariPool        : HikariPool-1 - After  cleanup stats (total=5/10, idle=5/5, active=0, waiting=0)
-2025-08-17 03:20:31.455 -DEBUG 30417 --- [l-1:housekeeper] com.zaxxer.hikari.pool.HikariPool        : HikariPool-1 - Fill pool skipped, pool has sufficient level or currently being filled.
-2025-08-17 03:20:58.556 -DEBUG 30417 --- [l-1:housekeeper] com.zaxxer.hikari.pool.HikariPool        : HikariPool-1 - keepalive: connection com.mysql.cj.jdbc.ConnectionImpl@28a0d7c8 is alive
-2025-08-17 03:21:01.449 -DEBUG 30417 --- [l-1:housekeeper] com.zaxxer.hikari.pool.HikariPool        : HikariPool-1 - keepalive: connection com.mysql.cj.jdbc.ConnectionImpl@565d09aa is alive
-2025-08-17 03:21:01.459 -DEBUG 30417 --- [l-1:housekeeper] com.zaxxer.hikari.pool.HikariPool        : HikariPool-1 - Before cleanup stats (total=5/10, idle=5/5, active=0, waiting=0)
-2025-08-17 03:21:01.459 -DEBUG 30417 --- [l-1:housekeeper] com.zaxxer.hikari.pool.HikariPool        : HikariPool-1 - After  cleanup stats (total=5/10, idle=5/5, active=0, waiting=0)
-2025-08-17 03:21:01.459 -DEBUG 30417 --- [l-1:housekeeper] com.zaxxer.hikari.pool.HikariPool        : HikariPool-1 - Fill pool skipped, pool has sufficient level or currently being filled.
-2025-08-17 03:21:20.984 -DEBUG 30417 --- [l-1:housekeeper] com.zaxxer.hikari.pool.HikariPool        : HikariPool-1 - keepalive: connection com.mysql.cj.jdbc.ConnectionImpl@e68bfc5 is alive
-2025-08-17 03:21:31.463 -DEBUG 30417 --- [l-1:housekeeper] com.zaxxer.hikari.pool.HikariPool        : HikariPool-1 - Before cleanup stats (total=5/10, idle=5/5, active=0, waiting=0)
-2025-08-17 03:21:31.463 -DEBUG 30417 --- [l-1:housekeeper] com.zaxxer.hikari.pool.HikariPool        : HikariPool-1 - After  cleanup stats (total=5/10, idle=5/5, active=0, waiting=0)
-2025-08-17 03:21:31.463 -DEBUG 30417 --- [l-1:housekeeper] com.zaxxer.hikari.pool.HikariPool        : HikariPool-1 - Fill pool skipped, pool has sufficient level or currently being filled.
-2025-08-17 03:21:31.959 -DEBUG 30417 --- [l-1:housekeeper] com.zaxxer.hikari.pool.HikariPool        : HikariPool-1 - keepalive: connection com.mysql.cj.jdbc.ConnectionImpl@3f784815 is alive
-2025-08-17 03:22:01.464 -DEBUG 30417 --- [l-1:housekeeper] com.zaxxer.hikari.pool.HikariPool        : HikariPool-1 - Before cleanup stats (total=5/10, idle=5/5, active=0, waiting=0)
-2025-08-17 03:22:01.465 -DEBUG 30417 --- [l-1:housekeeper] com.zaxxer.hikari.pool.HikariPool        : HikariPool-1 - After  cleanup stats (total=5/10, idle=5/5, active=0, waiting=0)
-2025-08-17 03:22:01.466 -DEBUG 30417 --- [l-1:housekeeper] com.zaxxer.hikari.pool.HikariPool        : HikariPool-1 - Fill pool skipped, pool has sufficient level or currently being filled.
-2025-08-17 03:22:11.484 -DEBUG 30417 --- [l-1:housekeeper] com.zaxxer.hikari.pool.HikariPool        : HikariPool-1 - keepalive: connection com.mysql.cj.jdbc.ConnectionImpl@46f8469a is alive
-2025-08-17 03:22:31.469 -DEBUG 30417 --- [l-1:housekeeper] com.zaxxer.hikari.pool.HikariPool        : HikariPool-1 - Before cleanup stats (total=5/10, idle=5/5, active=0, waiting=0)
-2025-08-17 03:22:31.470 -DEBUG 30417 --- [l-1:housekeeper] com.zaxxer.hikari.pool.HikariPool        : HikariPool-1 - After  cleanup stats (total=5/10, idle=5/5, active=0, waiting=0)
-2025-08-17 03:22:31.470 -DEBUG 30417 --- [l-1:housekeeper] com.zaxxer.hikari.pool.HikariPool        : HikariPool-1 - Fill pool skipped, pool has sufficient level or currently being filled.
-2025-08-17 03:22:42.883 -DEBUG 30417 --- [l-1:housekeeper] com.zaxxer.hikari.pool.HikariPool        : HikariPool-1 - keepalive: connection com.mysql.cj.jdbc.ConnectionImpl@28a0d7c8 is alive
-2025-08-17 03:22:55.816 -DEBUG 30417 --- [l-1:housekeeper] com.zaxxer.hikari.pool.HikariPool        : HikariPool-1 - keepalive: connection com.mysql.cj.jdbc.ConnectionImpl@565d09aa is alive
-2025-08-17 03:23:01.480 -DEBUG 30417 --- [l-1:housekeeper] com.zaxxer.hikari.pool.HikariPool        : HikariPool-1 - Before cleanup stats (total=5/10, idle=5/5, active=0, waiting=0)
-2025-08-17 03:23:01.489 -DEBUG 30417 --- [l-1:housekeeper] com.zaxxer.hikari.pool.HikariPool        : HikariPool-1 - After  cleanup stats (total=5/10, idle=5/5, active=0, waiting=0)
-2025-08-17 03:23:01.490 -DEBUG 30417 --- [l-1:housekeeper] com.zaxxer.hikari.pool.HikariPool        : HikariPool-1 - Fill pool skipped, pool has sufficient level or currently being filled.
-2025-08-17 03:23:10.790 -DEBUG 30417 --- [l-1:housekeeper] com.zaxxer.hikari.pool.HikariPool        : HikariPool-1 - keepalive: connection com.mysql.cj.jdbc.ConnectionImpl@e68bfc5 is alive
-2025-08-17 03:23:13.234 -DEBUG 30417 --- [l-1:housekeeper] com.zaxxer.hikari.pool.HikariPool        : HikariPool-1 - keepalive: connection com.mysql.cj.jdbc.ConnectionImpl@3f784815 is alive
-2025-08-17 03:23:31.500 -DEBUG 30417 --- [l-1:housekeeper] com.zaxxer.hikari.pool.HikariPool        : HikariPool-1 - Before cleanup stats (total=5/10, idle=5/5, active=0, waiting=0)
-2025-08-17 03:23:31.500 -DEBUG 30417 --- [l-1:housekeeper] com.zaxxer.hikari.pool.HikariPool        : HikariPool-1 - After  cleanup stats (total=5/10, idle=5/5, active=0, waiting=0)
-2025-08-17 03:23:31.500 -DEBUG 30417 --- [l-1:housekeeper] com.zaxxer.hikari.pool.HikariPool        : HikariPool-1 - Fill pool skipped, pool has sufficient level or currently being filled.
-2025-08-17 03:23:53.326 -DEBUG 30417 --- [l-1:housekeeper] com.zaxxer.hikari.pool.HikariPool        : HikariPool-1 - keepalive: connection com.mysql.cj.jdbc.ConnectionImpl@46f8469a is alive
-2025-08-17 03:24:01.510 -DEBUG 30417 --- [l-1:housekeeper] com.zaxxer.hikari.pool.HikariPool        : HikariPool-1 - Before cleanup stats (total=5/10, idle=5/5, active=0, waiting=0)
-2025-08-17 03:24:01.511 -DEBUG 30417 --- [l-1:housekeeper] com.zaxxer.hikari.pool.HikariPool        : HikariPool-1 - After  cleanup stats (total=5/10, idle=5/5, active=0, waiting=0)
-2025-08-17 03:24:01.511 -DEBUG 30417 --- [l-1:housekeeper] com.zaxxer.hikari.pool.HikariPool        : HikariPool-1 - Fill pool skipped, pool has sufficient level or currently being filled.
-2025-08-17 03:24:27.212 -DEBUG 30417 --- [l-1:housekeeper] com.zaxxer.hikari.pool.HikariPool        : HikariPool-1 - keepalive: connection com.mysql.cj.jdbc.ConnectionImpl@28a0d7c8 is alive
-2025-08-17 03:24:31.519 -DEBUG 30417 --- [l-1:housekeeper] com.zaxxer.hikari.pool.HikariPool        : HikariPool-1 - Before cleanup stats (total=5/10, idle=5/5, active=0, waiting=0)
-2025-08-17 03:24:31.519 -DEBUG 30417 --- [l-1:housekeeper] com.zaxxer.hikari.pool.HikariPool        : HikariPool-1 - After  cleanup stats (total=5/10, idle=5/5, active=0, waiting=0)
-2025-08-17 03:24:31.519 -DEBUG 30417 --- [l-1:housekeeper] com.zaxxer.hikari.pool.HikariPool        : HikariPool-1 - Fill pool skipped, pool has sufficient level or currently being filled.
-2025-08-17 03:24:50.178 -DEBUG 30417 --- [l-1:housekeeper] com.zaxxer.hikari.pool.HikariPool        : HikariPool-1 - keepalive: connection com.mysql.cj.jdbc.ConnectionImpl@565d09aa is alive
-2025-08-17 03:24:54.504 -DEBUG 30417 --- [l-1:housekeeper] com.zaxxer.hikari.pool.HikariPool        : HikariPool-1 - keepalive: connection com.mysql.cj.jdbc.ConnectionImpl@3f784815 is alive
-2025-08-17 03:25:00.591 -DEBUG 30417 --- [l-1:housekeeper] com.zaxxer.hikari.pool.HikariPool        : HikariPool-1 - keepalive: connection com.mysql.cj.jdbc.ConnectionImpl@e68bfc5 is alive
-2025-08-17 03:25:01.529 -DEBUG 30417 --- [l-1:housekeeper] com.zaxxer.hikari.pool.HikariPool        : HikariPool-1 - Before cleanup stats (total=5/10, idle=5/5, active=0, waiting=0)
-2025-08-17 03:25:01.530 -DEBUG 30417 --- [l-1:housekeeper] com.zaxxer.hikari.pool.HikariPool        : HikariPool-1 - After  cleanup stats (total=5/10, idle=5/5, active=0, waiting=0)
-2025-08-17 03:25:01.530 -DEBUG 30417 --- [l-1:housekeeper] com.zaxxer.hikari.pool.HikariPool        : HikariPool-1 - Fill pool skipped, pool has sufficient level or currently being filled.
-2025-08-17 03:25:31.533 -DEBUG 30417 --- [l-1:housekeeper] com.zaxxer.hikari.pool.HikariPool        : HikariPool-1 - Before cleanup stats (total=5/10, idle=5/5, active=0, waiting=0)
-2025-08-17 03:25:31.533 -DEBUG 30417 --- [l-1:housekeeper] com.zaxxer.hikari.pool.HikariPool        : HikariPool-1 - After  cleanup stats (total=5/10, idle=5/5, active=0, waiting=0)
-2025-08-17 03:25:31.533 -DEBUG 30417 --- [l-1:housekeeper] com.zaxxer.hikari.pool.HikariPool        : HikariPool-1 - Fill pool skipped, pool has sufficient level or currently being filled.
-2025-08-17 03:25:35.166 -DEBUG 30417 --- [l-1:housekeeper] com.zaxxer.hikari.pool.HikariPool        : HikariPool-1 - keepalive: connection com.mysql.cj.jdbc.ConnectionImpl@46f8469a is alive
-2025-08-17 03:26:01.536 -DEBUG 30417 --- [l-1:housekeeper] com.zaxxer.hikari.pool.HikariPool        : HikariPool-1 - Before cleanup stats (total=5/10, idle=5/5, active=0, waiting=0)
-2025-08-17 03:26:01.537 -DEBUG 30417 --- [l-1:housekeeper] com.zaxxer.hikari.pool.HikariPool        : HikariPool-1 - After  cleanup stats (total=5/10, idle=5/5, active=0, waiting=0)
-2025-08-17 03:26:01.537 -DEBUG 30417 --- [l-1:housekeeper] com.zaxxer.hikari.pool.HikariPool        : HikariPool-1 - Fill pool skipped, pool has sufficient level or currently being filled.
-2025-08-17 03:26:11.532 -DEBUG 30417 --- [l-1:housekeeper] com.zaxxer.hikari.pool.HikariPool        : HikariPool-1 - keepalive: connection com.mysql.cj.jdbc.ConnectionImpl@28a0d7c8 is alive
-2025-08-17 03:26:31.542 -DEBUG 30417 --- [l-1:housekeeper] com.zaxxer.hikari.pool.HikariPool        : HikariPool-1 - Before cleanup stats (total=5/10, idle=5/5, active=0, waiting=0)
-2025-08-17 03:26:31.542 -DEBUG 30417 --- [l-1:housekeeper] com.zaxxer.hikari.pool.HikariPool        : HikariPool-1 - After  cleanup stats (total=5/10, idle=5/5, active=0, waiting=0)
-2025-08-17 03:26:31.542 -DEBUG 30417 --- [l-1:housekeeper] com.zaxxer.hikari.pool.HikariPool        : HikariPool-1 - Fill pool skipped, pool has sufficient level or currently being filled.
-2025-08-17 03:26:35.771 -DEBUG 30417 --- [l-1:housekeeper] com.zaxxer.hikari.pool.HikariPool        : HikariPool-1 - keepalive: connection com.mysql.cj.jdbc.ConnectionImpl@3f784815 is alive
-2025-08-17 03:26:44.535 -DEBUG 30417 --- [l-1:housekeeper] com.zaxxer.hikari.pool.HikariPool        : HikariPool-1 - keepalive: connection com.mysql.cj.jdbc.ConnectionImpl@565d09aa is alive
-2025-08-17 03:26:50.390 -DEBUG 30417 --- [l-1:housekeeper] com.zaxxer.hikari.pool.HikariPool        : HikariPool-1 - keepalive: connection com.mysql.cj.jdbc.ConnectionImpl@e68bfc5 is alive
-2025-08-17 03:27:01.551 -DEBUG 30417 --- [l-1:housekeeper] com.zaxxer.hikari.pool.HikariPool        : HikariPool-1 - Before cleanup stats (total=5/10, idle=5/5, active=0, waiting=0)
-2025-08-17 03:27:01.551 -DEBUG 30417 --- [l-1:housekeeper] com.zaxxer.hikari.pool.HikariPool        : HikariPool-1 - After  cleanup stats (total=5/10, idle=5/5, active=0, waiting=0)
-2025-08-17 03:27:01.551 -DEBUG 30417 --- [l-1:housekeeper] com.zaxxer.hikari.pool.HikariPool        : HikariPool-1 - Fill pool skipped, pool has sufficient level or currently being filled.
-2025-08-17 03:27:10.582 -DEBUG 30417 --- [nnection-closer] com.zaxxer.hikari.pool.PoolBase          : HikariPool-1 - Closing connection com.mysql.cj.jdbc.ConnectionImpl@e68bfc5: (connection has passed maxLifetime)
-2025-08-17 03:27:10.583 -DEBUG 30417 --- [onnection-adder] com.zaxxer.hikari.pool.PoolBase          : HikariPool-1 - Attempting to create/setup new connection (d347a77f-bac4-4ec6-9d4f-09776b70136e)
-2025-08-17 03:27:10.683 -DEBUG 30417 --- [onnection-adder] com.zaxxer.hikari.pool.PoolBase          : HikariPool-1 - Established new connection (d347a77f-bac4-4ec6-9d4f-09776b70136e)
-2025-08-17 03:27:10.683 -DEBUG 30417 --- [onnection-adder] com.zaxxer.hikari.pool.HikariPool        : HikariPool-1 - Added connection com.mysql.cj.jdbc.ConnectionImpl@18e2d7ef
-2025-08-17 03:27:17.001 -DEBUG 30417 --- [l-1:housekeeper] com.zaxxer.hikari.pool.HikariPool        : HikariPool-1 - keepalive: connection com.mysql.cj.jdbc.ConnectionImpl@46f8469a is alive
-2025-08-17 03:27:31.559 -DEBUG 30417 --- [l-1:housekeeper] com.zaxxer.hikari.pool.HikariPool        : HikariPool-1 - Before cleanup stats (total=5/10, idle=5/5, active=0, waiting=0)
-2025-08-17 03:27:31.560 -DEBUG 30417 --- [l-1:housekeeper] com.zaxxer.hikari.pool.HikariPool        : HikariPool-1 - After  cleanup stats (total=5/10, idle=5/5, active=0, waiting=0)
-2025-08-17 03:27:31.560 -DEBUG 30417 --- [l-1:housekeeper] com.zaxxer.hikari.pool.HikariPool        : HikariPool-1 - Fill pool skipped, pool has sufficient level or currently being filled.
-2025-08-17 03:27:55.863 -DEBUG 30417 --- [l-1:housekeeper] com.zaxxer.hikari.pool.HikariPool        : HikariPool-1 - keepalive: connection com.mysql.cj.jdbc.ConnectionImpl@28a0d7c8 is alive
-2025-08-17 03:28:01.562 -DEBUG 30417 --- [l-1:housekeeper] com.zaxxer.hikari.pool.HikariPool        : HikariPool-1 - Before cleanup stats (total=5/10, idle=5/5, active=0, waiting=0)
-2025-08-17 03:28:01.563 -DEBUG 30417 --- [l-1:housekeeper] com.zaxxer.hikari.pool.HikariPool        : HikariPool-1 - After  cleanup stats (total=5/10, idle=5/5, active=0, waiting=0)
-2025-08-17 03:28:01.563 -DEBUG 30417 --- [l-1:housekeeper] com.zaxxer.hikari.pool.HikariPool        : HikariPool-1 - Fill pool skipped, pool has sufficient level or currently being filled.
-2025-08-17 03:28:17.043 -DEBUG 30417 --- [l-1:housekeeper] com.zaxxer.hikari.pool.HikariPool        : HikariPool-1 - keepalive: connection com.mysql.cj.jdbc.ConnectionImpl@3f784815 is alive
-2025-08-17 03:28:31.569 -DEBUG 30417 --- [l-1:housekeeper] com.zaxxer.hikari.pool.HikariPool        : HikariPool-1 - Before cleanup stats (total=5/10, idle=5/5, active=0, waiting=0)
-2025-08-17 03:28:31.569 -DEBUG 30417 --- [l-1:housekeeper] com.zaxxer.hikari.pool.HikariPool        : HikariPool-1 - After  cleanup stats (total=5/10, idle=5/5, active=0, waiting=0)
-2025-08-17 03:28:31.569 -DEBUG 30417 --- [l-1:housekeeper] com.zaxxer.hikari.pool.HikariPool        : HikariPool-1 - Fill pool skipped, pool has sufficient level or currently being filled.
-2025-08-17 03:28:38.896 -DEBUG 30417 --- [l-1:housekeeper] com.zaxxer.hikari.pool.HikariPool        : HikariPool-1 - keepalive: connection com.mysql.cj.jdbc.ConnectionImpl@565d09aa is alive
-2025-08-17 03:28:49.753 -DEBUG 30417 --- [l-1:housekeeper] com.zaxxer.hikari.pool.HikariPool        : HikariPool-1 - keepalive: connection com.mysql.cj.jdbc.ConnectionImpl@18e2d7ef is alive
-2025-08-17 03:28:58.840 -DEBUG 30417 --- [l-1:housekeeper] com.zaxxer.hikari.pool.HikariPool        : HikariPool-1 - keepalive: connection com.mysql.cj.jdbc.ConnectionImpl@46f8469a is alive
-2025-08-17 03:29:01.571 -DEBUG 30417 --- [l-1:housekeeper] com.zaxxer.hikari.pool.HikariPool        : HikariPool-1 - Before cleanup stats (total=5/10, idle=5/5, active=0, waiting=0)
-2025-08-17 03:29:01.572 -DEBUG 30417 --- [l-1:housekeeper] com.zaxxer.hikari.pool.HikariPool        : HikariPool-1 - After  cleanup stats (total=5/10, idle=5/5, active=0, waiting=0)
-2025-08-17 03:29:01.572 -DEBUG 30417 --- [l-1:housekeeper] com.zaxxer.hikari.pool.HikariPool        : HikariPool-1 - Fill pool skipped, pool has sufficient level or currently being filled.
-2025-08-17 03:29:18.170 -DEBUG 30417 --- [nnection-closer] com.zaxxer.hikari.pool.PoolBase          : HikariPool-1 - Closing connection com.mysql.cj.jdbc.ConnectionImpl@3f784815: (connection has passed maxLifetime)
-2025-08-17 03:29:18.171 -DEBUG 30417 --- [onnection-adder] com.zaxxer.hikari.pool.PoolBase          : HikariPool-1 - Attempting to create/setup new connection (2590560d-f61c-4b88-beb9-2507aac7135a)
-2025-08-17 03:29:18.266 -DEBUG 30417 --- [onnection-adder] com.zaxxer.hikari.pool.PoolBase          : HikariPool-1 - Established new connection (2590560d-f61c-4b88-beb9-2507aac7135a)
-2025-08-17 03:29:18.267 -DEBUG 30417 --- [onnection-adder] com.zaxxer.hikari.pool.HikariPool        : HikariPool-1 - Added connection com.mysql.cj.jdbc.ConnectionImpl@6dcf961a
-2025-08-17 03:29:31.580 -DEBUG 30417 --- [l-1:housekeeper] com.zaxxer.hikari.pool.HikariPool        : HikariPool-1 - Before cleanup stats (total=5/10, idle=5/5, active=0, waiting=0)
-2025-08-17 03:29:31.580 -DEBUG 30417 --- [l-1:housekeeper] com.zaxxer.hikari.pool.HikariPool        : HikariPool-1 - After  cleanup stats (total=5/10, idle=5/5, active=0, waiting=0)
-2025-08-17 03:29:31.580 -DEBUG 30417 --- [l-1:housekeeper] com.zaxxer.hikari.pool.HikariPool        : HikariPool-1 - Fill pool skipped, pool has sufficient level or currently being filled.
-2025-08-17 03:29:40.186 -DEBUG 30417 --- [l-1:housekeeper] com.zaxxer.hikari.pool.HikariPool        : HikariPool-1 - keepalive: connection com.mysql.cj.jdbc.ConnectionImpl@28a0d7c8 is alive
-2025-08-17 03:29:46.631 -DEBUG 30417 --- [nnection-closer] com.zaxxer.hikari.pool.PoolBase          : HikariPool-1 - Closing connection com.mysql.cj.jdbc.ConnectionImpl@46f8469a: (connection has passed maxLifetime)
-2025-08-17 03:29:46.633 -DEBUG 30417 --- [onnection-adder] com.zaxxer.hikari.pool.PoolBase          : HikariPool-1 - Attempting to create/setup new connection (20158bc6-c1a8-4214-b2d4-3a8b40f6a91f)
-2025-08-17 03:29:46.699 -DEBUG 30417 --- [onnection-adder] com.zaxxer.hikari.pool.PoolBase          : HikariPool-1 - Established new connection (20158bc6-c1a8-4214-b2d4-3a8b40f6a91f)
-2025-08-17 03:29:46.699 -DEBUG 30417 --- [onnection-adder] com.zaxxer.hikari.pool.HikariPool        : HikariPool-1 - Added connection com.mysql.cj.jdbc.ConnectionImpl@13c732e6
-2025-08-17 03:30:01.583 -DEBUG 30417 --- [l-1:housekeeper] com.zaxxer.hikari.pool.HikariPool        : HikariPool-1 - Before cleanup stats (total=5/10, idle=5/5, active=0, waiting=0)
-2025-08-17 03:30:01.583 -DEBUG 30417 --- [l-1:housekeeper] com.zaxxer.hikari.pool.HikariPool        : HikariPool-1 - After  cleanup stats (total=5/10, idle=5/5, active=0, waiting=0)
-2025-08-17 03:30:01.583 -DEBUG 30417 --- [l-1:housekeeper] com.zaxxer.hikari.pool.HikariPool        : HikariPool-1 - Fill pool skipped, pool has sufficient level or currently being filled.
-2025-08-17 03:30:28.829 -DEBUG 30417 --- [l-1:housekeeper] com.zaxxer.hikari.pool.HikariPool        : HikariPool-1 - keepalive: connection com.mysql.cj.jdbc.ConnectionImpl@18e2d7ef is alive
-2025-08-17 03:30:31.593 -DEBUG 30417 --- [l-1:housekeeper] com.zaxxer.hikari.pool.HikariPool        : HikariPool-1 - Before cleanup stats (total=5/10, idle=5/5, active=0, waiting=0)
-2025-08-17 03:30:31.593 -DEBUG 30417 --- [l-1:housekeeper] com.zaxxer.hikari.pool.HikariPool        : HikariPool-1 - After  cleanup stats (total=5/10, idle=5/5, active=0, waiting=0)
-2025-08-17 03:30:31.594 -DEBUG 30417 --- [l-1:housekeeper] com.zaxxer.hikari.pool.HikariPool        : HikariPool-1 - Fill pool skipped, pool has sufficient level or currently being filled.
-2025-08-17 03:30:33.258 -DEBUG 30417 --- [l-1:housekeeper] com.zaxxer.hikari.pool.HikariPool        : HikariPool-1 - keepalive: connection com.mysql.cj.jdbc.ConnectionImpl@565d09aa is alive
-2025-08-17 03:30:38.550 -DEBUG 30417 --- [nnection-closer] com.zaxxer.hikari.pool.PoolBase          : HikariPool-1 - Closing connection com.mysql.cj.jdbc.ConnectionImpl@28a0d7c8: (connection has passed maxLifetime)
-2025-08-17 03:30:38.551 -DEBUG 30417 --- [onnection-adder] com.zaxxer.hikari.pool.PoolBase          : HikariPool-1 - Attempting to create/setup new connection (f3be6d32-b1d3-4fff-ab23-0837e47e7d19)
-2025-08-17 03:30:38.653 -DEBUG 30417 --- [onnection-adder] com.zaxxer.hikari.pool.PoolBase          : HikariPool-1 - Established new connection (f3be6d32-b1d3-4fff-ab23-0837e47e7d19)
-2025-08-17 03:30:38.653 -DEBUG 30417 --- [onnection-adder] com.zaxxer.hikari.pool.HikariPool        : HikariPool-1 - Added connection com.mysql.cj.jdbc.ConnectionImpl@1fbb4ad
-2025-08-17 03:30:56.264 -DEBUG 30417 --- [l-1:housekeeper] com.zaxxer.hikari.pool.HikariPool        : HikariPool-1 - keepalive: connection com.mysql.cj.jdbc.ConnectionImpl@6dcf961a is alive
-2025-08-17 03:31:01.597 -DEBUG 30417 --- [l-1:housekeeper] com.zaxxer.hikari.pool.HikariPool        : HikariPool-1 - Before cleanup stats (total=5/10, idle=5/5, active=0, waiting=0)
-2025-08-17 03:31:01.597 -DEBUG 30417 --- [l-1:housekeeper] com.zaxxer.hikari.pool.HikariPool        : HikariPool-1 - After  cleanup stats (total=5/10, idle=5/5, active=0, waiting=0)
-2025-08-17 03:31:01.598 -DEBUG 30417 --- [l-1:housekeeper] com.zaxxer.hikari.pool.HikariPool        : HikariPool-1 - Fill pool skipped, pool has sufficient level or currently being filled.
-2025-08-17 03:31:31.604 -DEBUG 30417 --- [l-1:housekeeper] com.zaxxer.hikari.pool.HikariPool        : HikariPool-1 - Before cleanup stats (total=5/10, idle=5/5, active=0, waiting=0)
-2025-08-17 03:31:31.605 -DEBUG 30417 --- [l-1:housekeeper] com.zaxxer.hikari.pool.HikariPool        : HikariPool-1 - After  cleanup stats (total=5/10, idle=5/5, active=0, waiting=0)
-2025-08-17 03:31:31.605 -DEBUG 30417 --- [l-1:housekeeper] com.zaxxer.hikari.pool.HikariPool        : HikariPool-1 - Fill pool skipped, pool has sufficient level or currently being filled.
-2025-08-17 03:31:36.484 -DEBUG 30417 --- [nnection-closer] com.zaxxer.hikari.pool.PoolBase          : HikariPool-1 - Closing connection com.mysql.cj.jdbc.ConnectionImpl@565d09aa: (connection has passed maxLifetime)
-2025-08-17 03:31:36.486 -DEBUG 30417 --- [onnection-adder] com.zaxxer.hikari.pool.PoolBase          : HikariPool-1 - Attempting to create/setup new connection (e59dd6bb-9d85-44ac-b6c0-8d3e91917b4f)
-2025-08-17 03:31:36.580 -DEBUG 30417 --- [onnection-adder] com.zaxxer.hikari.pool.PoolBase          : HikariPool-1 - Established new connection (e59dd6bb-9d85-44ac-b6c0-8d3e91917b4f)
-2025-08-17 03:31:36.581 -DEBUG 30417 --- [onnection-adder] com.zaxxer.hikari.pool.HikariPool        : HikariPool-1 - Added connection com.mysql.cj.jdbc.ConnectionImpl@20156247
-2025-08-17 03:31:39.629 -DEBUG 30417 --- [l-1:housekeeper] com.zaxxer.hikari.pool.HikariPool        : HikariPool-1 - keepalive: connection com.mysql.cj.jdbc.ConnectionImpl@13c732e6 is alive
-2025-08-17 03:32:01.608 -DEBUG 30417 --- [l-1:housekeeper] com.zaxxer.hikari.pool.HikariPool        : HikariPool-1 - Before cleanup stats (total=5/10, idle=5/5, active=0, waiting=0)
-2025-08-17 03:32:01.608 -DEBUG 30417 --- [l-1:housekeeper] com.zaxxer.hikari.pool.HikariPool        : HikariPool-1 - After  cleanup stats (total=5/10, idle=5/5, active=0, waiting=0)
-2025-08-17 03:32:01.608 -DEBUG 30417 --- [l-1:housekeeper] com.zaxxer.hikari.pool.HikariPool        : HikariPool-1 - Fill pool skipped, pool has sufficient level or currently being filled.
-2025-08-17 03:32:07.899 -DEBUG 30417 --- [l-1:housekeeper] com.zaxxer.hikari.pool.HikariPool        : HikariPool-1 - keepalive: connection com.mysql.cj.jdbc.ConnectionImpl@18e2d7ef is alive
-2025-08-17 03:32:22.252 -DEBUG 30417 --- [l-1:housekeeper] com.zaxxer.hikari.pool.HikariPool        : HikariPool-1 - keepalive: connection com.mysql.cj.jdbc.ConnectionImpl@1fbb4ad is alive
-2025-08-17 03:32:31.617 -DEBUG 30417 --- [l-1:housekeeper] com.zaxxer.hikari.pool.HikariPool        : HikariPool-1 - Before cleanup stats (total=5/10, idle=5/5, active=0, waiting=0)
-2025-08-17 03:32:31.617 -DEBUG 30417 --- [l-1:housekeeper] com.zaxxer.hikari.pool.HikariPool        : HikariPool-1 - After  cleanup stats (total=5/10, idle=5/5, active=0, waiting=0)
-2025-08-17 03:32:31.617 -DEBUG 30417 --- [l-1:housekeeper] com.zaxxer.hikari.pool.HikariPool        : HikariPool-1 - Fill pool skipped, pool has sufficient level or currently being filled.
-2025-08-17 03:32:34.260 -DEBUG 30417 --- [l-1:housekeeper] com.zaxxer.hikari.pool.HikariPool        : HikariPool-1 - keepalive: connection com.mysql.cj.jdbc.ConnectionImpl@6dcf961a is alive
-2025-08-17 03:33:01.622 -DEBUG 30417 --- [l-1:housekeeper] com.zaxxer.hikari.pool.HikariPool        : HikariPool-1 - Before cleanup stats (total=5/10, idle=5/5, active=0, waiting=0)
-2025-08-17 03:33:01.623 -DEBUG 30417 --- [l-1:housekeeper] com.zaxxer.hikari.pool.HikariPool        : HikariPool-1 - After  cleanup stats (total=5/10, idle=5/5, active=0, waiting=0)
-2025-08-17 03:33:01.623 -DEBUG 30417 --- [l-1:housekeeper] com.zaxxer.hikari.pool.HikariPool        : HikariPool-1 - Fill pool skipped, pool has sufficient level or currently being filled.
-2025-08-17 03:33:28.516 -DEBUG 30417 --- [l-1:housekeeper] com.zaxxer.hikari.pool.HikariPool        : HikariPool-1 - keepalive: connection com.mysql.cj.jdbc.ConnectionImpl@20156247 is alive
-2025-08-17 03:33:31.629 -DEBUG 30417 --- [l-1:housekeeper] com.zaxxer.hikari.pool.HikariPool        : HikariPool-1 - Before cleanup stats (total=5/10, idle=5/5, active=0, waiting=0)
-2025-08-17 03:33:31.629 -DEBUG 30417 --- [l-1:housekeeper] com.zaxxer.hikari.pool.HikariPool        : HikariPool-1 - After  cleanup stats (total=5/10, idle=5/5, active=0, waiting=0)
-2025-08-17 03:33:31.630 -DEBUG 30417 --- [l-1:housekeeper] com.zaxxer.hikari.pool.HikariPool        : HikariPool-1 - Fill pool skipped, pool has sufficient level or currently being filled.
-2025-08-17 03:33:32.559 -DEBUG 30417 --- [l-1:housekeeper] com.zaxxer.hikari.pool.HikariPool        : HikariPool-1 - keepalive: connection com.mysql.cj.jdbc.ConnectionImpl@13c732e6 is alive
-2025-08-17 03:33:46.963 -DEBUG 30417 --- [l-1:housekeeper] com.zaxxer.hikari.pool.HikariPool        : HikariPool-1 - keepalive: connection com.mysql.cj.jdbc.ConnectionImpl@18e2d7ef is alive
-2025-08-17 03:34:01.640 -DEBUG 30417 --- [l-1:housekeeper] com.zaxxer.hikari.pool.HikariPool        : HikariPool-1 - Before cleanup stats (total=5/10, idle=5/5, active=0, waiting=0)
-2025-08-17 03:34:01.641 -DEBUG 30417 --- [l-1:housekeeper] com.zaxxer.hikari.pool.HikariPool        : HikariPool-1 - After  cleanup stats (total=5/10, idle=5/5, active=0, waiting=0)
-2025-08-17 03:34:01.641 -DEBUG 30417 --- [l-1:housekeeper] com.zaxxer.hikari.pool.HikariPool        : HikariPool-1 - Fill pool skipped, pool has sufficient level or currently being filled.
-2025-08-17 03:34:05.859 -DEBUG 30417 --- [l-1:housekeeper] com.zaxxer.hikari.pool.HikariPool        : HikariPool-1 - keepalive: connection com.mysql.cj.jdbc.ConnectionImpl@1fbb4ad is alive
-2025-08-17 03:34:12.254 -DEBUG 30417 --- [l-1:housekeeper] com.zaxxer.hikari.pool.HikariPool        : HikariPool-1 - keepalive: connection com.mysql.cj.jdbc.ConnectionImpl@6dcf961a is alive
-2025-08-17 03:34:31.650 -DEBUG 30417 --- [l-1:housekeeper] com.zaxxer.hikari.pool.HikariPool        : HikariPool-1 - Before cleanup stats (total=5/10, idle=5/5, active=0, waiting=0)
-2025-08-17 03:34:31.650 -DEBUG 30417 --- [l-1:housekeeper] com.zaxxer.hikari.pool.HikariPool        : HikariPool-1 - After  cleanup stats (total=5/10, idle=5/5, active=0, waiting=0)
-2025-08-17 03:34:31.650 -DEBUG 30417 --- [l-1:housekeeper] com.zaxxer.hikari.pool.HikariPool        : HikariPool-1 - Fill pool skipped, pool has sufficient level or currently being filled.
-2025-08-17 03:35:01.651 -DEBUG 30417 --- [l-1:housekeeper] com.zaxxer.hikari.pool.HikariPool        : HikariPool-1 - Before cleanup stats (total=5/10, idle=5/5, active=0, waiting=0)
-2025-08-17 03:35:01.651 -DEBUG 30417 --- [l-1:housekeeper] com.zaxxer.hikari.pool.HikariPool        : HikariPool-1 - After  cleanup stats (total=5/10, idle=5/5, active=0, waiting=0)
-2025-08-17 03:35:01.651 -DEBUG 30417 --- [l-1:housekeeper] com.zaxxer.hikari.pool.HikariPool        : HikariPool-1 - Fill pool skipped, pool has sufficient level or currently being filled.
-2025-08-17 03:35:20.456 -DEBUG 30417 --- [l-1:housekeeper] com.zaxxer.hikari.pool.HikariPool        : HikariPool-1 - keepalive: connection com.mysql.cj.jdbc.ConnectionImpl@20156247 is alive
-2025-08-17 03:35:25.491 -DEBUG 30417 --- [l-1:housekeeper] com.zaxxer.hikari.pool.HikariPool        : HikariPool-1 - keepalive: connection com.mysql.cj.jdbc.ConnectionImpl@13c732e6 is alive
-2025-08-17 03:35:26.031 -DEBUG 30417 --- [l-1:housekeeper] com.zaxxer.hikari.pool.HikariPool        : HikariPool-1 - keepalive: connection com.mysql.cj.jdbc.ConnectionImpl@18e2d7ef is alive
-2025-08-17 03:35:31.661 -DEBUG 30417 --- [l-1:housekeeper] com.zaxxer.hikari.pool.HikariPool        : HikariPool-1 - Before cleanup stats (total=5/10, idle=5/5, active=0, waiting=0)
-2025-08-17 03:35:31.662 -DEBUG 30417 --- [l-1:housekeeper] com.zaxxer.hikari.pool.HikariPool        : HikariPool-1 - After  cleanup stats (total=5/10, idle=5/5, active=0, waiting=0)
-2025-08-17 03:35:31.662 -DEBUG 30417 --- [l-1:housekeeper] com.zaxxer.hikari.pool.HikariPool        : HikariPool-1 - Fill pool skipped, pool has sufficient level or currently being filled.
-2025-08-17 03:35:49.460 -DEBUG 30417 --- [l-1:housekeeper] com.zaxxer.hikari.pool.HikariPool        : HikariPool-1 - keepalive: connection com.mysql.cj.jdbc.ConnectionImpl@1fbb4ad is alive
-2025-08-17 03:35:50.245 -DEBUG 30417 --- [l-1:housekeeper] com.zaxxer.hikari.pool.HikariPool        : HikariPool-1 - keepalive: connection com.mysql.cj.jdbc.ConnectionImpl@6dcf961a is alive
-2025-08-17 03:36:01.664 -DEBUG 30417 --- [l-1:housekeeper] com.zaxxer.hikari.pool.HikariPool        : HikariPool-1 - Before cleanup stats (total=5/10, idle=5/5, active=0, waiting=0)
-2025-08-17 03:36:01.665 -DEBUG 30417 --- [l-1:housekeeper] com.zaxxer.hikari.pool.HikariPool        : HikariPool-1 - After  cleanup stats (total=5/10, idle=5/5, active=0, waiting=0)
-2025-08-17 03:36:01.665 -DEBUG 30417 --- [l-1:housekeeper] com.zaxxer.hikari.pool.HikariPool        : HikariPool-1 - Fill pool skipped, pool has sufficient level or currently being filled.
-2025-08-17 03:36:31.667 -DEBUG 30417 --- [l-1:housekeeper] com.zaxxer.hikari.pool.HikariPool        : HikariPool-1 - Before cleanup stats (total=5/10, idle=5/5, active=0, waiting=0)
-2025-08-17 03:36:31.667 -DEBUG 30417 --- [l-1:housekeeper] com.zaxxer.hikari.pool.HikariPool        : HikariPool-1 - After  cleanup stats (total=5/10, idle=5/5, active=0, waiting=0)
-2025-08-17 03:36:31.667 -DEBUG 30417 --- [l-1:housekeeper] com.zaxxer.hikari.pool.HikariPool        : HikariPool-1 - Fill pool skipped, pool has sufficient level or currently being filled.
-2025-08-17 03:37:01.677 -DEBUG 30417 --- [l-1:housekeeper] com.zaxxer.hikari.pool.HikariPool        : HikariPool-1 - Before cleanup stats (total=5/10, idle=5/5, active=0, waiting=0)
-2025-08-17 03:37:01.678 -DEBUG 30417 --- [l-1:housekeeper] com.zaxxer.hikari.pool.HikariPool        : HikariPool-1 - After  cleanup stats (total=5/10, idle=5/5, active=0, waiting=0)
-2025-08-17 03:37:01.678 -DEBUG 30417 --- [l-1:housekeeper] com.zaxxer.hikari.pool.HikariPool        : HikariPool-1 - Fill pool skipped, pool has sufficient level or currently being filled.
-2025-08-17 03:37:05.101 -DEBUG 30417 --- [l-1:housekeeper] com.zaxxer.hikari.pool.HikariPool        : HikariPool-1 - keepalive: connection com.mysql.cj.jdbc.ConnectionImpl@18e2d7ef is alive
-2025-08-17 03:37:12.396 -DEBUG 30417 --- [l-1:housekeeper] com.zaxxer.hikari.pool.HikariPool        : HikariPool-1 - keepalive: connection com.mysql.cj.jdbc.ConnectionImpl@20156247 is alive
-2025-08-17 03:37:18.420 -DEBUG 30417 --- [l-1:housekeeper] com.zaxxer.hikari.pool.HikariPool        : HikariPool-1 - keepalive: connection com.mysql.cj.jdbc.ConnectionImpl@13c732e6 is alive
-2025-08-17 03:37:28.247 -DEBUG 30417 --- [l-1:housekeeper] com.zaxxer.hikari.pool.HikariPool        : HikariPool-1 - keepalive: connection com.mysql.cj.jdbc.ConnectionImpl@6dcf961a is alive
-2025-08-17 03:37:31.684 -DEBUG 30417 --- [l-1:housekeeper] com.zaxxer.hikari.pool.HikariPool        : HikariPool-1 - Before cleanup stats (total=5/10, idle=5/5, active=0, waiting=0)
-2025-08-17 03:37:31.685 -DEBUG 30417 --- [l-1:housekeeper] com.zaxxer.hikari.pool.HikariPool        : HikariPool-1 - After  cleanup stats (total=5/10, idle=5/5, active=0, waiting=0)
-2025-08-17 03:37:31.685 -DEBUG 30417 --- [l-1:housekeeper] com.zaxxer.hikari.pool.HikariPool        : HikariPool-1 - Fill pool skipped, pool has sufficient level or currently being filled.
-2025-08-17 03:37:33.062 -DEBUG 30417 --- [l-1:housekeeper] com.zaxxer.hikari.pool.HikariPool        : HikariPool-1 - keepalive: connection com.mysql.cj.jdbc.ConnectionImpl@1fbb4ad is alive
-2025-08-17 03:38:01.687 -DEBUG 30417 --- [l-1:housekeeper] com.zaxxer.hikari.pool.HikariPool        : HikariPool-1 - Before cleanup stats (total=5/10, idle=5/5, active=0, waiting=0)
-2025-08-17 03:38:01.689 -DEBUG 30417 --- [l-1:housekeeper] com.zaxxer.hikari.pool.HikariPool        : HikariPool-1 - After  cleanup stats (total=5/10, idle=5/5, active=0, waiting=0)
-2025-08-17 03:38:01.689 -DEBUG 30417 --- [l-1:housekeeper] com.zaxxer.hikari.pool.HikariPool        : HikariPool-1 - Fill pool skipped, pool has sufficient level or currently being filled.
-2025-08-17 03:38:31.699 -DEBUG 30417 --- [l-1:housekeeper] com.zaxxer.hikari.pool.HikariPool        : HikariPool-1 - Before cleanup stats (total=5/10, idle=5/5, active=0, waiting=0)
-2025-08-17 03:38:31.701 -DEBUG 30417 --- [l-1:housekeeper] com.zaxxer.hikari.pool.HikariPool        : HikariPool-1 - After  cleanup stats (total=5/10, idle=5/5, active=0, waiting=0)
-2025-08-17 03:38:31.703 -DEBUG 30417 --- [l-1:housekeeper] com.zaxxer.hikari.pool.HikariPool        : HikariPool-1 - Fill pool skipped, pool has sufficient level or currently being filled.
-2025-08-17 03:38:44.177 -DEBUG 30417 --- [l-1:housekeeper] com.zaxxer.hikari.pool.HikariPool        : HikariPool-1 - keepalive: connection com.mysql.cj.jdbc.ConnectionImpl@18e2d7ef is alive
-2025-08-17 03:39:01.706 -DEBUG 30417 --- [l-1:housekeeper] com.zaxxer.hikari.pool.HikariPool        : HikariPool-1 - Before cleanup stats (total=5/10, idle=5/5, active=0, waiting=0)
-2025-08-17 03:39:01.707 -DEBUG 30417 --- [l-1:housekeeper] com.zaxxer.hikari.pool.HikariPool        : HikariPool-1 - After  cleanup stats (total=5/10, idle=5/5, active=0, waiting=0)
-2025-08-17 03:39:01.707 -DEBUG 30417 --- [l-1:housekeeper] com.zaxxer.hikari.pool.HikariPool        : HikariPool-1 - Fill pool skipped, pool has sufficient level or currently being filled.
-2025-08-17 03:39:04.329 -DEBUG 30417 --- [l-1:housekeeper] com.zaxxer.hikari.pool.HikariPool        : HikariPool-1 - keepalive: connection com.mysql.cj.jdbc.ConnectionImpl@20156247 is alive
-2025-08-17 03:39:06.244 -DEBUG 30417 --- [l-1:housekeeper] com.zaxxer.hikari.pool.HikariPool        : HikariPool-1 - keepalive: connection com.mysql.cj.jdbc.ConnectionImpl@6dcf961a is alive
-2025-08-17 03:39:11.347 -DEBUG 30417 --- [l-1:housekeeper] com.zaxxer.hikari.pool.HikariPool        : HikariPool-1 - keepalive: connection com.mysql.cj.jdbc.ConnectionImpl@13c732e6 is alive
-2025-08-17 03:39:16.670 -DEBUG 30417 --- [l-1:housekeeper] com.zaxxer.hikari.pool.HikariPool        : HikariPool-1 - keepalive: connection com.mysql.cj.jdbc.ConnectionImpl@1fbb4ad is alive
-2025-08-17 03:39:31.711 -DEBUG 30417 --- [l-1:housekeeper] com.zaxxer.hikari.pool.HikariPool        : HikariPool-1 - Before cleanup stats (total=5/10, idle=5/5, active=0, waiting=0)
-2025-08-17 03:39:31.713 -DEBUG 30417 --- [l-1:housekeeper] com.zaxxer.hikari.pool.HikariPool        : HikariPool-1 - After  cleanup stats (total=5/10, idle=5/5, active=0, waiting=0)
-2025-08-17 03:39:31.713 -DEBUG 30417 --- [l-1:housekeeper] com.zaxxer.hikari.pool.HikariPool        : HikariPool-1 - Fill pool skipped, pool has sufficient level or currently being filled.
-2025-08-17 03:40:01.719 -DEBUG 30417 --- [l-1:housekeeper] com.zaxxer.hikari.pool.HikariPool        : HikariPool-1 - Before cleanup stats (total=5/10, idle=5/5, active=0, waiting=0)
-2025-08-17 03:40:01.720 -DEBUG 30417 --- [l-1:housekeeper] com.zaxxer.hikari.pool.HikariPool        : HikariPool-1 - After  cleanup stats (total=5/10, idle=5/5, active=0, waiting=0)
-2025-08-17 03:40:01.721 -DEBUG 30417 --- [l-1:housekeeper] com.zaxxer.hikari.pool.HikariPool        : HikariPool-1 - Fill pool skipped, pool has sufficient level or currently being filled.
-2025-08-17 03:40:23.247 -DEBUG 30417 --- [l-1:housekeeper] com.zaxxer.hikari.pool.HikariPool        : HikariPool-1 - keepalive: connection com.mysql.cj.jdbc.ConnectionImpl@18e2d7ef is alive
-2025-08-17 03:40:31.726 -DEBUG 30417 --- [l-1:housekeeper] com.zaxxer.hikari.pool.HikariPool        : HikariPool-1 - Before cleanup stats (total=5/10, idle=5/5, active=0, waiting=0)
-2025-08-17 03:40:31.727 -DEBUG 30417 --- [l-1:housekeeper] com.zaxxer.hikari.pool.HikariPool        : HikariPool-1 - After  cleanup stats (total=5/10, idle=5/5, active=0, waiting=0)
-2025-08-17 03:40:31.727 -DEBUG 30417 --- [l-1:housekeeper] com.zaxxer.hikari.pool.HikariPool        : HikariPool-1 - Fill pool skipped, pool has sufficient level or currently being filled.
-2025-08-17 03:40:44.234 -DEBUG 30417 --- [l-1:housekeeper] com.zaxxer.hikari.pool.HikariPool        : HikariPool-1 - keepalive: connection com.mysql.cj.jdbc.ConnectionImpl@6dcf961a is alive
-2025-08-17 03:40:56.263 -DEBUG 30417 --- [l-1:housekeeper] com.zaxxer.hikari.pool.HikariPool        : HikariPool-1 - keepalive: connection com.mysql.cj.jdbc.ConnectionImpl@20156247 is alive
-2025-08-17 03:41:00.273 -DEBUG 30417 --- [l-1:housekeeper] com.zaxxer.hikari.pool.HikariPool        : HikariPool-1 - keepalive: connection com.mysql.cj.jdbc.ConnectionImpl@1fbb4ad is alive
-2025-08-17 03:41:01.730 -DEBUG 30417 --- [l-1:housekeeper] com.zaxxer.hikari.pool.HikariPool        : HikariPool-1 - Before cleanup stats (total=5/10, idle=5/5, active=0, waiting=0)
-2025-08-17 03:41:01.731 -DEBUG 30417 --- [l-1:housekeeper] com.zaxxer.hikari.pool.HikariPool        : HikariPool-1 - After  cleanup stats (total=5/10, idle=5/5, active=0, waiting=0)
-2025-08-17 03:41:01.731 -DEBUG 30417 --- [l-1:housekeeper] com.zaxxer.hikari.pool.HikariPool        : HikariPool-1 - Fill pool skipped, pool has sufficient level or currently being filled.
-2025-08-17 03:41:04.269 -DEBUG 30417 --- [l-1:housekeeper] com.zaxxer.hikari.pool.HikariPool        : HikariPool-1 - keepalive: connection com.mysql.cj.jdbc.ConnectionImpl@13c732e6 is alive
-2025-08-17 03:41:31.741 -DEBUG 30417 --- [l-1:housekeeper] com.zaxxer.hikari.pool.HikariPool        : HikariPool-1 - Before cleanup stats (total=5/10, idle=5/5, active=0, waiting=0)
-2025-08-17 03:41:31.741 -DEBUG 30417 --- [l-1:housekeeper] com.zaxxer.hikari.pool.HikariPool        : HikariPool-1 - After  cleanup stats (total=5/10, idle=5/5, active=0, waiting=0)
-2025-08-17 03:41:31.741 -DEBUG 30417 --- [l-1:housekeeper] com.zaxxer.hikari.pool.HikariPool        : HikariPool-1 - Fill pool skipped, pool has sufficient level or currently being filled.
-2025-08-17 03:42:01.747 -DEBUG 30417 --- [l-1:housekeeper] com.zaxxer.hikari.pool.HikariPool        : HikariPool-1 - Before cleanup stats (total=5/10, idle=5/5, active=0, waiting=0)
-2025-08-17 03:42:01.748 -DEBUG 30417 --- [l-1:housekeeper] com.zaxxer.hikari.pool.HikariPool        : HikariPool-1 - After  cleanup stats (total=5/10, idle=5/5, active=0, waiting=0)
-2025-08-17 03:42:01.748 -DEBUG 30417 --- [l-1:housekeeper] com.zaxxer.hikari.pool.HikariPool        : HikariPool-1 - Fill pool skipped, pool has sufficient level or currently being filled.
-2025-08-17 03:42:02.310 -DEBUG 30417 --- [l-1:housekeeper] com.zaxxer.hikari.pool.HikariPool        : HikariPool-1 - keepalive: connection com.mysql.cj.jdbc.ConnectionImpl@18e2d7ef is alive
-2025-08-17 03:42:22.231 -DEBUG 30417 --- [l-1:housekeeper] com.zaxxer.hikari.pool.HikariPool        : HikariPool-1 - keepalive: connection com.mysql.cj.jdbc.ConnectionImpl@6dcf961a is alive
-2025-08-17 03:42:31.755 -DEBUG 30417 --- [l-1:housekeeper] com.zaxxer.hikari.pool.HikariPool        : HikariPool-1 - Before cleanup stats (total=5/10, idle=5/5, active=0, waiting=0)
-2025-08-17 03:42:31.756 -DEBUG 30417 --- [l-1:housekeeper] com.zaxxer.hikari.pool.HikariPool        : HikariPool-1 - After  cleanup stats (total=5/10, idle=5/5, active=0, waiting=0)
-2025-08-17 03:42:31.756 -DEBUG 30417 --- [l-1:housekeeper] com.zaxxer.hikari.pool.HikariPool        : HikariPool-1 - Fill pool skipped, pool has sufficient level or currently being filled.
-2025-08-17 03:42:43.877 -DEBUG 30417 --- [l-1:housekeeper] com.zaxxer.hikari.pool.HikariPool        : HikariPool-1 - keepalive: connection com.mysql.cj.jdbc.ConnectionImpl@1fbb4ad is alive
-2025-08-17 03:42:48.195 -DEBUG 30417 --- [l-1:housekeeper] com.zaxxer.hikari.pool.HikariPool        : HikariPool-1 - keepalive: connection com.mysql.cj.jdbc.ConnectionImpl@20156247 is alive
-2025-08-17 03:42:57.195 -DEBUG 30417 --- [l-1:housekeeper] com.zaxxer.hikari.pool.HikariPool        : HikariPool-1 - keepalive: connection com.mysql.cj.jdbc.ConnectionImpl@13c732e6 is alive
-2025-08-17 03:43:01.765 -DEBUG 30417 --- [l-1:housekeeper] com.zaxxer.hikari.pool.HikariPool        : HikariPool-1 - Before cleanup stats (total=5/10, idle=5/5, active=0, waiting=0)
-2025-08-17 03:43:01.766 -DEBUG 30417 --- [l-1:housekeeper] com.zaxxer.hikari.pool.HikariPool        : HikariPool-1 - After  cleanup stats (total=5/10, idle=5/5, active=0, waiting=0)
-2025-08-17 03:43:01.766 -DEBUG 30417 --- [l-1:housekeeper] com.zaxxer.hikari.pool.HikariPool        : HikariPool-1 - Fill pool skipped, pool has sufficient level or currently being filled.
-2025-08-17 03:43:31.769 -DEBUG 30417 --- [l-1:housekeeper] com.zaxxer.hikari.pool.HikariPool        : HikariPool-1 - Before cleanup stats (total=5/10, idle=5/5, active=0, waiting=0)
-2025-08-17 03:43:31.769 -DEBUG 30417 --- [l-1:housekeeper] com.zaxxer.hikari.pool.HikariPool        : HikariPool-1 - After  cleanup stats (total=5/10, idle=5/5, active=0, waiting=0)
-2025-08-17 03:43:31.769 -DEBUG 30417 --- [l-1:housekeeper] com.zaxxer.hikari.pool.HikariPool        : HikariPool-1 - Fill pool skipped, pool has sufficient level or currently being filled.
-2025-08-17 03:43:41.375 -DEBUG 30417 --- [l-1:housekeeper] com.zaxxer.hikari.pool.HikariPool        : HikariPool-1 - keepalive: connection com.mysql.cj.jdbc.ConnectionImpl@18e2d7ef is alive
-2025-08-17 03:44:00.227 -DEBUG 30417 --- [l-1:housekeeper] com.zaxxer.hikari.pool.HikariPool        : HikariPool-1 - keepalive: connection com.mysql.cj.jdbc.ConnectionImpl@6dcf961a is alive
-2025-08-17 03:44:01.779 -DEBUG 30417 --- [l-1:housekeeper] com.zaxxer.hikari.pool.HikariPool        : HikariPool-1 - Before cleanup stats (total=5/10, idle=5/5, active=0, waiting=0)
-2025-08-17 03:44:01.780 -DEBUG 30417 --- [l-1:housekeeper] com.zaxxer.hikari.pool.HikariPool        : HikariPool-1 - After  cleanup stats (total=5/10, idle=5/5, active=0, waiting=0)
-2025-08-17 03:44:01.780 -DEBUG 30417 --- [l-1:housekeeper] com.zaxxer.hikari.pool.HikariPool        : HikariPool-1 - Fill pool skipped, pool has sufficient level or currently being filled.
-2025-08-17 03:44:27.483 -DEBUG 30417 --- [l-1:housekeeper] com.zaxxer.hikari.pool.HikariPool        : HikariPool-1 - keepalive: connection com.mysql.cj.jdbc.ConnectionImpl@1fbb4ad is alive
-2025-08-17 03:44:31.781 -DEBUG 30417 --- [l-1:housekeeper] com.zaxxer.hikari.pool.HikariPool        : HikariPool-1 - Before cleanup stats (total=5/10, idle=5/5, active=0, waiting=0)
-2025-08-17 03:44:31.782 -DEBUG 30417 --- [l-1:housekeeper] com.zaxxer.hikari.pool.HikariPool        : HikariPool-1 - After  cleanup stats (total=5/10, idle=5/5, active=0, waiting=0)
-2025-08-17 03:44:31.782 -DEBUG 30417 --- [l-1:housekeeper] com.zaxxer.hikari.pool.HikariPool        : HikariPool-1 - Fill pool skipped, pool has sufficient level or currently being filled.
-2025-08-17 03:44:40.127 -DEBUG 30417 --- [l-1:housekeeper] com.zaxxer.hikari.pool.HikariPool        : HikariPool-1 - keepalive: connection com.mysql.cj.jdbc.ConnectionImpl@20156247 is alive
-2025-08-17 03:44:50.125 -DEBUG 30417 --- [l-1:housekeeper] com.zaxxer.hikari.pool.HikariPool        : HikariPool-1 - keepalive: connection com.mysql.cj.jdbc.ConnectionImpl@13c732e6 is alive
-2025-08-17 03:45:01.790 -DEBUG 30417 --- [l-1:housekeeper] com.zaxxer.hikari.pool.HikariPool        : HikariPool-1 - Before cleanup stats (total=5/10, idle=5/5, active=0, waiting=0)
-2025-08-17 03:45:01.791 -DEBUG 30417 --- [l-1:housekeeper] com.zaxxer.hikari.pool.HikariPool        : HikariPool-1 - After  cleanup stats (total=5/10, idle=5/5, active=0, waiting=0)
-2025-08-17 03:45:01.791 -DEBUG 30417 --- [l-1:housekeeper] com.zaxxer.hikari.pool.HikariPool        : HikariPool-1 - Fill pool skipped, pool has sufficient level or currently being filled.
-2025-08-17 03:45:20.446 -DEBUG 30417 --- [l-1:housekeeper] com.zaxxer.hikari.pool.HikariPool        : HikariPool-1 - keepalive: connection com.mysql.cj.jdbc.ConnectionImpl@18e2d7ef is alive
-2025-08-17 03:45:31.793 -DEBUG 30417 --- [l-1:housekeeper] com.zaxxer.hikari.pool.HikariPool        : HikariPool-1 - Before cleanup stats (total=5/10, idle=5/5, active=0, waiting=0)
-2025-08-17 03:45:31.793 -DEBUG 30417 --- [l-1:housekeeper] com.zaxxer.hikari.pool.HikariPool        : HikariPool-1 - After  cleanup stats (total=5/10, idle=5/5, active=0, waiting=0)
-2025-08-17 03:45:31.793 -DEBUG 30417 --- [l-1:housekeeper] com.zaxxer.hikari.pool.HikariPool        : HikariPool-1 - Fill pool skipped, pool has sufficient level or currently being filled.
-2025-08-17 03:45:38.228 -DEBUG 30417 --- [l-1:housekeeper] com.zaxxer.hikari.pool.HikariPool        : HikariPool-1 - keepalive: connection com.mysql.cj.jdbc.ConnectionImpl@6dcf961a is alive
-2025-08-17 03:46:01.796 -DEBUG 30417 --- [l-1:housekeeper] com.zaxxer.hikari.pool.HikariPool        : HikariPool-1 - Before cleanup stats (total=5/10, idle=5/5, active=0, waiting=0)
-2025-08-17 03:46:01.797 -DEBUG 30417 --- [l-1:housekeeper] com.zaxxer.hikari.pool.HikariPool        : HikariPool-1 - After  cleanup stats (total=5/10, idle=5/5, active=0, waiting=0)
-2025-08-17 03:46:01.797 -DEBUG 30417 --- [l-1:housekeeper] com.zaxxer.hikari.pool.HikariPool        : HikariPool-1 - Fill pool skipped, pool has sufficient level or currently being filled.
-2025-08-17 03:46:11.086 -DEBUG 30417 --- [l-1:housekeeper] com.zaxxer.hikari.pool.HikariPool        : HikariPool-1 - keepalive: connection com.mysql.cj.jdbc.ConnectionImpl@1fbb4ad is alive
-2025-08-17 03:46:31.806 -DEBUG 30417 --- [l-1:housekeeper] com.zaxxer.hikari.pool.HikariPool        : HikariPool-1 - Before cleanup stats (total=5/10, idle=5/5, active=0, waiting=0)
-2025-08-17 03:46:31.806 -DEBUG 30417 --- [l-1:housekeeper] com.zaxxer.hikari.pool.HikariPool        : HikariPool-1 - After  cleanup stats (total=5/10, idle=5/5, active=0, waiting=0)
-2025-08-17 03:46:31.806 -DEBUG 30417 --- [l-1:housekeeper] com.zaxxer.hikari.pool.HikariPool        : HikariPool-1 - Fill pool skipped, pool has sufficient level or currently being filled.
-2025-08-17 03:46:32.067 -DEBUG 30417 --- [l-1:housekeeper] com.zaxxer.hikari.pool.HikariPool        : HikariPool-1 - keepalive: connection com.mysql.cj.jdbc.ConnectionImpl@20156247 is alive
-2025-08-17 03:46:43.054 -DEBUG 30417 --- [l-1:housekeeper] com.zaxxer.hikari.pool.HikariPool        : HikariPool-1 - keepalive: connection com.mysql.cj.jdbc.ConnectionImpl@13c732e6 is alive
-2025-08-17 03:46:59.522 -DEBUG 30417 --- [l-1:housekeeper] com.zaxxer.hikari.pool.HikariPool        : HikariPool-1 - keepalive: connection com.mysql.cj.jdbc.ConnectionImpl@18e2d7ef is alive
-2025-08-17 03:47:01.810 -DEBUG 30417 --- [l-1:housekeeper] com.zaxxer.hikari.pool.HikariPool        : HikariPool-1 - Before cleanup stats (total=5/10, idle=5/5, active=0, waiting=0)
-2025-08-17 03:47:01.810 -DEBUG 30417 --- [l-1:housekeeper] com.zaxxer.hikari.pool.HikariPool        : HikariPool-1 - After  cleanup stats (total=5/10, idle=5/5, active=0, waiting=0)
-2025-08-17 03:47:01.810 -DEBUG 30417 --- [l-1:housekeeper] com.zaxxer.hikari.pool.HikariPool        : HikariPool-1 - Fill pool skipped, pool has sufficient level or currently being filled.
-2025-08-17 03:47:16.225 -DEBUG 30417 --- [l-1:housekeeper] com.zaxxer.hikari.pool.HikariPool        : HikariPool-1 - keepalive: connection com.mysql.cj.jdbc.ConnectionImpl@6dcf961a is alive
-2025-08-17 03:47:31.813 -DEBUG 30417 --- [l-1:housekeeper] com.zaxxer.hikari.pool.HikariPool        : HikariPool-1 - Before cleanup stats (total=5/10, idle=5/5, active=0, waiting=0)
-2025-08-17 03:47:31.814 -DEBUG 30417 --- [l-1:housekeeper] com.zaxxer.hikari.pool.HikariPool        : HikariPool-1 - After  cleanup stats (total=5/10, idle=5/5, active=0, waiting=0)
-2025-08-17 03:47:31.814 -DEBUG 30417 --- [l-1:housekeeper] com.zaxxer.hikari.pool.HikariPool        : HikariPool-1 - Fill pool skipped, pool has sufficient level or currently being filled.
-2025-08-17 03:47:54.694 -DEBUG 30417 --- [l-1:housekeeper] com.zaxxer.hikari.pool.HikariPool        : HikariPool-1 - keepalive: connection com.mysql.cj.jdbc.ConnectionImpl@1fbb4ad is alive
-2025-08-17 03:48:01.821 -DEBUG 30417 --- [l-1:housekeeper] com.zaxxer.hikari.pool.HikariPool        : HikariPool-1 - Before cleanup stats (total=5/10, idle=5/5, active=0, waiting=0)
-2025-08-17 03:48:01.822 -DEBUG 30417 --- [l-1:housekeeper] com.zaxxer.hikari.pool.HikariPool        : HikariPool-1 - After  cleanup stats (total=5/10, idle=5/5, active=0, waiting=0)
-2025-08-17 03:48:01.822 -DEBUG 30417 --- [l-1:housekeeper] com.zaxxer.hikari.pool.HikariPool        : HikariPool-1 - Fill pool skipped, pool has sufficient level or currently being filled.
-2025-08-17 03:48:24.000 -DEBUG 30417 --- [l-1:housekeeper] com.zaxxer.hikari.pool.HikariPool        : HikariPool-1 - keepalive: connection com.mysql.cj.jdbc.ConnectionImpl@20156247 is alive
-2025-08-17 03:48:31.832 -DEBUG 30417 --- [l-1:housekeeper] com.zaxxer.hikari.pool.HikariPool        : HikariPool-1 - Before cleanup stats (total=5/10, idle=5/5, active=0, waiting=0)
-2025-08-17 03:48:31.832 -DEBUG 30417 --- [l-1:housekeeper] com.zaxxer.hikari.pool.HikariPool        : HikariPool-1 - After  cleanup stats (total=5/10, idle=5/5, active=0, waiting=0)
-2025-08-17 03:48:31.832 -DEBUG 30417 --- [l-1:housekeeper] com.zaxxer.hikari.pool.HikariPool        : HikariPool-1 - Fill pool skipped, pool has sufficient level or currently being filled.
-2025-08-17 03:48:35.988 -DEBUG 30417 --- [l-1:housekeeper] com.zaxxer.hikari.pool.HikariPool        : HikariPool-1 - keepalive: connection com.mysql.cj.jdbc.ConnectionImpl@13c732e6 is alive
-2025-08-17 03:48:38.596 -DEBUG 30417 --- [l-1:housekeeper] com.zaxxer.hikari.pool.HikariPool        : HikariPool-1 - keepalive: connection com.mysql.cj.jdbc.ConnectionImpl@18e2d7ef is alive
-2025-08-17 03:48:54.219 -DEBUG 30417 --- [l-1:housekeeper] com.zaxxer.hikari.pool.HikariPool        : HikariPool-1 - keepalive: connection com.mysql.cj.jdbc.ConnectionImpl@6dcf961a is alive
-2025-08-17 03:49:01.840 -DEBUG 30417 --- [l-1:housekeeper] com.zaxxer.hikari.pool.HikariPool        : HikariPool-1 - Before cleanup stats (total=5/10, idle=5/5, active=0, waiting=0)
-2025-08-17 03:49:01.840 -DEBUG 30417 --- [l-1:housekeeper] com.zaxxer.hikari.pool.HikariPool        : HikariPool-1 - After  cleanup stats (total=5/10, idle=5/5, active=0, waiting=0)
-2025-08-17 03:49:01.840 -DEBUG 30417 --- [l-1:housekeeper] com.zaxxer.hikari.pool.HikariPool        : HikariPool-1 - Fill pool skipped, pool has sufficient level or currently being filled.
-2025-08-17 03:49:31.849 -DEBUG 30417 --- [l-1:housekeeper] com.zaxxer.hikari.pool.HikariPool        : HikariPool-1 - Before cleanup stats (total=5/10, idle=5/5, active=0, waiting=0)
-2025-08-17 03:49:31.850 -DEBUG 30417 --- [l-1:housekeeper] com.zaxxer.hikari.pool.HikariPool        : HikariPool-1 - After  cleanup stats (total=5/10, idle=5/5, active=0, waiting=0)
-2025-08-17 03:49:31.850 -DEBUG 30417 --- [l-1:housekeeper] com.zaxxer.hikari.pool.HikariPool        : HikariPool-1 - Fill pool skipped, pool has sufficient level or currently being filled.
-2025-08-17 03:49:38.301 -DEBUG 30417 --- [l-1:housekeeper] com.zaxxer.hikari.pool.HikariPool        : HikariPool-1 - keepalive: connection com.mysql.cj.jdbc.ConnectionImpl@1fbb4ad is alive
-2025-08-17 03:50:01.860 -DEBUG 30417 --- [l-1:housekeeper] com.zaxxer.hikari.pool.HikariPool        : HikariPool-1 - Before cleanup stats (total=5/10, idle=5/5, active=0, waiting=0)
-2025-08-17 03:50:01.861 -DEBUG 30417 --- [l-1:housekeeper] com.zaxxer.hikari.pool.HikariPool        : HikariPool-1 - After  cleanup stats (total=5/10, idle=5/5, active=0, waiting=0)
-2025-08-17 03:50:01.861 -DEBUG 30417 --- [l-1:housekeeper] com.zaxxer.hikari.pool.HikariPool        : HikariPool-1 - Fill pool skipped, pool has sufficient level or currently being filled.
-2025-08-17 03:50:15.931 -DEBUG 30417 --- [l-1:housekeeper] com.zaxxer.hikari.pool.HikariPool        : HikariPool-1 - keepalive: connection com.mysql.cj.jdbc.ConnectionImpl@20156247 is alive
-2025-08-17 03:50:17.662 -DEBUG 30417 --- [l-1:housekeeper] com.zaxxer.hikari.pool.HikariPool        : HikariPool-1 - keepalive: connection com.mysql.cj.jdbc.ConnectionImpl@18e2d7ef is alive
-2025-08-17 03:50:28.918 -DEBUG 30417 --- [l-1:housekeeper] com.zaxxer.hikari.pool.HikariPool        : HikariPool-1 - keepalive: connection com.mysql.cj.jdbc.ConnectionImpl@13c732e6 is alive
-2025-08-17 03:50:31.871 -DEBUG 30417 --- [l-1:housekeeper] com.zaxxer.hikari.pool.HikariPool        : HikariPool-1 - Before cleanup stats (total=5/10, idle=5/5, active=0, waiting=0)
-2025-08-17 03:50:31.871 -DEBUG 30417 --- [l-1:housekeeper] com.zaxxer.hikari.pool.HikariPool        : HikariPool-1 - After  cleanup stats (total=5/10, idle=5/5, active=0, waiting=0)
-2025-08-17 03:50:31.871 -DEBUG 30417 --- [l-1:housekeeper] com.zaxxer.hikari.pool.HikariPool        : HikariPool-1 - Fill pool skipped, pool has sufficient level or currently being filled.
-2025-08-17 03:50:32.212 -DEBUG 30417 --- [l-1:housekeeper] com.zaxxer.hikari.pool.HikariPool        : HikariPool-1 - keepalive: connection com.mysql.cj.jdbc.ConnectionImpl@6dcf961a is alive
-2025-08-17 03:51:01.877 -DEBUG 30417 --- [l-1:housekeeper] com.zaxxer.hikari.pool.HikariPool        : HikariPool-1 - Before cleanup stats (total=5/10, idle=5/5, active=0, waiting=0)
-2025-08-17 03:51:01.878 -DEBUG 30417 --- [l-1:housekeeper] com.zaxxer.hikari.pool.HikariPool        : HikariPool-1 - After  cleanup stats (total=5/10, idle=5/5, active=0, waiting=0)
-2025-08-17 03:51:01.878 -DEBUG 30417 --- [l-1:housekeeper] com.zaxxer.hikari.pool.HikariPool        : HikariPool-1 - Fill pool skipped, pool has sufficient level or currently being filled.
-2025-08-17 03:51:21.909 -DEBUG 30417 --- [l-1:housekeeper] com.zaxxer.hikari.pool.HikariPool        : HikariPool-1 - keepalive: connection com.mysql.cj.jdbc.ConnectionImpl@1fbb4ad is alive
-2025-08-17 03:51:31.880 -DEBUG 30417 --- [l-1:housekeeper] com.zaxxer.hikari.pool.HikariPool        : HikariPool-1 - Before cleanup stats (total=5/10, idle=5/5, active=0, waiting=0)
-2025-08-17 03:51:31.880 -DEBUG 30417 --- [l-1:housekeeper] com.zaxxer.hikari.pool.HikariPool        : HikariPool-1 - After  cleanup stats (total=5/10, idle=5/5, active=0, waiting=0)
-2025-08-17 03:51:31.880 -DEBUG 30417 --- [l-1:housekeeper] com.zaxxer.hikari.pool.HikariPool        : HikariPool-1 - Fill pool skipped, pool has sufficient level or currently being filled.
-2025-08-17 03:51:56.735 -DEBUG 30417 --- [l-1:housekeeper] com.zaxxer.hikari.pool.HikariPool        : HikariPool-1 - keepalive: connection com.mysql.cj.jdbc.ConnectionImpl@18e2d7ef is alive
-2025-08-17 03:52:01.886 -DEBUG 30417 --- [l-1:housekeeper] com.zaxxer.hikari.pool.HikariPool        : HikariPool-1 - Before cleanup stats (total=5/10, idle=5/5, active=0, waiting=0)
-2025-08-17 03:52:01.886 -DEBUG 30417 --- [l-1:housekeeper] com.zaxxer.hikari.pool.HikariPool        : HikariPool-1 - After  cleanup stats (total=5/10, idle=5/5, active=0, waiting=0)
-2025-08-17 03:52:01.886 -DEBUG 30417 --- [l-1:housekeeper] com.zaxxer.hikari.pool.HikariPool        : HikariPool-1 - Fill pool skipped, pool has sufficient level or currently being filled.
-2025-08-17 03:52:07.867 -DEBUG 30417 --- [l-1:housekeeper] com.zaxxer.hikari.pool.HikariPool        : HikariPool-1 - keepalive: connection com.mysql.cj.jdbc.ConnectionImpl@20156247 is alive
-2025-08-17 03:52:10.206 -DEBUG 30417 --- [l-1:housekeeper] com.zaxxer.hikari.pool.HikariPool        : HikariPool-1 - keepalive: connection com.mysql.cj.jdbc.ConnectionImpl@6dcf961a is alive
-2025-08-17 03:52:21.843 -DEBUG 30417 --- [l-1:housekeeper] com.zaxxer.hikari.pool.HikariPool        : HikariPool-1 - keepalive: connection com.mysql.cj.jdbc.ConnectionImpl@13c732e6 is alive
-2025-08-17 03:52:31.895 -DEBUG 30417 --- [l-1:housekeeper] com.zaxxer.hikari.pool.HikariPool        : HikariPool-1 - Before cleanup stats (total=5/10, idle=5/5, active=0, waiting=0)
-2025-08-17 03:52:31.896 -DEBUG 30417 --- [l-1:housekeeper] com.zaxxer.hikari.pool.HikariPool        : HikariPool-1 - After  cleanup stats (total=5/10, idle=5/5, active=0, waiting=0)
-2025-08-17 03:52:31.896 -DEBUG 30417 --- [l-1:housekeeper] com.zaxxer.hikari.pool.HikariPool        : HikariPool-1 - Fill pool skipped, pool has sufficient level or currently being filled.
-2025-08-17 03:53:01.900 -DEBUG 30417 --- [l-1:housekeeper] com.zaxxer.hikari.pool.HikariPool        : HikariPool-1 - Before cleanup stats (total=5/10, idle=5/5, active=0, waiting=0)
-2025-08-17 03:53:01.900 -DEBUG 30417 --- [l-1:housekeeper] com.zaxxer.hikari.pool.HikariPool        : HikariPool-1 - After  cleanup stats (total=5/10, idle=5/5, active=0, waiting=0)
-2025-08-17 03:53:01.901 -DEBUG 30417 --- [l-1:housekeeper] com.zaxxer.hikari.pool.HikariPool        : HikariPool-1 - Fill pool skipped, pool has sufficient level or currently being filled.
-2025-08-17 03:53:05.514 -DEBUG 30417 --- [l-1:housekeeper] com.zaxxer.hikari.pool.HikariPool        : HikariPool-1 - keepalive: connection com.mysql.cj.jdbc.ConnectionImpl@1fbb4ad is alive
-2025-08-17 03:53:31.903 -DEBUG 30417 --- [l-1:housekeeper] com.zaxxer.hikari.pool.HikariPool        : HikariPool-1 - Before cleanup stats (total=5/10, idle=5/5, active=0, waiting=0)
-2025-08-17 03:53:31.903 -DEBUG 30417 --- [l-1:housekeeper] com.zaxxer.hikari.pool.HikariPool        : HikariPool-1 - After  cleanup stats (total=5/10, idle=5/5, active=0, waiting=0)
-2025-08-17 03:53:31.903 -DEBUG 30417 --- [l-1:housekeeper] com.zaxxer.hikari.pool.HikariPool        : HikariPool-1 - Fill pool skipped, pool has sufficient level or currently being filled.
-2025-08-17 03:53:35.809 -DEBUG 30417 --- [l-1:housekeeper] com.zaxxer.hikari.pool.HikariPool        : HikariPool-1 - keepalive: connection com.mysql.cj.jdbc.ConnectionImpl@18e2d7ef is alive
-2025-08-17 03:53:48.202 -DEBUG 30417 --- [l-1:housekeeper] com.zaxxer.hikari.pool.HikariPool        : HikariPool-1 - keepalive: connection com.mysql.cj.jdbc.ConnectionImpl@6dcf961a is alive
-2025-08-17 03:53:59.802 -DEBUG 30417 --- [l-1:housekeeper] com.zaxxer.hikari.pool.HikariPool        : HikariPool-1 - keepalive: connection com.mysql.cj.jdbc.ConnectionImpl@20156247 is alive
-2025-08-17 03:54:01.912 -DEBUG 30417 --- [l-1:housekeeper] com.zaxxer.hikari.pool.HikariPool        : HikariPool-1 - Before cleanup stats (total=5/10, idle=5/5, active=0, waiting=0)
-2025-08-17 03:54:01.912 -DEBUG 30417 --- [l-1:housekeeper] com.zaxxer.hikari.pool.HikariPool        : HikariPool-1 - After  cleanup stats (total=5/10, idle=5/5, active=0, waiting=0)
-2025-08-17 03:54:01.913 -DEBUG 30417 --- [l-1:housekeeper] com.zaxxer.hikari.pool.HikariPool        : HikariPool-1 - Fill pool skipped, pool has sufficient level or currently being filled.
-2025-08-17 03:54:14.776 -DEBUG 30417 --- [l-1:housekeeper] com.zaxxer.hikari.pool.HikariPool        : HikariPool-1 - keepalive: connection com.mysql.cj.jdbc.ConnectionImpl@13c732e6 is alive
-2025-08-17 03:54:31.918 -DEBUG 30417 --- [l-1:housekeeper] com.zaxxer.hikari.pool.HikariPool        : HikariPool-1 - Before cleanup stats (total=5/10, idle=5/5, active=0, waiting=0)
-2025-08-17 03:54:31.918 -DEBUG 30417 --- [l-1:housekeeper] com.zaxxer.hikari.pool.HikariPool        : HikariPool-1 - After  cleanup stats (total=5/10, idle=5/5, active=0, waiting=0)
-2025-08-17 03:54:31.918 -DEBUG 30417 --- [l-1:housekeeper] com.zaxxer.hikari.pool.HikariPool        : HikariPool-1 - Fill pool skipped, pool has sufficient level or currently being filled.
-2025-08-17 03:54:49.119 -DEBUG 30417 --- [l-1:housekeeper] com.zaxxer.hikari.pool.HikariPool        : HikariPool-1 - keepalive: connection com.mysql.cj.jdbc.ConnectionImpl@1fbb4ad is alive
-2025-08-17 03:55:01.918 -DEBUG 30417 --- [l-1:housekeeper] com.zaxxer.hikari.pool.HikariPool        : HikariPool-1 - Before cleanup stats (total=5/10, idle=5/5, active=0, waiting=0)
-2025-08-17 03:55:01.919 -DEBUG 30417 --- [l-1:housekeeper] com.zaxxer.hikari.pool.HikariPool        : HikariPool-1 - After  cleanup stats (total=5/10, idle=5/5, active=0, waiting=0)
-2025-08-17 03:55:01.919 -DEBUG 30417 --- [l-1:housekeeper] com.zaxxer.hikari.pool.HikariPool        : HikariPool-1 - Fill pool skipped, pool has sufficient level or currently being filled.
-2025-08-17 03:55:14.875 -DEBUG 30417 --- [l-1:housekeeper] com.zaxxer.hikari.pool.HikariPool        : HikariPool-1 - keepalive: connection com.mysql.cj.jdbc.ConnectionImpl@18e2d7ef is alive
-2025-08-17 03:55:26.195 -DEBUG 30417 --- [l-1:housekeeper] com.zaxxer.hikari.pool.HikariPool        : HikariPool-1 - keepalive: connection com.mysql.cj.jdbc.ConnectionImpl@6dcf961a is alive
-2025-08-17 03:55:31.904 -DEBUG 30417 --- [l-1:housekeeper] com.zaxxer.hikari.pool.HikariPool        : HikariPool-1 - Before cleanup stats (total=5/10, idle=5/5, active=0, waiting=0)
-2025-08-17 03:55:31.904 -DEBUG 30417 --- [l-1:housekeeper] com.zaxxer.hikari.pool.HikariPool        : HikariPool-1 - After  cleanup stats (total=5/10, idle=5/5, active=0, waiting=0)
-2025-08-17 03:55:31.904 -DEBUG 30417 --- [l-1:housekeeper] com.zaxxer.hikari.pool.HikariPool        : HikariPool-1 - Fill pool skipped, pool has sufficient level or currently being filled.
-2025-08-17 03:55:51.703 -DEBUG 30417 --- [l-1:housekeeper] com.zaxxer.hikari.pool.HikariPool        : HikariPool-1 - keepalive: connection com.mysql.cj.jdbc.ConnectionImpl@20156247 is alive
-2025-08-17 03:56:01.892 -DEBUG 30417 --- [l-1:housekeeper] com.zaxxer.hikari.pool.HikariPool        : HikariPool-1 - Before cleanup stats (total=5/10, idle=5/5, active=0, waiting=0)
-2025-08-17 03:56:01.893 -DEBUG 30417 --- [l-1:housekeeper] com.zaxxer.hikari.pool.HikariPool        : HikariPool-1 - After  cleanup stats (total=5/10, idle=5/5, active=0, waiting=0)
-2025-08-17 03:56:01.893 -DEBUG 30417 --- [l-1:housekeeper] com.zaxxer.hikari.pool.HikariPool        : HikariPool-1 - Fill pool skipped, pool has sufficient level or currently being filled.
-2025-08-17 03:56:07.664 -DEBUG 30417 --- [l-1:housekeeper] com.zaxxer.hikari.pool.HikariPool        : HikariPool-1 - keepalive: connection com.mysql.cj.jdbc.ConnectionImpl@13c732e6 is alive
-2025-08-17 03:56:18.680 -DEBUG 30417 --- [nnection-closer] com.zaxxer.hikari.pool.PoolBase          : HikariPool-1 - Closing connection com.mysql.cj.jdbc.ConnectionImpl@18e2d7ef: (connection has passed maxLifetime)
-2025-08-17 03:56:18.682 -DEBUG 30417 --- [onnection-adder] com.zaxxer.hikari.pool.PoolBase          : HikariPool-1 - Attempting to create/setup new connection (5b4c8e82-b9ad-4893-af92-86702141475e)
-2025-08-17 03:56:18.787 -DEBUG 30417 --- [onnection-adder] com.zaxxer.hikari.pool.PoolBase          : HikariPool-1 - Established new connection (5b4c8e82-b9ad-4893-af92-86702141475e)
-2025-08-17 03:56:18.787 -DEBUG 30417 --- [onnection-adder] com.zaxxer.hikari.pool.HikariPool        : HikariPool-1 - Added connection com.mysql.cj.jdbc.ConnectionImpl@17c91f6c
-2025-08-17 03:56:31.899 -DEBUG 30417 --- [l-1:housekeeper] com.zaxxer.hikari.pool.HikariPool        : HikariPool-1 - Before cleanup stats (total=5/10, idle=5/5, active=0, waiting=0)
-2025-08-17 03:56:31.900 -DEBUG 30417 --- [l-1:housekeeper] com.zaxxer.hikari.pool.HikariPool        : HikariPool-1 - After  cleanup stats (total=5/10, idle=5/5, active=0, waiting=0)
-2025-08-17 03:56:31.900 -DEBUG 30417 --- [l-1:housekeeper] com.zaxxer.hikari.pool.HikariPool        : HikariPool-1 - Fill pool skipped, pool has sufficient level or currently being filled.
-2025-08-17 03:56:32.680 -DEBUG 30417 --- [l-1:housekeeper] com.zaxxer.hikari.pool.HikariPool        : HikariPool-1 - keepalive: connection com.mysql.cj.jdbc.ConnectionImpl@1fbb4ad is alive
-2025-08-17 03:56:34.141 -DEBUG 30417 --- [nnection-closer] com.zaxxer.hikari.pool.PoolBase          : HikariPool-1 - Closing connection com.mysql.cj.jdbc.ConnectionImpl@1fbb4ad: (connection has passed maxLifetime)
-2025-08-17 03:56:34.141 -DEBUG 30417 --- [onnection-adder] com.zaxxer.hikari.pool.PoolBase          : HikariPool-1 - Attempting to create/setup new connection (2c4bf06e-ed0d-466f-8f79-7b644e4e27bd)
-2025-08-17 03:56:34.209 -DEBUG 30417 --- [onnection-adder] com.zaxxer.hikari.pool.PoolBase          : HikariPool-1 - Established new connection (2c4bf06e-ed0d-466f-8f79-7b644e4e27bd)
-2025-08-17 03:56:34.210 -DEBUG 30417 --- [onnection-adder] com.zaxxer.hikari.pool.HikariPool        : HikariPool-1 - Added connection com.mysql.cj.jdbc.ConnectionImpl@1eefe18
-2025-08-17 03:57:01.909 -DEBUG 30417 --- [l-1:housekeeper] com.zaxxer.hikari.pool.HikariPool        : HikariPool-1 - Before cleanup stats (total=5/10, idle=5/5, active=0, waiting=0)
-2025-08-17 03:57:01.909 -DEBUG 30417 --- [l-1:housekeeper] com.zaxxer.hikari.pool.HikariPool        : HikariPool-1 - After  cleanup stats (total=5/10, idle=5/5, active=0, waiting=0)
-2025-08-17 03:57:01.909 -DEBUG 30417 --- [l-1:housekeeper] com.zaxxer.hikari.pool.HikariPool        : HikariPool-1 - Fill pool skipped, pool has sufficient level or currently being filled.
-2025-08-17 03:57:04.155 -DEBUG 30417 --- [l-1:housekeeper] com.zaxxer.hikari.pool.HikariPool        : HikariPool-1 - keepalive: connection com.mysql.cj.jdbc.ConnectionImpl@6dcf961a is alive
-2025-08-17 03:57:20.225 -DEBUG 30417 --- [nnection-closer] com.zaxxer.hikari.pool.PoolBase          : HikariPool-1 - Closing connection com.mysql.cj.jdbc.ConnectionImpl@6dcf961a: (connection has passed maxLifetime)
-2025-08-17 03:57:20.225 -DEBUG 30417 --- [onnection-adder] com.zaxxer.hikari.pool.PoolBase          : HikariPool-1 - Attempting to create/setup new connection (8d611055-8c85-49bc-b196-04846174d8b1)
-2025-08-17 03:57:20.309 -DEBUG 30417 --- [onnection-adder] com.zaxxer.hikari.pool.PoolBase          : HikariPool-1 - Established new connection (8d611055-8c85-49bc-b196-04846174d8b1)
-2025-08-17 03:57:20.310 -DEBUG 30417 --- [onnection-adder] com.zaxxer.hikari.pool.HikariPool        : HikariPool-1 - Added connection com.mysql.cj.jdbc.ConnectionImpl@7bef6cd7
-2025-08-17 03:57:31.918 -DEBUG 30417 --- [l-1:housekeeper] com.zaxxer.hikari.pool.HikariPool        : HikariPool-1 - Before cleanup stats (total=5/10, idle=5/5, active=0, waiting=0)
-2025-08-17 03:57:31.919 -DEBUG 30417 --- [l-1:housekeeper] com.zaxxer.hikari.pool.HikariPool        : HikariPool-1 - After  cleanup stats (total=5/10, idle=5/5, active=0, waiting=0)
-2025-08-17 03:57:31.919 -DEBUG 30417 --- [l-1:housekeeper] com.zaxxer.hikari.pool.HikariPool        : HikariPool-1 - Fill pool skipped, pool has sufficient level or currently being filled.
-2025-08-17 03:57:43.633 -DEBUG 30417 --- [l-1:housekeeper] com.zaxxer.hikari.pool.HikariPool        : HikariPool-1 - keepalive: connection com.mysql.cj.jdbc.ConnectionImpl@20156247 is alive
-2025-08-17 03:58:00.588 -DEBUG 30417 --- [l-1:housekeeper] com.zaxxer.hikari.pool.HikariPool        : HikariPool-1 - keepalive: connection com.mysql.cj.jdbc.ConnectionImpl@13c732e6 is alive
-2025-08-17 03:58:01.921 -DEBUG 30417 --- [l-1:housekeeper] com.zaxxer.hikari.pool.HikariPool        : HikariPool-1 - Before cleanup stats (total=5/10, idle=5/5, active=0, waiting=0)
-2025-08-17 03:58:01.921 -DEBUG 30417 --- [l-1:housekeeper] com.zaxxer.hikari.pool.HikariPool        : HikariPool-1 - After  cleanup stats (total=5/10, idle=5/5, active=0, waiting=0)
-2025-08-17 03:58:01.921 -DEBUG 30417 --- [l-1:housekeeper] com.zaxxer.hikari.pool.HikariPool        : HikariPool-1 - Fill pool skipped, pool has sufficient level or currently being filled.
-2025-08-17 03:58:03.279 -DEBUG 30417 --- [l-1:housekeeper] com.zaxxer.hikari.pool.HikariPool        : HikariPool-1 - keepalive: connection com.mysql.cj.jdbc.ConnectionImpl@17c91f6c is alive
-2025-08-17 03:58:16.863 -DEBUG 30417 --- [l-1:housekeeper] com.zaxxer.hikari.pool.HikariPool        : HikariPool-1 - keepalive: connection com.mysql.cj.jdbc.ConnectionImpl@1eefe18 is alive
-2025-08-17 03:58:20.207 -DEBUG 30417 --- [nnection-closer] com.zaxxer.hikari.pool.PoolBase          : HikariPool-1 - Closing connection com.mysql.cj.jdbc.ConnectionImpl@13c732e6: (connection has passed maxLifetime)
-2025-08-17 03:58:20.208 -DEBUG 30417 --- [onnection-adder] com.zaxxer.hikari.pool.PoolBase          : HikariPool-1 - Attempting to create/setup new connection (d7ba6863-c691-4fec-8f51-6c30d46692af)
-2025-08-17 03:58:20.295 -DEBUG 30417 --- [onnection-adder] com.zaxxer.hikari.pool.PoolBase          : HikariPool-1 - Established new connection (d7ba6863-c691-4fec-8f51-6c30d46692af)
-2025-08-17 03:58:20.296 -DEBUG 30417 --- [onnection-adder] com.zaxxer.hikari.pool.HikariPool        : HikariPool-1 - Added connection com.mysql.cj.jdbc.ConnectionImpl@341d8db0
-2025-08-17 03:58:31.921 -DEBUG 30417 --- [l-1:housekeeper] com.zaxxer.hikari.pool.HikariPool        : HikariPool-1 - Before cleanup stats (total=5/10, idle=5/5, active=0, waiting=0)
-2025-08-17 03:58:31.921 -DEBUG 30417 --- [l-1:housekeeper] com.zaxxer.hikari.pool.HikariPool        : HikariPool-1 - After  cleanup stats (total=5/10, idle=5/5, active=0, waiting=0)
-2025-08-17 03:58:31.922 -DEBUG 30417 --- [l-1:housekeeper] com.zaxxer.hikari.pool.HikariPool        : HikariPool-1 - Fill pool skipped, pool has sufficient level or currently being filled.
-2025-08-17 03:59:01.930 -DEBUG 30417 --- [l-1:housekeeper] com.zaxxer.hikari.pool.HikariPool        : HikariPool-1 - Before cleanup stats (total=5/10, idle=5/5, active=0, waiting=0)
-2025-08-17 03:59:01.931 -DEBUG 30417 --- [l-1:housekeeper] com.zaxxer.hikari.pool.HikariPool        : HikariPool-1 - After  cleanup stats (total=5/10, idle=5/5, active=0, waiting=0)
-2025-08-17 03:59:01.931 -DEBUG 30417 --- [l-1:housekeeper] com.zaxxer.hikari.pool.HikariPool        : HikariPool-1 - Fill pool skipped, pool has sufficient level or currently being filled.
-2025-08-17 03:59:19.224 -DEBUG 30417 --- [l-1:housekeeper] com.zaxxer.hikari.pool.HikariPool        : HikariPool-1 - keepalive: connection com.mysql.cj.jdbc.ConnectionImpl@7bef6cd7 is alive
-2025-08-17 03:59:31.935 -DEBUG 30417 --- [l-1:housekeeper] com.zaxxer.hikari.pool.HikariPool        : HikariPool-1 - Before cleanup stats (total=5/10, idle=5/5, active=0, waiting=0)
-2025-08-17 03:59:31.935 -DEBUG 30417 --- [l-1:housekeeper] com.zaxxer.hikari.pool.HikariPool        : HikariPool-1 - After  cleanup stats (total=5/10, idle=5/5, active=0, waiting=0)
-2025-08-17 03:59:31.935 -DEBUG 30417 --- [l-1:housekeeper] com.zaxxer.hikari.pool.HikariPool        : HikariPool-1 - Fill pool skipped, pool has sufficient level or currently being filled.
-2025-08-17 03:59:35.565 -DEBUG 30417 --- [l-1:housekeeper] com.zaxxer.hikari.pool.HikariPool        : HikariPool-1 - keepalive: connection com.mysql.cj.jdbc.ConnectionImpl@20156247 is alive
-2025-08-17 03:59:47.781 -DEBUG 30417 --- [l-1:housekeeper] com.zaxxer.hikari.pool.HikariPool        : HikariPool-1 - keepalive: connection com.mysql.cj.jdbc.ConnectionImpl@17c91f6c is alive
-2025-08-17 03:59:59.517 -DEBUG 30417 --- [l-1:housekeeper] com.zaxxer.hikari.pool.HikariPool        : HikariPool-1 - keepalive: connection com.mysql.cj.jdbc.ConnectionImpl@1eefe18 is alive
-2025-08-17 04:00:01.939 -DEBUG 30417 --- [l-1:housekeeper] com.zaxxer.hikari.pool.HikariPool        : HikariPool-1 - Before cleanup stats (total=5/10, idle=5/5, active=0, waiting=0)
-2025-08-17 04:00:01.939 -DEBUG 30417 --- [l-1:housekeeper] com.zaxxer.hikari.pool.HikariPool        : HikariPool-1 - After  cleanup stats (total=5/10, idle=5/5, active=0, waiting=0)
-2025-08-17 04:00:01.939 -DEBUG 30417 --- [l-1:housekeeper] com.zaxxer.hikari.pool.HikariPool        : HikariPool-1 - Fill pool skipped, pool has sufficient level or currently being filled.
-2025-08-17 04:00:06.861 -DEBUG 30417 --- [l-1:housekeeper] com.zaxxer.hikari.pool.HikariPool        : HikariPool-1 - keepalive: connection com.mysql.cj.jdbc.ConnectionImpl@341d8db0 is alive
-2025-08-17 04:00:31.948 -DEBUG 30417 --- [l-1:housekeeper] com.zaxxer.hikari.pool.HikariPool        : HikariPool-1 - Before cleanup stats (total=5/10, idle=5/5, active=0, waiting=0)
-2025-08-17 04:00:31.948 -DEBUG 30417 --- [l-1:housekeeper] com.zaxxer.hikari.pool.HikariPool        : HikariPool-1 - After  cleanup stats (total=5/10, idle=5/5, active=0, waiting=0)
-2025-08-17 04:00:31.948 -DEBUG 30417 --- [l-1:housekeeper] com.zaxxer.hikari.pool.HikariPool        : HikariPool-1 - Fill pool skipped, pool has sufficient level or currently being filled.
-2025-08-17 04:01:01.952 -DEBUG 30417 --- [l-1:housekeeper] com.zaxxer.hikari.pool.HikariPool        : HikariPool-1 - Before cleanup stats (total=5/10, idle=5/5, active=0, waiting=0)
-2025-08-17 04:01:01.952 -DEBUG 30417 --- [l-1:housekeeper] com.zaxxer.hikari.pool.HikariPool        : HikariPool-1 - After  cleanup stats (total=5/10, idle=5/5, active=0, waiting=0)
-2025-08-17 04:01:01.952 -DEBUG 30417 --- [l-1:housekeeper] com.zaxxer.hikari.pool.HikariPool        : HikariPool-1 - Fill pool skipped, pool has sufficient level or currently being filled.
-2025-08-17 04:01:18.136 -DEBUG 30417 --- [l-1:housekeeper] com.zaxxer.hikari.pool.HikariPool        : HikariPool-1 - keepalive: connection com.mysql.cj.jdbc.ConnectionImpl@7bef6cd7 is alive
-2025-08-17 04:01:27.498 -DEBUG 30417 --- [l-1:housekeeper] com.zaxxer.hikari.pool.HikariPool        : HikariPool-1 - keepalive: connection com.mysql.cj.jdbc.ConnectionImpl@20156247 is alive
-2025-08-17 04:01:29.279 -DEBUG 30417 --- [nnection-closer] com.zaxxer.hikari.pool.PoolBase          : HikariPool-1 - Closing connection com.mysql.cj.jdbc.ConnectionImpl@20156247: (connection has passed maxLifetime)
-2025-08-17 04:01:29.281 -DEBUG 30417 --- [onnection-adder] com.zaxxer.hikari.pool.PoolBase          : HikariPool-1 - Attempting to create/setup new connection (66136f5f-170c-450a-b400-0abbd4751cad)
-2025-08-17 04:01:29.369 -DEBUG 30417 --- [onnection-adder] com.zaxxer.hikari.pool.PoolBase          : HikariPool-1 - Established new connection (66136f5f-170c-450a-b400-0abbd4751cad)
-2025-08-17 04:01:29.370 -DEBUG 30417 --- [onnection-adder] com.zaxxer.hikari.pool.HikariPool        : HikariPool-1 - Added connection com.mysql.cj.jdbc.ConnectionImpl@7f583af
-2025-08-17 04:01:31.962 -DEBUG 30417 --- [l-1:housekeeper] com.zaxxer.hikari.pool.HikariPool        : HikariPool-1 - Before cleanup stats (total=5/10, idle=5/5, active=0, waiting=0)
-2025-08-17 04:01:31.962 -DEBUG 30417 --- [l-1:housekeeper] com.zaxxer.hikari.pool.HikariPool        : HikariPool-1 - After  cleanup stats (total=5/10, idle=5/5, active=0, waiting=0)
-2025-08-17 04:01:31.962 -DEBUG 30417 --- [l-1:housekeeper] com.zaxxer.hikari.pool.HikariPool        : HikariPool-1 - Fill pool skipped, pool has sufficient level or currently being filled.
-2025-08-17 04:01:32.277 -DEBUG 30417 --- [l-1:housekeeper] com.zaxxer.hikari.pool.HikariPool        : HikariPool-1 - keepalive: connection com.mysql.cj.jdbc.ConnectionImpl@17c91f6c is alive
-2025-08-17 04:01:42.166 -DEBUG 30417 --- [l-1:housekeeper] com.zaxxer.hikari.pool.HikariPool        : HikariPool-1 - keepalive: connection com.mysql.cj.jdbc.ConnectionImpl@1eefe18 is alive
-2025-08-17 04:01:53.430 -DEBUG 30417 --- [l-1:housekeeper] com.zaxxer.hikari.pool.HikariPool        : HikariPool-1 - keepalive: connection com.mysql.cj.jdbc.ConnectionImpl@341d8db0 is alive
-2025-08-17 04:02:01.963 -DEBUG 30417 --- [l-1:housekeeper] com.zaxxer.hikari.pool.HikariPool        : HikariPool-1 - Before cleanup stats (total=5/10, idle=5/5, active=0, waiting=0)
-2025-08-17 04:02:01.963 -DEBUG 30417 --- [l-1:housekeeper] com.zaxxer.hikari.pool.HikariPool        : HikariPool-1 - After  cleanup stats (total=5/10, idle=5/5, active=0, waiting=0)
-2025-08-17 04:02:01.963 -DEBUG 30417 --- [l-1:housekeeper] com.zaxxer.hikari.pool.HikariPool        : HikariPool-1 - Fill pool skipped, pool has sufficient level or currently being filled.
-2025-08-17 04:02:31.971 -DEBUG 30417 --- [l-1:housekeeper] com.zaxxer.hikari.pool.HikariPool        : HikariPool-1 - Before cleanup stats (total=5/10, idle=5/5, active=0, waiting=0)
-2025-08-17 04:02:31.972 -DEBUG 30417 --- [l-1:housekeeper] com.zaxxer.hikari.pool.HikariPool        : HikariPool-1 - After  cleanup stats (total=5/10, idle=5/5, active=0, waiting=0)
-2025-08-17 04:02:31.972 -DEBUG 30417 --- [l-1:housekeeper] com.zaxxer.hikari.pool.HikariPool        : HikariPool-1 - Fill pool skipped, pool has sufficient level or currently being filled.
-2025-08-17 04:03:01.981 -DEBUG 30417 --- [l-1:housekeeper] com.zaxxer.hikari.pool.HikariPool        : HikariPool-1 - Before cleanup stats (total=5/10, idle=5/5, active=0, waiting=0)
-2025-08-17 04:03:01.981 -DEBUG 30417 --- [l-1:housekeeper] com.zaxxer.hikari.pool.HikariPool        : HikariPool-1 - After  cleanup stats (total=5/10, idle=5/5, active=0, waiting=0)
-2025-08-17 04:03:01.981 -DEBUG 30417 --- [l-1:housekeeper] com.zaxxer.hikari.pool.HikariPool        : HikariPool-1 - Fill pool skipped, pool has sufficient level or currently being filled.
-2025-08-17 04:03:16.781 -DEBUG 30417 --- [l-1:housekeeper] com.zaxxer.hikari.pool.HikariPool        : HikariPool-1 - keepalive: connection com.mysql.cj.jdbc.ConnectionImpl@17c91f6c is alive
-2025-08-17 04:03:17.053 -DEBUG 30417 --- [l-1:housekeeper] com.zaxxer.hikari.pool.HikariPool        : HikariPool-1 - keepalive: connection com.mysql.cj.jdbc.ConnectionImpl@7bef6cd7 is alive
-2025-08-17 04:03:24.532 -DEBUG 30417 --- [l-1:housekeeper] com.zaxxer.hikari.pool.HikariPool        : HikariPool-1 - keepalive: connection com.mysql.cj.jdbc.ConnectionImpl@7f583af is alive
-2025-08-17 04:03:24.825 -DEBUG 30417 --- [l-1:housekeeper] com.zaxxer.hikari.pool.HikariPool        : HikariPool-1 - keepalive: connection com.mysql.cj.jdbc.ConnectionImpl@1eefe18 is alive
-2025-08-17 04:03:31.986 -DEBUG 30417 --- [l-1:housekeeper] com.zaxxer.hikari.pool.HikariPool        : HikariPool-1 - Before cleanup stats (total=5/10, idle=5/5, active=0, waiting=0)
-2025-08-17 04:03:31.986 -DEBUG 30417 --- [l-1:housekeeper] com.zaxxer.hikari.pool.HikariPool        : HikariPool-1 - After  cleanup stats (total=5/10, idle=5/5, active=0, waiting=0)
-2025-08-17 04:03:31.986 -DEBUG 30417 --- [l-1:housekeeper] com.zaxxer.hikari.pool.HikariPool        : HikariPool-1 - Fill pool skipped, pool has sufficient level or currently being filled.
-2025-08-17 04:03:40.002 -DEBUG 30417 --- [l-1:housekeeper] com.zaxxer.hikari.pool.HikariPool        : HikariPool-1 - keepalive: connection com.mysql.cj.jdbc.ConnectionImpl@341d8db0 is alive
-2025-08-17 04:04:01.986 -DEBUG 30417 --- [l-1:housekeeper] com.zaxxer.hikari.pool.HikariPool        : HikariPool-1 - Before cleanup stats (total=5/10, idle=5/5, active=0, waiting=0)
-2025-08-17 04:04:01.987 -DEBUG 30417 --- [l-1:housekeeper] com.zaxxer.hikari.pool.HikariPool        : HikariPool-1 - After  cleanup stats (total=5/10, idle=5/5, active=0, waiting=0)
-2025-08-17 04:04:01.987 -DEBUG 30417 --- [l-1:housekeeper] com.zaxxer.hikari.pool.HikariPool        : HikariPool-1 - Fill pool skipped, pool has sufficient level or currently being filled.
-2025-08-17 04:04:31.996 -DEBUG 30417 --- [l-1:housekeeper] com.zaxxer.hikari.pool.HikariPool        : HikariPool-1 - Before cleanup stats (total=5/10, idle=5/5, active=0, waiting=0)
-2025-08-17 04:04:31.997 -DEBUG 30417 --- [l-1:housekeeper] com.zaxxer.hikari.pool.HikariPool        : HikariPool-1 - After  cleanup stats (total=5/10, idle=5/5, active=0, waiting=0)
-2025-08-17 04:04:31.997 -DEBUG 30417 --- [l-1:housekeeper] com.zaxxer.hikari.pool.HikariPool        : HikariPool-1 - Fill pool skipped, pool has sufficient level or currently being filled.
-2025-08-17 04:05:01.284 -DEBUG 30417 --- [l-1:housekeeper] com.zaxxer.hikari.pool.HikariPool        : HikariPool-1 - keepalive: connection com.mysql.cj.jdbc.ConnectionImpl@17c91f6c is alive
-2025-08-17 04:05:02.004 -DEBUG 30417 --- [l-1:housekeeper] com.zaxxer.hikari.pool.HikariPool        : HikariPool-1 - Before cleanup stats (total=5/10, idle=5/5, active=0, waiting=0)
-2025-08-17 04:05:02.004 -DEBUG 30417 --- [l-1:housekeeper] com.zaxxer.hikari.pool.HikariPool        : HikariPool-1 - After  cleanup stats (total=5/10, idle=5/5, active=0, waiting=0)
-2025-08-17 04:05:02.004 -DEBUG 30417 --- [l-1:housekeeper] com.zaxxer.hikari.pool.HikariPool        : HikariPool-1 - Fill pool skipped, pool has sufficient level or currently being filled.
-2025-08-17 04:05:07.485 -DEBUG 30417 --- [l-1:housekeeper] com.zaxxer.hikari.pool.HikariPool        : HikariPool-1 - keepalive: connection com.mysql.cj.jdbc.ConnectionImpl@1eefe18 is alive
-2025-08-17 04:05:15.972 -DEBUG 30417 --- [l-1:housekeeper] com.zaxxer.hikari.pool.HikariPool        : HikariPool-1 - keepalive: connection com.mysql.cj.jdbc.ConnectionImpl@7bef6cd7 is alive
-2025-08-17 04:05:19.695 -DEBUG 30417 --- [l-1:housekeeper] com.zaxxer.hikari.pool.HikariPool        : HikariPool-1 - keepalive: connection com.mysql.cj.jdbc.ConnectionImpl@7f583af is alive
-2025-08-17 04:05:26.576 -DEBUG 30417 --- [l-1:housekeeper] com.zaxxer.hikari.pool.HikariPool        : HikariPool-1 - keepalive: connection com.mysql.cj.jdbc.ConnectionImpl@341d8db0 is alive
-2025-08-17 04:05:32.011 -DEBUG 30417 --- [l-1:housekeeper] com.zaxxer.hikari.pool.HikariPool        : HikariPool-1 - Before cleanup stats (total=5/10, idle=5/5, active=0, waiting=0)
-2025-08-17 04:05:32.011 -DEBUG 30417 --- [l-1:housekeeper] com.zaxxer.hikari.pool.HikariPool        : HikariPool-1 - After  cleanup stats (total=5/10, idle=5/5, active=0, waiting=0)
-2025-08-17 04:05:32.011 -DEBUG 30417 --- [l-1:housekeeper] com.zaxxer.hikari.pool.HikariPool        : HikariPool-1 - Fill pool skipped, pool has sufficient level or currently being filled.
-2025-08-17 04:06:02.020 -DEBUG 30417 --- [l-1:housekeeper] com.zaxxer.hikari.pool.HikariPool        : HikariPool-1 - Before cleanup stats (total=5/10, idle=5/5, active=0, waiting=0)
-2025-08-17 04:06:02.021 -DEBUG 30417 --- [l-1:housekeeper] com.zaxxer.hikari.pool.HikariPool        : HikariPool-1 - After  cleanup stats (total=5/10, idle=5/5, active=0, waiting=0)
-2025-08-17 04:06:02.021 -DEBUG 30417 --- [l-1:housekeeper] com.zaxxer.hikari.pool.HikariPool        : HikariPool-1 - Fill pool skipped, pool has sufficient level or currently being filled.
-2025-08-17 04:06:32.028 -DEBUG 30417 --- [l-1:housekeeper] com.zaxxer.hikari.pool.HikariPool        : HikariPool-1 - Before cleanup stats (total=5/10, idle=5/5, active=0, waiting=0)
-2025-08-17 04:06:32.029 -DEBUG 30417 --- [l-1:housekeeper] com.zaxxer.hikari.pool.HikariPool        : HikariPool-1 - After  cleanup stats (total=5/10, idle=5/5, active=0, waiting=0)
-2025-08-17 04:06:32.029 -DEBUG 30417 --- [l-1:housekeeper] com.zaxxer.hikari.pool.HikariPool        : HikariPool-1 - Fill pool skipped, pool has sufficient level or currently being filled.
-2025-08-17 04:06:45.783 -DEBUG 30417 --- [l-1:housekeeper] com.zaxxer.hikari.pool.HikariPool        : HikariPool-1 - keepalive: connection com.mysql.cj.jdbc.ConnectionImpl@17c91f6c is alive
-2025-08-17 04:06:50.134 -DEBUG 30417 --- [l-1:housekeeper] com.zaxxer.hikari.pool.HikariPool        : HikariPool-1 - keepalive: connection com.mysql.cj.jdbc.ConnectionImpl@1eefe18 is alive
-2025-08-17 04:07:02.036 -DEBUG 30417 --- [l-1:housekeeper] com.zaxxer.hikari.pool.HikariPool        : HikariPool-1 - Before cleanup stats (total=5/10, idle=5/5, active=0, waiting=0)
-2025-08-17 04:07:02.037 -DEBUG 30417 --- [l-1:housekeeper] com.zaxxer.hikari.pool.HikariPool        : HikariPool-1 - After  cleanup stats (total=5/10, idle=5/5, active=0, waiting=0)
-2025-08-17 04:07:02.037 -DEBUG 30417 --- [l-1:housekeeper] com.zaxxer.hikari.pool.HikariPool        : HikariPool-1 - Fill pool skipped, pool has sufficient level or currently being filled.
-2025-08-17 04:07:13.149 -DEBUG 30417 --- [l-1:housekeeper] com.zaxxer.hikari.pool.HikariPool        : HikariPool-1 - keepalive: connection com.mysql.cj.jdbc.ConnectionImpl@341d8db0 is alive
-2025-08-17 04:07:14.852 -DEBUG 30417 --- [l-1:housekeeper] com.zaxxer.hikari.pool.HikariPool        : HikariPool-1 - keepalive: connection com.mysql.cj.jdbc.ConnectionImpl@7f583af is alive
-2025-08-17 04:07:14.880 -DEBUG 30417 --- [l-1:housekeeper] com.zaxxer.hikari.pool.HikariPool        : HikariPool-1 - keepalive: connection com.mysql.cj.jdbc.ConnectionImpl@7bef6cd7 is alive
-2025-08-17 04:07:16.710 -DEBUG 30417 --- [nio-8080-exec-6] s.w.s.m.m.a.RequestMappingHandlerMapping : Mapped to com.pullit.exam.controller.ExamController#getFilterOptions()
-2025-08-17 04:07:16.819 -DEBUG 30417 --- [nio-8080-exec-6] org.hibernate.SQL                        : 
    select
        s1_0.grade_name,
        count(e1_0.exam_id) 
    from
        exams e1_0 
    left join
        subjects s1_0 
            on s1_0.subject_id=e1_0.subject_id 
    where
        (
            s1_0.grade_code is not null 
            or s1_0.grade_name is not null
        ) 
    group by
        s1_0.grade_name
-Hibernate: 
    select
        s1_0.grade_name,
        count(e1_0.exam_id) 
    from
        exams e1_0 
    left join
        subjects s1_0 
            on s1_0.subject_id=e1_0.subject_id 
    where
        (
            s1_0.grade_code is not null 
            or s1_0.grade_name is not null
        ) 
    group by
        s1_0.grade_name
2025-08-17 04:07:16.836 -DEBUG 30417 --- [nio-8080-exec-6] org.hibernate.SQL                        : 
    select
        ue1_0.grade_name,
        count(ue1_0.exam_id) 
    from
        user_exams ue1_0 
    where
        (
            ue1_0.deleted_date IS NULL
        ) 
        and ue1_0.deleted_date is null 
    group by
        ue1_0.grade_name
-Hibernate: 
    select
        ue1_0.grade_name,
        count(ue1_0.exam_id) 
    from
        user_exams ue1_0 
    where
        (
            ue1_0.deleted_date IS NULL
        ) 
        and ue1_0.deleted_date is null 
    group by
        ue1_0.grade_name
2025-08-17 04:07:16.987 -DEBUG 30417 --- [nio-8080-exec-6] org.hibernate.SQL                        : 
    select
        s1_0.area_name,
        count(e1_0.exam_id) 
    from
        exams e1_0 
    left join
        subjects s1_0 
            on s1_0.subject_id=e1_0.subject_id 
    where
        (
            s1_0.area_code is not null 
            or s1_0.area_name is not null
        ) 
    group by
        s1_0.area_name
-Hibernate: 
    select
        s1_0.area_name,
        count(e1_0.exam_id) 
    from
        exams e1_0 
    left join
        subjects s1_0 
            on s1_0.subject_id=e1_0.subject_id 
    where
        (
            s1_0.area_code is not null 
            or s1_0.area_name is not null
        ) 
    group by
        s1_0.area_name
2025-08-17 04:07:16.998 -DEBUG 30417 --- [nio-8080-exec-6] org.hibernate.SQL                        : 
    select
        ue1_0.area_name,
        count(ue1_0.exam_id) 
    from
        user_exams ue1_0 
    where
        (
            ue1_0.deleted_date IS NULL
        ) 
        and ue1_0.deleted_date is null 
    group by
        ue1_0.area_name
-Hibernate: 
    select
        ue1_0.area_name,
        count(ue1_0.exam_id) 
    from
        user_exams ue1_0 
    where
        (
            ue1_0.deleted_date IS NULL
        ) 
        and ue1_0.deleted_date is null 
    group by
        ue1_0.area_name
2025-08-17 04:07:17.006 -DEBUG 30417 --- [nio-8080-exec-6] org.hibernate.SQL                        : 
    select
        s1_0.term_name,
        count(e1_0.exam_id) 
    from
        exams e1_0 
    left join
        subjects s1_0 
            on s1_0.subject_id=e1_0.subject_id 
    where
        (
            s1_0.term_code is not null 
            or s1_0.term_name is not null
        ) 
    group by
        s1_0.term_name
-Hibernate: 
    select
        s1_0.term_name,
        count(e1_0.exam_id) 
    from
        exams e1_0 
    left join
        subjects s1_0 
            on s1_0.subject_id=e1_0.subject_id 
    where
        (
            s1_0.term_code is not null 
            or s1_0.term_name is not null
        ) 
    group by
        s1_0.term_name
2025-08-17 04:07:17.174 -DEBUG 30417 --- [nio-8080-exec-6] o.s.w.s.m.m.a.HttpEntityMethodProcessor  : Using 'application/json', given [application/json, text/plain, */*] and supported [application/json, application/*+json, application/yaml]
-2025-08-17 04:07:17.175 -DEBUG 30417 --- [nio-8080-exec-6] o.s.w.s.m.m.a.HttpEntityMethodProcessor  : Writing [com.pullit.common.dto.response.ApiResponse@873aaa7]
-2025-08-17 04:07:17.184 -DEBUG 30417 --- [nio-8080-exec-7] s.w.s.m.m.a.RequestMappingHandlerMapping : Mapped to com.pullit.exam.controller.ExamController#getMyExams(Long, int, int, String, String)
-2025-08-17 04:07:17.335 -DEBUG 30417 --- [nio-8080-exec-7] org.hibernate.SQL                        : 
    select
        ue1_0.exam_id,
        ue1_0.answer_pdf_url,
        ue1_0.area_code,
        ue1_0.area_name,
        ue1_0.class_id,
        ue1_0.created_by,
        ue1_0.created_date,
        ue1_0.deleted_by,
        ue1_0.deleted_date,
        ue1_0.description,
        ue1_0.exam_date,
        ue1_0.exam_name,
        ue1_0.exam_type,
        ue1_0.grade_code,
        ue1_0.grade_name,
        ue1_0.pdf_generated_at,
        ue1_0.pdf_url,
        ue1_0.term_code,
        ue1_0.term_name,
        ue1_0.time_limit,
        ue1_0.total_items,
        ue1_0.total_points,
        ue1_0.updated_by,
        ue1_0.updated_date,
        ue1_0.visibility 
    from
        user_exams ue1_0 
    where
        (
            ue1_0.deleted_date IS NULL
        ) 
        and ue1_0.created_by=? 
        and ue1_0.deleted_date is null 
    order by
        ue1_0.updated_date desc,
        ue1_0.updated_date desc 
    limit
        ?
-Hibernate: 
    select
        ue1_0.exam_id,
        ue1_0.answer_pdf_url,
        ue1_0.area_code,
        ue1_0.area_name,
        ue1_0.class_id,
        ue1_0.created_by,
        ue1_0.created_date,
        ue1_0.deleted_by,
        ue1_0.deleted_date,
        ue1_0.description,
        ue1_0.exam_date,
        ue1_0.exam_name,
        ue1_0.exam_type,
        ue1_0.grade_code,
        ue1_0.grade_name,
        ue1_0.pdf_generated_at,
        ue1_0.pdf_url,
        ue1_0.term_code,
        ue1_0.term_name,
        ue1_0.time_limit,
        ue1_0.total_items,
        ue1_0.total_points,
        ue1_0.updated_by,
        ue1_0.updated_date,
        ue1_0.visibility 
    from
        user_exams ue1_0 
    where
        (
            ue1_0.deleted_date IS NULL
        ) 
        and ue1_0.created_by=? 
        and ue1_0.deleted_date is null 
    order by
        ue1_0.updated_date desc,
        ue1_0.updated_date desc 
    limit
        ?
2025-08-17 04:07:17.368 -DEBUG 30417 --- [nio-8080-exec-7] o.s.w.s.m.m.a.HttpEntityMethodProcessor  : Using 'application/json', given [application/json, text/plain, */*] and supported [application/json, application/*+json, application/yaml]
-2025-08-17 04:07:17.368 -DEBUG 30417 --- [nio-8080-exec-7] o.s.w.s.m.m.a.HttpEntityMethodProcessor  : Writing [com.pullit.common.dto.response.ApiResponse@37210d05]
-2025-08-17 04:07:17.378 -DEBUG 30417 --- [nio-8080-exec-8] s.w.s.m.m.a.RequestMappingHandlerMapping : Mapped to com.pullit.exam.controller.ExamController#searchExams(ExamSearchRequest)
-2025-08-17 04:07:17.381 - INFO 30417 --- [nio-8080-exec-8] c.pullit.exam.controller.ExamController  : 시험지 검색 요청: ExamSearchRequest(query=null, keyword=null, schoolLevel=null, grade=null, gradeCode=null, term=null, termCode=null, subjects=null, areaCode=null, chapters=null, minItems=null, maxItems=null, visibility=null, recentlyUpdated=null, myExams=null, schoolExams=null, publicExams=null, includeSystemExams=true, includeUserExams=true, sortBy=relevance, sortDirection=DESC, popularPeriod=null, page=0, size=1, hasPdf=null, hasAnswerPdf=null, pdfGeneratedFrom=null, pdfGeneratedTo=null, minTimeLimit=null, maxTimeLimit=null, examDateFrom=null, examDateTo=null, onlyTrending=null, minUseCount=null, minRating=null)
-2025-08-17 04:07:17.382 - INFO 30417 --- [nio-8080-exec-8] c.pullit.exam.controller.ExamController  : 검색 파라미터 - areaCode: null, gradeCode: null, termCode: null, keyword: null
-2025-08-17 04:07:17.382 - INFO 30417 --- [nio-8080-exec-8] c.pullit.exam.controller.ExamController  : Include flags - system: true, user: true
-2025-08-17 04:07:17.514 - INFO 30417 --- [nio-8080-exec-8] com.pullit.exam.service.ExamService      : searchAllExams 시작 - areaCode: null, includeSystem: true, includeUser: true
-=== ExamRepository searchExams 시작 ===
Request: ExamSearchRequest(query=null, keyword=null, schoolLevel=null, grade=null, gradeCode=null, term=null, termCode=null, subjects=null, areaCode=null, chapters=null, minItems=null, maxItems=null, visibility=null, recentlyUpdated=null, myExams=null, schoolExams=null, publicExams=null, includeSystemExams=true, includeUserExams=true, sortBy=relevance, sortDirection=DESC, popularPeriod=null, page=0, size=1, hasPdf=null, hasAnswerPdf=null, pdfGeneratedFrom=null, pdfGeneratedTo=null, minTimeLimit=null, maxTimeLimit=null, examDateFrom=null, examDateTo=null, onlyTrending=null, minUseCount=null, minRating=null)
areaCode: null
gradeCode: null
termCode: null
Pageable - page: 0, size: 2
=== buildSearchPredicate 시작 ===
areaCode: null
gradeCode: null
termCode: null
최종 조건: null
적용할 조건 없음
2025-08-17 04:07:17.516 -DEBUG 30417 --- [nio-8080-exec-8] org.hibernate.SQL                        : 
    select
        e1_0.exam_id,
        e1_0.created_by,
        e1_0.created_date,
        e1_0.exam_name,
        e1_0.file_url,
        e1_0.is_public,
        e1_0.item_count,
        e1_0.large_chapter_id,
        e1_0.large_chapter_name,
        e1_0.preview_url,
        s1_0.subject_id,
        s1_0.area_code,
        s1_0.area_name,
        s1_0.curriculum_code,
        s1_0.curriculum_name,
        s1_0.grade_code,
        s1_0.grade_name,
        s1_0.school_level_code,
        s1_0.school_level_name,
        s1_0.subject_name,
        s1_0.subject_thumbnail,
        s1_0.term_code,
        s1_0.term_name,
        e1_0.updated_by,
        e1_0.updated_date,
        e1_0.visibility 
    from
        exams e1_0 
    left join
        subjects s1_0 
            on s1_0.subject_id=e1_0.subject_id 
    order by
        e1_0.created_date desc 
    limit
        ?, ?
-Hibernate: 
    select
        e1_0.exam_id,
        e1_0.created_by,
        e1_0.created_date,
        e1_0.exam_name,
        e1_0.file_url,
        e1_0.is_public,
        e1_0.item_count,
        e1_0.large_chapter_id,
        e1_0.large_chapter_name,
        e1_0.preview_url,
        s1_0.subject_id,
        s1_0.area_code,
        s1_0.area_name,
        s1_0.curriculum_code,
        s1_0.curriculum_name,
        s1_0.grade_code,
        s1_0.grade_name,
        s1_0.school_level_code,
        s1_0.school_level_name,
        s1_0.subject_name,
        s1_0.subject_thumbnail,
        s1_0.term_code,
        s1_0.term_name,
        e1_0.updated_by,
        e1_0.updated_date,
        e1_0.visibility 
    from
        exams e1_0 
    left join
        subjects s1_0 
            on s1_0.subject_id=e1_0.subject_id 
    order by
        e1_0.created_date desc 
    limit
        ?, ?
=== 조회 결과 ===
조회된 시험지 수: 2
시험지 1: 중_ 국어 3-2(박)_1-더 읽어 보기_단원평가_1회_T셀파
  - ID: 1234
  - ItemCount: 2
  - Subject ID: 1203
  - Area: KO / 국어
시험지 2: 중_ 국어 3-2(박)_2-더 읽어 보기_단원평가_1회_T셀파
  - ID: 1290
  - ItemCount: 11
  - Subject ID: 1203
  - Area: KO / 국어
2025-08-17 04:07:17.529 -DEBUG 30417 --- [nio-8080-exec-8] org.hibernate.SQL                        : 
    select
        count(e1_0.exam_id) 
    from
        exams e1_0
-Hibernate: 
    select
        count(e1_0.exam_id) 
    from
        exams e1_0
전체 시험지 수: 1687
=== ExamRepository searchExams 종료 ===

2025-08-17 04:07:17.537 - INFO 30417 --- [nio-8080-exec-8] com.pullit.exam.service.ExamService      : 시스템 시험지 검색 결과: 2개 (전체: 1687개)
-2025-08-17 04:07:17.538 -DEBUG 30417 --- [nio-8080-exec-8] org.hibernate.SQL                        : 
    select
        ue1_0.exam_id,
        ue1_0.answer_pdf_url,
        ue1_0.area_code,
        ue1_0.area_name,
        ue1_0.class_id,
        ue1_0.created_by,
        ue1_0.created_date,
        ue1_0.deleted_by,
        ue1_0.deleted_date,
        ue1_0.description,
        ue1_0.exam_date,
        ue1_0.exam_name,
        ue1_0.exam_type,
        ue1_0.grade_code,
        ue1_0.grade_name,
        ue1_0.pdf_generated_at,
        ue1_0.pdf_url,
        ue1_0.term_code,
        ue1_0.term_name,
        ue1_0.time_limit,
        ue1_0.total_items,
        ue1_0.total_points,
        ue1_0.updated_by,
        ue1_0.updated_date,
        ue1_0.visibility 
    from
        user_exams ue1_0 
    where
        (
            ue1_0.deleted_date IS NULL
        ) 
        and ue1_0.deleted_date is null 
    order by
        ue1_0.updated_date desc 
    limit
        ?, ?
-Hibernate: 
    select
        ue1_0.exam_id,
        ue1_0.answer_pdf_url,
        ue1_0.area_code,
        ue1_0.area_name,
        ue1_0.class_id,
        ue1_0.created_by,
        ue1_0.created_date,
        ue1_0.deleted_by,
        ue1_0.deleted_date,
        ue1_0.description,
        ue1_0.exam_date,
        ue1_0.exam_name,
        ue1_0.exam_type,
        ue1_0.grade_code,
        ue1_0.grade_name,
        ue1_0.pdf_generated_at,
        ue1_0.pdf_url,
        ue1_0.term_code,
        ue1_0.term_name,
        ue1_0.time_limit,
        ue1_0.total_items,
        ue1_0.total_points,
        ue1_0.updated_by,
        ue1_0.updated_date,
        ue1_0.visibility 
    from
        user_exams ue1_0 
    where
        (
            ue1_0.deleted_date IS NULL
        ) 
        and ue1_0.deleted_date is null 
    order by
        ue1_0.updated_date desc 
    limit
        ?, ?
2025-08-17 04:07:17.680 -DEBUG 30417 --- [nio-8080-exec-8] org.hibernate.SQL                        : 
    select
        count(ue1_0.exam_id) 
    from
        user_exams ue1_0 
    where
        (
            ue1_0.deleted_date IS NULL
        ) 
        and ue1_0.deleted_date is null
-Hibernate: 
    select
        count(ue1_0.exam_id) 
    from
        user_exams ue1_0 
    where
        (
            ue1_0.deleted_date IS NULL
        ) 
        and ue1_0.deleted_date is null
2025-08-17 04:07:17.689 - INFO 30417 --- [nio-8080-exec-8] com.pullit.exam.service.ExamService      : 사용자 시험지 검색 결과: 0개 (전체: 0개)
-2025-08-17 04:07:17.689 - INFO 30417 --- [nio-8080-exec-8] com.pullit.exam.service.ExamService      : 최종 결과: 1개 반환 (전체: 1687개)
-2025-08-17 04:07:17.712 - INFO 30417 --- [nio-8080-exec-8] c.pullit.exam.controller.ExamController  : 검색 결과 - 총 1687개, 현재 페이지 1개
-2025-08-17 04:07:17.713 -DEBUG 30417 --- [nio-8080-exec-8] o.s.w.s.m.m.a.HttpEntityMethodProcessor  : Using 'application/json', given [application/json, text/plain, */*] and supported [application/json, application/*+json, application/yaml]
-2025-08-17 04:07:17.713 -DEBUG 30417 --- [nio-8080-exec-8] o.s.w.s.m.m.a.HttpEntityMethodProcessor  : Writing [com.pullit.common.dto.response.ApiResponse@2242f127]
-2025-08-17 04:07:17.726 -DEBUG 30417 --- [nio-8080-exec-9] s.w.s.m.m.a.RequestMappingHandlerMapping : Mapped to com.pullit.exam.controller.ExamController#searchExams(ExamSearchRequest)
-2025-08-17 04:07:17.727 - INFO 30417 --- [nio-8080-exec-9] c.pullit.exam.controller.ExamController  : 시험지 검색 요청: ExamSearchRequest(query=null, keyword=null, schoolLevel=null, grade=null, gradeCode=null, term=null, termCode=null, subjects=null, areaCode=null, chapters=null, minItems=null, maxItems=null, visibility=public, recentlyUpdated=null, myExams=null, schoolExams=null, publicExams=null, includeSystemExams=true, includeUserExams=true, sortBy=relevance, sortDirection=DESC, popularPeriod=null, page=0, size=1, hasPdf=null, hasAnswerPdf=null, pdfGeneratedFrom=null, pdfGeneratedTo=null, minTimeLimit=null, maxTimeLimit=null, examDateFrom=null, examDateTo=null, onlyTrending=null, minUseCount=null, minRating=null)
-2025-08-17 04:07:17.727 - INFO 30417 --- [nio-8080-exec-9] c.pullit.exam.controller.ExamController  : 검색 파라미터 - areaCode: null, gradeCode: null, termCode: null, keyword: null
-2025-08-17 04:07:17.727 - INFO 30417 --- [nio-8080-exec-9] c.pullit.exam.controller.ExamController  : Include flags - system: true, user: true
-2025-08-17 04:07:17.868 - INFO 30417 --- [nio-8080-exec-9] com.pullit.exam.service.ExamService      : searchAllExams 시작 - areaCode: null, includeSystem: true, includeUser: true
-=== ExamRepository searchExams 시작 ===
Request: ExamSearchRequest(query=null, keyword=null, schoolLevel=null, grade=null, gradeCode=null, term=null, termCode=null, subjects=null, areaCode=null, chapters=null, minItems=null, maxItems=null, visibility=public, recentlyUpdated=null, myExams=null, schoolExams=null, publicExams=null, includeSystemExams=true, includeUserExams=true, sortBy=relevance, sortDirection=DESC, popularPeriod=null, page=0, size=1, hasPdf=null, hasAnswerPdf=null, pdfGeneratedFrom=null, pdfGeneratedTo=null, minTimeLimit=null, maxTimeLimit=null, examDateFrom=null, examDateTo=null, onlyTrending=null, minUseCount=null, minRating=null)
areaCode: null
gradeCode: null
termCode: null
Pageable - page: 0, size: 2
=== buildSearchPredicate 시작 ===
areaCode: null
gradeCode: null
termCode: null
최종 조건: exam.visibility = PUBLIC
적용할 조건: exam.visibility = PUBLIC
2025-08-17 04:07:17.871 -DEBUG 30417 --- [nio-8080-exec-9] org.hibernate.SQL                        : 
    select
        e1_0.exam_id,
        e1_0.created_by,
        e1_0.created_date,
        e1_0.exam_name,
        e1_0.file_url,
        e1_0.is_public,
        e1_0.item_count,
        e1_0.large_chapter_id,
        e1_0.large_chapter_name,
        e1_0.preview_url,
        s1_0.subject_id,
        s1_0.area_code,
        s1_0.area_name,
        s1_0.curriculum_code,
        s1_0.curriculum_name,
        s1_0.grade_code,
        s1_0.grade_name,
        s1_0.school_level_code,
        s1_0.school_level_name,
        s1_0.subject_name,
        s1_0.subject_thumbnail,
        s1_0.term_code,
        s1_0.term_name,
        e1_0.updated_by,
        e1_0.updated_date,
        e1_0.visibility 
    from
        exams e1_0 
    left join
        subjects s1_0 
            on s1_0.subject_id=e1_0.subject_id 
    where
        e1_0.visibility=? 
    order by
        e1_0.created_date desc 
    limit
        ?, ?
-Hibernate: 
    select
        e1_0.exam_id,
        e1_0.created_by,
        e1_0.created_date,
        e1_0.exam_name,
        e1_0.file_url,
        e1_0.is_public,
        e1_0.item_count,
        e1_0.large_chapter_id,
        e1_0.large_chapter_name,
        e1_0.preview_url,
        s1_0.subject_id,
        s1_0.area_code,
        s1_0.area_name,
        s1_0.curriculum_code,
        s1_0.curriculum_name,
        s1_0.grade_code,
        s1_0.grade_name,
        s1_0.school_level_code,
        s1_0.school_level_name,
        s1_0.subject_name,
        s1_0.subject_thumbnail,
        s1_0.term_code,
        s1_0.term_name,
        e1_0.updated_by,
        e1_0.updated_date,
        e1_0.visibility 
    from
        exams e1_0 
    left join
        subjects s1_0 
            on s1_0.subject_id=e1_0.subject_id 
    where
        e1_0.visibility=? 
    order by
        e1_0.created_date desc 
    limit
        ?, ?
=== 조회 결과 ===
조회된 시험지 수: 2
시험지 1: 중_ 국어 3-2(박)_1-더 읽어 보기_단원평가_1회_T셀파
  - ID: 1234
  - ItemCount: 2
  - Subject ID: 1203
  - Area: KO / 국어
시험지 2: 중_ 국어 3-2(박)_2-더 읽어 보기_단원평가_1회_T셀파
  - ID: 1290
  - ItemCount: 11
  - Subject ID: 1203
  - Area: KO / 국어
2025-08-17 04:07:17.883 -DEBUG 30417 --- [nio-8080-exec-9] org.hibernate.SQL                        : 
    select
        count(e1_0.exam_id) 
    from
        exams e1_0 
    where
        e1_0.visibility=?
-Hibernate: 
    select
        count(e1_0.exam_id) 
    from
        exams e1_0 
    where
        e1_0.visibility=?
전체 시험지 수: 1687
=== ExamRepository searchExams 종료 ===

2025-08-17 04:07:17.892 - INFO 30417 --- [nio-8080-exec-9] com.pullit.exam.service.ExamService      : 시스템 시험지 검색 결과: 2개 (전체: 1687개)
-2025-08-17 04:07:17.893 -DEBUG 30417 --- [nio-8080-exec-9] org.hibernate.SQL                        : 
    select
        ue1_0.exam_id,
        ue1_0.answer_pdf_url,
        ue1_0.area_code,
        ue1_0.area_name,
        ue1_0.class_id,
        ue1_0.created_by,
        ue1_0.created_date,
        ue1_0.deleted_by,
        ue1_0.deleted_date,
        ue1_0.description,
        ue1_0.exam_date,
        ue1_0.exam_name,
        ue1_0.exam_type,
        ue1_0.grade_code,
        ue1_0.grade_name,
        ue1_0.pdf_generated_at,
        ue1_0.pdf_url,
        ue1_0.term_code,
        ue1_0.term_name,
        ue1_0.time_limit,
        ue1_0.total_items,
        ue1_0.total_points,
        ue1_0.updated_by,
        ue1_0.updated_date,
        ue1_0.visibility 
    from
        user_exams ue1_0 
    where
        (
            ue1_0.deleted_date IS NULL
        ) 
        and ue1_0.visibility=? 
        and ue1_0.deleted_date is null 
    order by
        ue1_0.updated_date desc 
    limit
        ?, ?
-Hibernate: 
    select
        ue1_0.exam_id,
        ue1_0.answer_pdf_url,
        ue1_0.area_code,
        ue1_0.area_name,
        ue1_0.class_id,
        ue1_0.created_by,
        ue1_0.created_date,
        ue1_0.deleted_by,
        ue1_0.deleted_date,
        ue1_0.description,
        ue1_0.exam_date,
        ue1_0.exam_name,
        ue1_0.exam_type,
        ue1_0.grade_code,
        ue1_0.grade_name,
        ue1_0.pdf_generated_at,
        ue1_0.pdf_url,
        ue1_0.term_code,
        ue1_0.term_name,
        ue1_0.time_limit,
        ue1_0.total_items,
        ue1_0.total_points,
        ue1_0.updated_by,
        ue1_0.updated_date,
        ue1_0.visibility 
    from
        user_exams ue1_0 
    where
        (
            ue1_0.deleted_date IS NULL
        ) 
        and ue1_0.visibility=? 
        and ue1_0.deleted_date is null 
    order by
        ue1_0.updated_date desc 
    limit
        ?, ?
2025-08-17 04:07:17.900 -DEBUG 30417 --- [nio-8080-exec-9] org.hibernate.SQL                        : 
    select
        count(ue1_0.exam_id) 
    from
        user_exams ue1_0 
    where
        (
            ue1_0.deleted_date IS NULL
        ) 
        and ue1_0.visibility=? 
        and ue1_0.deleted_date is null
-Hibernate: 
    select
        count(ue1_0.exam_id) 
    from
        user_exams ue1_0 
    where
        (
            ue1_0.deleted_date IS NULL
        ) 
        and ue1_0.visibility=? 
        and ue1_0.deleted_date is null
2025-08-17 04:07:18.038 - INFO 30417 --- [nio-8080-exec-9] com.pullit.exam.service.ExamService      : 사용자 시험지 검색 결과: 0개 (전체: 0개)
-2025-08-17 04:07:18.038 - INFO 30417 --- [nio-8080-exec-9] com.pullit.exam.service.ExamService      : 최종 결과: 1개 반환 (전체: 1687개)
-2025-08-17 04:07:18.059 - INFO 30417 --- [nio-8080-exec-9] c.pullit.exam.controller.ExamController  : 검색 결과 - 총 1687개, 현재 페이지 1개
-2025-08-17 04:07:18.059 -DEBUG 30417 --- [nio-8080-exec-9] o.s.w.s.m.m.a.HttpEntityMethodProcessor  : Using 'application/json', given [application/json, text/plain, */*] and supported [application/json, application/*+json, application/yaml]
-2025-08-17 04:07:18.059 -DEBUG 30417 --- [nio-8080-exec-9] o.s.w.s.m.m.a.HttpEntityMethodProcessor  : Writing [com.pullit.common.dto.response.ApiResponse@3797b0a3]
-2025-08-17 04:07:18.064 -DEBUG 30417 --- [io-8080-exec-10] s.w.s.m.m.a.RequestMappingHandlerMapping : Mapped to com.pullit.exam.controller.ExamController#getExamCounts(String, String, String, String)
-=== buildSearchPredicate 시작 ===
areaCode: MA
gradeCode: null
termCode: null
과목 필터 적용: MA
최종 조건: subject.area.code = MA
2025-08-17 04:07:18.212 -DEBUG 30417 --- [io-8080-exec-10] org.hibernate.SQL                        : 
    select
        e1_0.exam_id,
        e1_0.created_by,
        e1_0.created_date,
        e1_0.exam_name,
        e1_0.file_url,
        e1_0.is_public,
        e1_0.item_count,
        e1_0.large_chapter_id,
        e1_0.large_chapter_name,
        e1_0.preview_url,
        s1_0.subject_id,
        s1_0.area_code,
        s1_0.area_name,
        s1_0.curriculum_code,
        s1_0.curriculum_name,
        s1_0.grade_code,
        s1_0.grade_name,
        s1_0.school_level_code,
        s1_0.school_level_name,
        s1_0.subject_name,
        s1_0.subject_thumbnail,
        s1_0.term_code,
        s1_0.term_name,
        e1_0.updated_by,
        e1_0.updated_date,
        e1_0.visibility 
    from
        exams e1_0 
    left join
        subjects s1_0 
            on s1_0.subject_id=e1_0.subject_id 
    where
        s1_0.area_code=? 
    order by
        e1_0.created_date desc
-Hibernate: 
    select
        e1_0.exam_id,
        e1_0.created_by,
        e1_0.created_date,
        e1_0.exam_name,
        e1_0.file_url,
        e1_0.is_public,
        e1_0.item_count,
        e1_0.large_chapter_id,
        e1_0.large_chapter_name,
        e1_0.preview_url,
        s1_0.subject_id,
        s1_0.area_code,
        s1_0.area_name,
        s1_0.curriculum_code,
        s1_0.curriculum_name,
        s1_0.grade_code,
        s1_0.grade_name,
        s1_0.school_level_code,
        s1_0.school_level_name,
        s1_0.subject_name,
        s1_0.subject_thumbnail,
        s1_0.term_code,
        s1_0.term_name,
        e1_0.updated_by,
        e1_0.updated_date,
        e1_0.visibility 
    from
        exams e1_0 
    left join
        subjects s1_0 
            on s1_0.subject_id=e1_0.subject_id 
    where
        s1_0.area_code=? 
    order by
        e1_0.created_date desc
2025-08-17 04:07:18.252 -DEBUG 30417 --- [io-8080-exec-10] org.hibernate.SQL                        : 
    select
        ue1_0.exam_id,
        ue1_0.answer_pdf_url,
        ue1_0.area_code,
        ue1_0.area_name,
        ue1_0.class_id,
        ue1_0.created_by,
        ue1_0.created_date,
        ue1_0.deleted_by,
        ue1_0.deleted_date,
        ue1_0.description,
        ue1_0.exam_date,
        ue1_0.exam_name,
        ue1_0.exam_type,
        ue1_0.grade_code,
        ue1_0.grade_name,
        ue1_0.pdf_generated_at,
        ue1_0.pdf_url,
        ue1_0.term_code,
        ue1_0.term_name,
        ue1_0.time_limit,
        ue1_0.total_items,
        ue1_0.total_points,
        ue1_0.updated_by,
        ue1_0.updated_date,
        ue1_0.visibility 
    from
        user_exams ue1_0 
    where
        (
            ue1_0.deleted_date IS NULL
        ) 
        and ue1_0.area_code=? 
        and ue1_0.deleted_date is null 
    order by
        ue1_0.updated_date desc
-Hibernate: 
    select
        ue1_0.exam_id,
        ue1_0.answer_pdf_url,
        ue1_0.area_code,
        ue1_0.area_name,
        ue1_0.class_id,
        ue1_0.created_by,
        ue1_0.created_date,
        ue1_0.deleted_by,
        ue1_0.deleted_date,
        ue1_0.description,
        ue1_0.exam_date,
        ue1_0.exam_name,
        ue1_0.exam_type,
        ue1_0.grade_code,
        ue1_0.grade_name,
        ue1_0.pdf_generated_at,
        ue1_0.pdf_url,
        ue1_0.term_code,
        ue1_0.term_name,
        ue1_0.time_limit,
        ue1_0.total_items,
        ue1_0.total_points,
        ue1_0.updated_by,
        ue1_0.updated_date,
        ue1_0.visibility 
    from
        user_exams ue1_0 
    where
        (
            ue1_0.deleted_date IS NULL
        ) 
        and ue1_0.area_code=? 
        and ue1_0.deleted_date is null 
    order by
        ue1_0.updated_date desc
2025-08-17 04:07:18.410 -DEBUG 30417 --- [io-8080-exec-10] o.s.w.s.m.m.a.HttpEntityMethodProcessor  : Using 'application/json', given [application/json, text/plain, */*] and supported [application/json, application/*+json, application/yaml]
-2025-08-17 04:07:18.410 -DEBUG 30417 --- [io-8080-exec-10] o.s.w.s.m.m.a.HttpEntityMethodProcessor  : Writing [com.pullit.common.dto.response.ApiResponse@469f0050]
-2025-08-17 04:07:18.414 -DEBUG 30417 --- [nio-8080-exec-1] s.w.s.m.m.a.RequestMappingHandlerMapping : Mapped to com.pullit.exam.controller.ExamController#getExamCounts(String, String, String, String)
-=== buildSearchPredicate 시작 ===
areaCode: KO
gradeCode: null
termCode: null
과목 필터 적용: KO
최종 조건: subject.area.code = KO
2025-08-17 04:07:18.429 -DEBUG 30417 --- [nio-8080-exec-1] org.hibernate.SQL                        : 
    select
        e1_0.exam_id,
        e1_0.created_by,
        e1_0.created_date,
        e1_0.exam_name,
        e1_0.file_url,
        e1_0.is_public,
        e1_0.item_count,
        e1_0.large_chapter_id,
        e1_0.large_chapter_name,
        e1_0.preview_url,
        s1_0.subject_id,
        s1_0.area_code,
        s1_0.area_name,
        s1_0.curriculum_code,
        s1_0.curriculum_name,
        s1_0.grade_code,
        s1_0.grade_name,
        s1_0.school_level_code,
        s1_0.school_level_name,
        s1_0.subject_name,
        s1_0.subject_thumbnail,
        s1_0.term_code,
        s1_0.term_name,
        e1_0.updated_by,
        e1_0.updated_date,
        e1_0.visibility 
    from
        exams e1_0 
    left join
        subjects s1_0 
            on s1_0.subject_id=e1_0.subject_id 
    where
        s1_0.area_code=? 
    order by
        e1_0.created_date desc
-Hibernate: 
    select
        e1_0.exam_id,
        e1_0.created_by,
        e1_0.created_date,
        e1_0.exam_name,
        e1_0.file_url,
        e1_0.is_public,
        e1_0.item_count,
        e1_0.large_chapter_id,
        e1_0.large_chapter_name,
        e1_0.preview_url,
        s1_0.subject_id,
        s1_0.area_code,
        s1_0.area_name,
        s1_0.curriculum_code,
        s1_0.curriculum_name,
        s1_0.grade_code,
        s1_0.grade_name,
        s1_0.school_level_code,
        s1_0.school_level_name,
        s1_0.subject_name,
        s1_0.subject_thumbnail,
        s1_0.term_code,
        s1_0.term_name,
        e1_0.updated_by,
        e1_0.updated_date,
        e1_0.visibility 
    from
        exams e1_0 
    left join
        subjects s1_0 
            on s1_0.subject_id=e1_0.subject_id 
    where
        s1_0.area_code=? 
    order by
        e1_0.created_date desc
2025-08-17 04:07:18.596 -DEBUG 30417 --- [nio-8080-exec-1] org.hibernate.SQL                        : 
    select
        ue1_0.exam_id,
        ue1_0.answer_pdf_url,
        ue1_0.area_code,
        ue1_0.area_name,
        ue1_0.class_id,
        ue1_0.created_by,
        ue1_0.created_date,
        ue1_0.deleted_by,
        ue1_0.deleted_date,
        ue1_0.description,
        ue1_0.exam_date,
        ue1_0.exam_name,
        ue1_0.exam_type,
        ue1_0.grade_code,
        ue1_0.grade_name,
        ue1_0.pdf_generated_at,
        ue1_0.pdf_url,
        ue1_0.term_code,
        ue1_0.term_name,
        ue1_0.time_limit,
        ue1_0.total_items,
        ue1_0.total_points,
        ue1_0.updated_by,
        ue1_0.updated_date,
        ue1_0.visibility 
    from
        user_exams ue1_0 
    where
        (
            ue1_0.deleted_date IS NULL
        ) 
        and ue1_0.area_code=? 
        and ue1_0.deleted_date is null 
    order by
        ue1_0.updated_date desc
-Hibernate: 
    select
        ue1_0.exam_id,
        ue1_0.answer_pdf_url,
        ue1_0.area_code,
        ue1_0.area_name,
        ue1_0.class_id,
        ue1_0.created_by,
        ue1_0.created_date,
        ue1_0.deleted_by,
        ue1_0.deleted_date,
        ue1_0.description,
        ue1_0.exam_date,
        ue1_0.exam_name,
        ue1_0.exam_type,
        ue1_0.grade_code,
        ue1_0.grade_name,
        ue1_0.pdf_generated_at,
        ue1_0.pdf_url,
        ue1_0.term_code,
        ue1_0.term_name,
        ue1_0.time_limit,
        ue1_0.total_items,
        ue1_0.total_points,
        ue1_0.updated_by,
        ue1_0.updated_date,
        ue1_0.visibility 
    from
        user_exams ue1_0 
    where
        (
            ue1_0.deleted_date IS NULL
        ) 
        and ue1_0.area_code=? 
        and ue1_0.deleted_date is null 
    order by
        ue1_0.updated_date desc
2025-08-17 04:07:18.756 -DEBUG 30417 --- [nio-8080-exec-1] o.s.w.s.m.m.a.HttpEntityMethodProcessor  : Using 'application/json', given [application/json, text/plain, */*] and supported [application/json, application/*+json, application/yaml]
-2025-08-17 04:07:18.756 -DEBUG 30417 --- [nio-8080-exec-1] o.s.w.s.m.m.a.HttpEntityMethodProcessor  : Writing [com.pullit.common.dto.response.ApiResponse@3caf98ec]
-2025-08-17 04:07:18.758 -DEBUG 30417 --- [nio-8080-exec-2] s.w.s.m.m.a.RequestMappingHandlerMapping : Mapped to com.pullit.exam.controller.ExamController#getExamCounts(String, String, String, String)
-=== buildSearchPredicate 시작 ===
areaCode: EN
gradeCode: null
termCode: null
과목 필터 적용: EN
최종 조건: subject.area.code = EN
2025-08-17 04:07:18.773 -DEBUG 30417 --- [nio-8080-exec-2] org.hibernate.SQL                        : 
    select
        e1_0.exam_id,
        e1_0.created_by,
        e1_0.created_date,
        e1_0.exam_name,
        e1_0.file_url,
        e1_0.is_public,
        e1_0.item_count,
        e1_0.large_chapter_id,
        e1_0.large_chapter_name,
        e1_0.preview_url,
        s1_0.subject_id,
        s1_0.area_code,
        s1_0.area_name,
        s1_0.curriculum_code,
        s1_0.curriculum_name,
        s1_0.grade_code,
        s1_0.grade_name,
        s1_0.school_level_code,
        s1_0.school_level_name,
        s1_0.subject_name,
        s1_0.subject_thumbnail,
        s1_0.term_code,
        s1_0.term_name,
        e1_0.updated_by,
        e1_0.updated_date,
        e1_0.visibility 
    from
        exams e1_0 
    left join
        subjects s1_0 
            on s1_0.subject_id=e1_0.subject_id 
    where
        s1_0.area_code=? 
    order by
        e1_0.created_date desc
-Hibernate: 
    select
        e1_0.exam_id,
        e1_0.created_by,
        e1_0.created_date,
        e1_0.exam_name,
        e1_0.file_url,
        e1_0.is_public,
        e1_0.item_count,
        e1_0.large_chapter_id,
        e1_0.large_chapter_name,
        e1_0.preview_url,
        s1_0.subject_id,
        s1_0.area_code,
        s1_0.area_name,
        s1_0.curriculum_code,
        s1_0.curriculum_name,
        s1_0.grade_code,
        s1_0.grade_name,
        s1_0.school_level_code,
        s1_0.school_level_name,
        s1_0.subject_name,
        s1_0.subject_thumbnail,
        s1_0.term_code,
        s1_0.term_name,
        e1_0.updated_by,
        e1_0.updated_date,
        e1_0.visibility 
    from
        exams e1_0 
    left join
        subjects s1_0 
            on s1_0.subject_id=e1_0.subject_id 
    where
        s1_0.area_code=? 
    order by
        e1_0.created_date desc
2025-08-17 04:07:18.802 -DEBUG 30417 --- [nio-8080-exec-2] org.hibernate.SQL                        : 
    select
        ue1_0.exam_id,
        ue1_0.answer_pdf_url,
        ue1_0.area_code,
        ue1_0.area_name,
        ue1_0.class_id,
        ue1_0.created_by,
        ue1_0.created_date,
        ue1_0.deleted_by,
        ue1_0.deleted_date,
        ue1_0.description,
        ue1_0.exam_date,
        ue1_0.exam_name,
        ue1_0.exam_type,
        ue1_0.grade_code,
        ue1_0.grade_name,
        ue1_0.pdf_generated_at,
        ue1_0.pdf_url,
        ue1_0.term_code,
        ue1_0.term_name,
        ue1_0.time_limit,
        ue1_0.total_items,
        ue1_0.total_points,
        ue1_0.updated_by,
        ue1_0.updated_date,
        ue1_0.visibility 
    from
        user_exams ue1_0 
    where
        (
            ue1_0.deleted_date IS NULL
        ) 
        and ue1_0.area_code=? 
        and ue1_0.deleted_date is null 
    order by
        ue1_0.updated_date desc
-Hibernate: 
    select
        ue1_0.exam_id,
        ue1_0.answer_pdf_url,
        ue1_0.area_code,
        ue1_0.area_name,
        ue1_0.class_id,
        ue1_0.created_by,
        ue1_0.created_date,
        ue1_0.deleted_by,
        ue1_0.deleted_date,
        ue1_0.description,
        ue1_0.exam_date,
        ue1_0.exam_name,
        ue1_0.exam_type,
        ue1_0.grade_code,
        ue1_0.grade_name,
        ue1_0.pdf_generated_at,
        ue1_0.pdf_url,
        ue1_0.term_code,
        ue1_0.term_name,
        ue1_0.time_limit,
        ue1_0.total_items,
        ue1_0.total_points,
        ue1_0.updated_by,
        ue1_0.updated_date,
        ue1_0.visibility 
    from
        user_exams ue1_0 
    where
        (
            ue1_0.deleted_date IS NULL
        ) 
        and ue1_0.area_code=? 
        and ue1_0.deleted_date is null 
    order by
        ue1_0.updated_date desc
2025-08-17 04:07:18.835 -DEBUG 30417 --- [nio-8080-exec-2] o.s.w.s.m.m.a.HttpEntityMethodProcessor  : Using 'application/json', given [application/json, text/plain, */*] and supported [application/json, application/*+json, application/yaml]
-2025-08-17 04:07:18.835 -DEBUG 30417 --- [nio-8080-exec-2] o.s.w.s.m.m.a.HttpEntityMethodProcessor  : Writing [com.pullit.common.dto.response.ApiResponse@ebafb4b]
-2025-08-17 04:07:18.837 -DEBUG 30417 --- [nio-8080-exec-3] s.w.s.m.m.a.RequestMappingHandlerMapping : Mapped to com.pullit.exam.controller.ExamController#getExamCounts(String, String, String, String)
-=== buildSearchPredicate 시작 ===
areaCode: SC
gradeCode: null
termCode: null
과목 필터 적용: SC
최종 조건: subject.area.code = SC
2025-08-17 04:07:18.852 -DEBUG 30417 --- [nio-8080-exec-3] org.hibernate.SQL                        : 
    select
        e1_0.exam_id,
        e1_0.created_by,
        e1_0.created_date,
        e1_0.exam_name,
        e1_0.file_url,
        e1_0.is_public,
        e1_0.item_count,
        e1_0.large_chapter_id,
        e1_0.large_chapter_name,
        e1_0.preview_url,
        s1_0.subject_id,
        s1_0.area_code,
        s1_0.area_name,
        s1_0.curriculum_code,
        s1_0.curriculum_name,
        s1_0.grade_code,
        s1_0.grade_name,
        s1_0.school_level_code,
        s1_0.school_level_name,
        s1_0.subject_name,
        s1_0.subject_thumbnail,
        s1_0.term_code,
        s1_0.term_name,
        e1_0.updated_by,
        e1_0.updated_date,
        e1_0.visibility 
    from
        exams e1_0 
    left join
        subjects s1_0 
            on s1_0.subject_id=e1_0.subject_id 
    where
        s1_0.area_code=? 
    order by
        e1_0.created_date desc
-Hibernate: 
    select
        e1_0.exam_id,
        e1_0.created_by,
        e1_0.created_date,
        e1_0.exam_name,
        e1_0.file_url,
        e1_0.is_public,
        e1_0.item_count,
        e1_0.large_chapter_id,
        e1_0.large_chapter_name,
        e1_0.preview_url,
        s1_0.subject_id,
        s1_0.area_code,
        s1_0.area_name,
        s1_0.curriculum_code,
        s1_0.curriculum_name,
        s1_0.grade_code,
        s1_0.grade_name,
        s1_0.school_level_code,
        s1_0.school_level_name,
        s1_0.subject_name,
        s1_0.subject_thumbnail,
        s1_0.term_code,
        s1_0.term_name,
        e1_0.updated_by,
        e1_0.updated_date,
        e1_0.visibility 
    from
        exams e1_0 
    left join
        subjects s1_0 
            on s1_0.subject_id=e1_0.subject_id 
    where
        s1_0.area_code=? 
    order by
        e1_0.created_date desc
2025-08-17 04:07:18.883 -DEBUG 30417 --- [nio-8080-exec-3] org.hibernate.SQL                        : 
    select
        ue1_0.exam_id,
        ue1_0.answer_pdf_url,
        ue1_0.area_code,
        ue1_0.area_name,
        ue1_0.class_id,
        ue1_0.created_by,
        ue1_0.created_date,
        ue1_0.deleted_by,
        ue1_0.deleted_date,
        ue1_0.description,
        ue1_0.exam_date,
        ue1_0.exam_name,
        ue1_0.exam_type,
        ue1_0.grade_code,
        ue1_0.grade_name,
        ue1_0.pdf_generated_at,
        ue1_0.pdf_url,
        ue1_0.term_code,
        ue1_0.term_name,
        ue1_0.time_limit,
        ue1_0.total_items,
        ue1_0.total_points,
        ue1_0.updated_by,
        ue1_0.updated_date,
        ue1_0.visibility 
    from
        user_exams ue1_0 
    where
        (
            ue1_0.deleted_date IS NULL
        ) 
        and ue1_0.area_code=? 
        and ue1_0.deleted_date is null 
    order by
        ue1_0.updated_date desc
-Hibernate: 
    select
        ue1_0.exam_id,
        ue1_0.answer_pdf_url,
        ue1_0.area_code,
        ue1_0.area_name,
        ue1_0.class_id,
        ue1_0.created_by,
        ue1_0.created_date,
        ue1_0.deleted_by,
        ue1_0.deleted_date,
        ue1_0.description,
        ue1_0.exam_date,
        ue1_0.exam_name,
        ue1_0.exam_type,
        ue1_0.grade_code,
        ue1_0.grade_name,
        ue1_0.pdf_generated_at,
        ue1_0.pdf_url,
        ue1_0.term_code,
        ue1_0.term_name,
        ue1_0.time_limit,
        ue1_0.total_items,
        ue1_0.total_points,
        ue1_0.updated_by,
        ue1_0.updated_date,
        ue1_0.visibility 
    from
        user_exams ue1_0 
    where
        (
            ue1_0.deleted_date IS NULL
        ) 
        and ue1_0.area_code=? 
        and ue1_0.deleted_date is null 
    order by
        ue1_0.updated_date desc
2025-08-17 04:07:18.916 -DEBUG 30417 --- [nio-8080-exec-3] o.s.w.s.m.m.a.HttpEntityMethodProcessor  : Using 'application/json', given [application/json, text/plain, */*] and supported [application/json, application/*+json, application/yaml]
-2025-08-17 04:07:18.916 -DEBUG 30417 --- [nio-8080-exec-3] o.s.w.s.m.m.a.HttpEntityMethodProcessor  : Writing [com.pullit.common.dto.response.ApiResponse@4b3e3fa4]
-2025-08-17 04:07:18.918 -DEBUG 30417 --- [nio-8080-exec-4] s.w.s.m.m.a.RequestMappingHandlerMapping : Mapped to com.pullit.exam.controller.ExamController#getExamCounts(String, String, String, String)
-=== buildSearchPredicate 시작 ===
areaCode: SO
gradeCode: null
termCode: null
과목 필터 적용: SO
최종 조건: subject.area.code = SO
2025-08-17 04:07:18.935 -DEBUG 30417 --- [nio-8080-exec-4] org.hibernate.SQL                        : 
    select
        e1_0.exam_id,
        e1_0.created_by,
        e1_0.created_date,
        e1_0.exam_name,
        e1_0.file_url,
        e1_0.is_public,
        e1_0.item_count,
        e1_0.large_chapter_id,
        e1_0.large_chapter_name,
        e1_0.preview_url,
        s1_0.subject_id,
        s1_0.area_code,
        s1_0.area_name,
        s1_0.curriculum_code,
        s1_0.curriculum_name,
        s1_0.grade_code,
        s1_0.grade_name,
        s1_0.school_level_code,
        s1_0.school_level_name,
        s1_0.subject_name,
        s1_0.subject_thumbnail,
        s1_0.term_code,
        s1_0.term_name,
        e1_0.updated_by,
        e1_0.updated_date,
        e1_0.visibility 
    from
        exams e1_0 
    left join
        subjects s1_0 
            on s1_0.subject_id=e1_0.subject_id 
    where
        s1_0.area_code=? 
    order by
        e1_0.created_date desc
-Hibernate: 
    select
        e1_0.exam_id,
        e1_0.created_by,
        e1_0.created_date,
        e1_0.exam_name,
        e1_0.file_url,
        e1_0.is_public,
        e1_0.item_count,
        e1_0.large_chapter_id,
        e1_0.large_chapter_name,
        e1_0.preview_url,
        s1_0.subject_id,
        s1_0.area_code,
        s1_0.area_name,
        s1_0.curriculum_code,
        s1_0.curriculum_name,
        s1_0.grade_code,
        s1_0.grade_name,
        s1_0.school_level_code,
        s1_0.school_level_name,
        s1_0.subject_name,
        s1_0.subject_thumbnail,
        s1_0.term_code,
        s1_0.term_name,
        e1_0.updated_by,
        e1_0.updated_date,
        e1_0.visibility 
    from
        exams e1_0 
    left join
        subjects s1_0 
            on s1_0.subject_id=e1_0.subject_id 
    where
        s1_0.area_code=? 
    order by
        e1_0.created_date desc
2025-08-17 04:07:18.985 -DEBUG 30417 --- [nio-8080-exec-4] org.hibernate.SQL                        : 
    select
        ue1_0.exam_id,
        ue1_0.answer_pdf_url,
        ue1_0.area_code,
        ue1_0.area_name,
        ue1_0.class_id,
        ue1_0.created_by,
        ue1_0.created_date,
        ue1_0.deleted_by,
        ue1_0.deleted_date,
        ue1_0.description,
        ue1_0.exam_date,
        ue1_0.exam_name,
        ue1_0.exam_type,
        ue1_0.grade_code,
        ue1_0.grade_name,
        ue1_0.pdf_generated_at,
        ue1_0.pdf_url,
        ue1_0.term_code,
        ue1_0.term_name,
        ue1_0.time_limit,
        ue1_0.total_items,
        ue1_0.total_points,
        ue1_0.updated_by,
        ue1_0.updated_date,
        ue1_0.visibility 
    from
        user_exams ue1_0 
    where
        (
            ue1_0.deleted_date IS NULL
        ) 
        and ue1_0.area_code=? 
        and ue1_0.deleted_date is null 
    order by
        ue1_0.updated_date desc
-Hibernate: 
    select
        ue1_0.exam_id,
        ue1_0.answer_pdf_url,
        ue1_0.area_code,
        ue1_0.area_name,
        ue1_0.class_id,
        ue1_0.created_by,
        ue1_0.created_date,
        ue1_0.deleted_by,
        ue1_0.deleted_date,
        ue1_0.description,
        ue1_0.exam_date,
        ue1_0.exam_name,
        ue1_0.exam_type,
        ue1_0.grade_code,
        ue1_0.grade_name,
        ue1_0.pdf_generated_at,
        ue1_0.pdf_url,
        ue1_0.term_code,
        ue1_0.term_name,
        ue1_0.time_limit,
        ue1_0.total_items,
        ue1_0.total_points,
        ue1_0.updated_by,
        ue1_0.updated_date,
        ue1_0.visibility 
    from
        user_exams ue1_0 
    where
        (
            ue1_0.deleted_date IS NULL
        ) 
        and ue1_0.area_code=? 
        and ue1_0.deleted_date is null 
    order by
        ue1_0.updated_date desc
2025-08-17 04:07:19.017 -DEBUG 30417 --- [nio-8080-exec-4] o.s.w.s.m.m.a.HttpEntityMethodProcessor  : Using 'application/json', given [application/json, text/plain, */*] and supported [application/json, application/*+json, application/yaml]
-2025-08-17 04:07:19.017 -DEBUG 30417 --- [nio-8080-exec-4] o.s.w.s.m.m.a.HttpEntityMethodProcessor  : Writing [com.pullit.common.dto.response.ApiResponse@577b2e64]
-2025-08-17 04:07:19.020 -DEBUG 30417 --- [nio-8080-exec-5] s.w.s.m.m.a.RequestMappingHandlerMapping : Mapped to com.pullit.exam.controller.ExamController#getExamCounts(String, String, String, String)
-=== buildSearchPredicate 시작 ===
areaCode: HS
gradeCode: null
termCode: null
과목 필터 적용: HS
최종 조건: subject.area.code = HS
2025-08-17 04:07:19.041 -DEBUG 30417 --- [nio-8080-exec-5] org.hibernate.SQL                        : 
    select
        e1_0.exam_id,
        e1_0.created_by,
        e1_0.created_date,
        e1_0.exam_name,
        e1_0.file_url,
        e1_0.is_public,
        e1_0.item_count,
        e1_0.large_chapter_id,
        e1_0.large_chapter_name,
        e1_0.preview_url,
        s1_0.subject_id,
        s1_0.area_code,
        s1_0.area_name,
        s1_0.curriculum_code,
        s1_0.curriculum_name,
        s1_0.grade_code,
        s1_0.grade_name,
        s1_0.school_level_code,
        s1_0.school_level_name,
        s1_0.subject_name,
        s1_0.subject_thumbnail,
        s1_0.term_code,
        s1_0.term_name,
        e1_0.updated_by,
        e1_0.updated_date,
        e1_0.visibility 
    from
        exams e1_0 
    left join
        subjects s1_0 
            on s1_0.subject_id=e1_0.subject_id 
    where
        s1_0.area_code=? 
    order by
        e1_0.created_date desc
-Hibernate: 
    select
        e1_0.exam_id,
        e1_0.created_by,
        e1_0.created_date,
        e1_0.exam_name,
        e1_0.file_url,
        e1_0.is_public,
        e1_0.item_count,
        e1_0.large_chapter_id,
        e1_0.large_chapter_name,
        e1_0.preview_url,
        s1_0.subject_id,
        s1_0.area_code,
        s1_0.area_name,
        s1_0.curriculum_code,
        s1_0.curriculum_name,
        s1_0.grade_code,
        s1_0.grade_name,
        s1_0.school_level_code,
        s1_0.school_level_name,
        s1_0.subject_name,
        s1_0.subject_thumbnail,
        s1_0.term_code,
        s1_0.term_name,
        e1_0.updated_by,
        e1_0.updated_date,
        e1_0.visibility 
    from
        exams e1_0 
    left join
        subjects s1_0 
            on s1_0.subject_id=e1_0.subject_id 
    where
        s1_0.area_code=? 
    order by
        e1_0.created_date desc
2025-08-17 04:07:19.067 -DEBUG 30417 --- [nio-8080-exec-5] org.hibernate.SQL                        : 
    select
        ue1_0.exam_id,
        ue1_0.answer_pdf_url,
        ue1_0.area_code,
        ue1_0.area_name,
        ue1_0.class_id,
        ue1_0.created_by,
        ue1_0.created_date,
        ue1_0.deleted_by,
        ue1_0.deleted_date,
        ue1_0.description,
        ue1_0.exam_date,
        ue1_0.exam_name,
        ue1_0.exam_type,
        ue1_0.grade_code,
        ue1_0.grade_name,
        ue1_0.pdf_generated_at,
        ue1_0.pdf_url,
        ue1_0.term_code,
        ue1_0.term_name,
        ue1_0.time_limit,
        ue1_0.total_items,
        ue1_0.total_points,
        ue1_0.updated_by,
        ue1_0.updated_date,
        ue1_0.visibility 
    from
        user_exams ue1_0 
    where
        (
            ue1_0.deleted_date IS NULL
        ) 
        and ue1_0.area_code=? 
        and ue1_0.deleted_date is null 
    order by
        ue1_0.updated_date desc
-Hibernate: 
    select
        ue1_0.exam_id,
        ue1_0.answer_pdf_url,
        ue1_0.area_code,
        ue1_0.area_name,
        ue1_0.class_id,
        ue1_0.created_by,
        ue1_0.created_date,
        ue1_0.deleted_by,
        ue1_0.deleted_date,
        ue1_0.description,
        ue1_0.exam_date,
        ue1_0.exam_name,
        ue1_0.exam_type,
        ue1_0.grade_code,
        ue1_0.grade_name,
        ue1_0.pdf_generated_at,
        ue1_0.pdf_url,
        ue1_0.term_code,
        ue1_0.term_name,
        ue1_0.time_limit,
        ue1_0.total_items,
        ue1_0.total_points,
        ue1_0.updated_by,
        ue1_0.updated_date,
        ue1_0.visibility 
    from
        user_exams ue1_0 
    where
        (
            ue1_0.deleted_date IS NULL
        ) 
        and ue1_0.area_code=? 
        and ue1_0.deleted_date is null 
    order by
        ue1_0.updated_date desc
2025-08-17 04:07:19.102 -DEBUG 30417 --- [nio-8080-exec-5] o.s.w.s.m.m.a.HttpEntityMethodProcessor  : Using 'application/json', given [application/json, text/plain, */*] and supported [application/json, application/*+json, application/yaml]
-2025-08-17 04:07:19.102 -DEBUG 30417 --- [nio-8080-exec-5] o.s.w.s.m.m.a.HttpEntityMethodProcessor  : Writing [com.pullit.common.dto.response.ApiResponse@28a3aa16]
-2025-08-17 04:07:19.105 -DEBUG 30417 --- [nio-8080-exec-6] s.w.s.m.m.a.RequestMappingHandlerMapping : Mapped to com.pullit.exam.controller.ExamController#getExamCounts(String, String, String, String)
-=== buildSearchPredicate 시작 ===
areaCode: MO
gradeCode: null
termCode: null
과목 필터 적용: MO
최종 조건: subject.area.code = MO
2025-08-17 04:07:19.121 -DEBUG 30417 --- [nio-8080-exec-6] org.hibernate.SQL                        : 
    select
        e1_0.exam_id,
        e1_0.created_by,
        e1_0.created_date,
        e1_0.exam_name,
        e1_0.file_url,
        e1_0.is_public,
        e1_0.item_count,
        e1_0.large_chapter_id,
        e1_0.large_chapter_name,
        e1_0.preview_url,
        s1_0.subject_id,
        s1_0.area_code,
        s1_0.area_name,
        s1_0.curriculum_code,
        s1_0.curriculum_name,
        s1_0.grade_code,
        s1_0.grade_name,
        s1_0.school_level_code,
        s1_0.school_level_name,
        s1_0.subject_name,
        s1_0.subject_thumbnail,
        s1_0.term_code,
        s1_0.term_name,
        e1_0.updated_by,
        e1_0.updated_date,
        e1_0.visibility 
    from
        exams e1_0 
    left join
        subjects s1_0 
            on s1_0.subject_id=e1_0.subject_id 
    where
        s1_0.area_code=? 
    order by
        e1_0.created_date desc
-Hibernate: 
    select
        e1_0.exam_id,
        e1_0.created_by,
        e1_0.created_date,
        e1_0.exam_name,
        e1_0.file_url,
        e1_0.is_public,
        e1_0.item_count,
        e1_0.large_chapter_id,
        e1_0.large_chapter_name,
        e1_0.preview_url,
        s1_0.subject_id,
        s1_0.area_code,
        s1_0.area_name,
        s1_0.curriculum_code,
        s1_0.curriculum_name,
        s1_0.grade_code,
        s1_0.grade_name,
        s1_0.school_level_code,
        s1_0.school_level_name,
        s1_0.subject_name,
        s1_0.subject_thumbnail,
        s1_0.term_code,
        s1_0.term_name,
        e1_0.updated_by,
        e1_0.updated_date,
        e1_0.visibility 
    from
        exams e1_0 
    left join
        subjects s1_0 
            on s1_0.subject_id=e1_0.subject_id 
    where
        s1_0.area_code=? 
    order by
        e1_0.created_date desc
2025-08-17 04:07:19.136 -DEBUG 30417 --- [nio-8080-exec-6] org.hibernate.SQL                        : 
    select
        ue1_0.exam_id,
        ue1_0.answer_pdf_url,
        ue1_0.area_code,
        ue1_0.area_name,
        ue1_0.class_id,
        ue1_0.created_by,
        ue1_0.created_date,
        ue1_0.deleted_by,
        ue1_0.deleted_date,
        ue1_0.description,
        ue1_0.exam_date,
        ue1_0.exam_name,
        ue1_0.exam_type,
        ue1_0.grade_code,
        ue1_0.grade_name,
        ue1_0.pdf_generated_at,
        ue1_0.pdf_url,
        ue1_0.term_code,
        ue1_0.term_name,
        ue1_0.time_limit,
        ue1_0.total_items,
        ue1_0.total_points,
        ue1_0.updated_by,
        ue1_0.updated_date,
        ue1_0.visibility 
    from
        user_exams ue1_0 
    where
        (
            ue1_0.deleted_date IS NULL
        ) 
        and ue1_0.area_code=? 
        and ue1_0.deleted_date is null 
    order by
        ue1_0.updated_date desc
-Hibernate: 
    select
        ue1_0.exam_id,
        ue1_0.answer_pdf_url,
        ue1_0.area_code,
        ue1_0.area_name,
        ue1_0.class_id,
        ue1_0.created_by,
        ue1_0.created_date,
        ue1_0.deleted_by,
        ue1_0.deleted_date,
        ue1_0.description,
        ue1_0.exam_date,
        ue1_0.exam_name,
        ue1_0.exam_type,
        ue1_0.grade_code,
        ue1_0.grade_name,
        ue1_0.pdf_generated_at,
        ue1_0.pdf_url,
        ue1_0.term_code,
        ue1_0.term_name,
        ue1_0.time_limit,
        ue1_0.total_items,
        ue1_0.total_points,
        ue1_0.updated_by,
        ue1_0.updated_date,
        ue1_0.visibility 
    from
        user_exams ue1_0 
    where
        (
            ue1_0.deleted_date IS NULL
        ) 
        and ue1_0.area_code=? 
        and ue1_0.deleted_date is null 
    order by
        ue1_0.updated_date desc
2025-08-17 04:07:19.172 -DEBUG 30417 --- [nio-8080-exec-6] o.s.w.s.m.m.a.HttpEntityMethodProcessor  : Using 'application/json', given [application/json, text/plain, */*] and supported [application/json, application/*+json, application/yaml]
-2025-08-17 04:07:19.173 -DEBUG 30417 --- [nio-8080-exec-6] o.s.w.s.m.m.a.HttpEntityMethodProcessor  : Writing [com.pullit.common.dto.response.ApiResponse@640789d5]
-2025-08-17 04:08:00.372 - WARN 30417 --- [l-1:housekeeper] com.zaxxer.hikari.pool.HikariPool        : HikariPool-1 - Thread starvation or clock leap detected (housekeeper delta=58s336ms).
-2025-08-17 04:08:00.373 -DEBUG 30417 --- [l-1:housekeeper] com.zaxxer.hikari.pool.HikariPool        : HikariPool-1 - Before cleanup stats (total=5/10, idle=5/5, active=0, waiting=0)
-2025-08-17 04:08:00.373 -DEBUG 30417 --- [l-1:housekeeper] com.zaxxer.hikari.pool.HikariPool        : HikariPool-1 - After  cleanup stats (total=5/10, idle=5/5, active=0, waiting=0)
-2025-08-17 04:08:00.374 -DEBUG 30417 --- [l-1:housekeeper] com.zaxxer.hikari.pool.HikariPool        : HikariPool-1 - Fill pool skipped, pool has sufficient level or currently being filled.
-2025-08-17 04:08:30.384 -DEBUG 30417 --- [l-1:housekeeper] com.zaxxer.hikari.pool.HikariPool        : HikariPool-1 - Before cleanup stats (total=5/10, idle=5/5, active=0, waiting=0)
-2025-08-17 04:08:30.385 -DEBUG 30417 --- [l-1:housekeeper] com.zaxxer.hikari.pool.HikariPool        : HikariPool-1 - After  cleanup stats (total=5/10, idle=5/5, active=0, waiting=0)
-2025-08-17 04:08:30.385 -DEBUG 30417 --- [l-1:housekeeper] com.zaxxer.hikari.pool.HikariPool        : HikariPool-1 - Fill pool skipped, pool has sufficient level or currently being filled.
-2025-08-17 04:13:22.535 - WARN 30417 --- [l-1:housekeeper] com.zaxxer.hikari.pool.PoolBase          : HikariPool-1 - Failed to validate connection com.mysql.cj.jdbc.ConnectionImpl@17c91f6c (No operations allowed after connection closed.). Possibly consider using a shorter maxLifetime value.
-2025-08-17 04:13:22.536 -DEBUG 30417 --- [nnection-closer] com.zaxxer.hikari.pool.PoolBase          : HikariPool-1 - Closing connection com.mysql.cj.jdbc.ConnectionImpl@17c91f6c: (connection is dead)
-2025-08-17 04:13:22.536 -DEBUG 30417 --- [onnection-adder] com.zaxxer.hikari.pool.PoolBase          : HikariPool-1 - Attempting to create/setup new connection (1c917c4e-fedf-4e3a-8bd7-66f61a8d7031)
-2025-08-17 04:13:22.640 -DEBUG 30417 --- [onnection-adder] com.zaxxer.hikari.pool.PoolBase          : HikariPool-1 - Established new connection (1c917c4e-fedf-4e3a-8bd7-66f61a8d7031)
-2025-08-17 04:13:22.640 -DEBUG 30417 --- [onnection-adder] com.zaxxer.hikari.pool.HikariPool        : HikariPool-1 - Added connection com.mysql.cj.jdbc.ConnectionImpl@79926c42
-2025-08-17 04:13:24.316 - WARN 30417 --- [l-1:housekeeper] com.zaxxer.hikari.pool.HikariPool        : HikariPool-1 - Thread starvation or clock leap detected (housekeeper delta=4m53s932ms).
-2025-08-17 04:13:24.317 -DEBUG 30417 --- [l-1:housekeeper] com.zaxxer.hikari.pool.HikariPool        : HikariPool-1 - Before cleanup stats (total=5/10, idle=5/5, active=0, waiting=0)
-2025-08-17 04:13:24.317 -DEBUG 30417 --- [l-1:housekeeper] com.zaxxer.hikari.pool.HikariPool        : HikariPool-1 - After  cleanup stats (total=5/10, idle=5/5, active=0, waiting=0)
-2025-08-17 04:13:24.317 -DEBUG 30417 --- [l-1:housekeeper] com.zaxxer.hikari.pool.HikariPool        : HikariPool-1 - Fill pool skipped, pool has sufficient level or currently being filled.
-2025-08-17 04:13:25.041 - WARN 30417 --- [l-1:housekeeper] com.zaxxer.hikari.pool.PoolBase          : HikariPool-1 - Failed to validate connection com.mysql.cj.jdbc.ConnectionImpl@1eefe18 (No operations allowed after connection closed.). Possibly consider using a shorter maxLifetime value.
-2025-08-17 04:13:25.042 -DEBUG 30417 --- [nnection-closer] com.zaxxer.hikari.pool.PoolBase          : HikariPool-1 - Closing connection com.mysql.cj.jdbc.ConnectionImpl@1eefe18: (connection is dead)
-2025-08-17 04:13:25.043 -DEBUG 30417 --- [onnection-adder] com.zaxxer.hikari.pool.PoolBase          : HikariPool-1 - Attempting to create/setup new connection (00a200a8-8d2b-45db-8190-8ad3e644ac9b)
-2025-08-17 04:13:25.128 -DEBUG 30417 --- [onnection-adder] com.zaxxer.hikari.pool.PoolBase          : HikariPool-1 - Established new connection (00a200a8-8d2b-45db-8190-8ad3e644ac9b)
-2025-08-17 04:13:25.129 -DEBUG 30417 --- [onnection-adder] com.zaxxer.hikari.pool.HikariPool        : HikariPool-1 - Added connection com.mysql.cj.jdbc.ConnectionImpl@38af6679
-2025-08-17 04:28:49.916 - WARN 30417 --- [l-1:housekeeper] com.zaxxer.hikari.pool.PoolBase          : HikariPool-1 - Failed to validate connection com.mysql.cj.jdbc.ConnectionImpl@341d8db0 (No operations allowed after connection closed.). Possibly consider using a shorter maxLifetime value.
-2025-08-17 04:28:50.045 -DEBUG 30417 --- [nnection-closer] com.zaxxer.hikari.pool.PoolBase          : HikariPool-1 - Closing connection com.mysql.cj.jdbc.ConnectionImpl@341d8db0: (connection is dead)
-2025-08-17 04:28:50.045 -DEBUG 30417 --- [onnection-adder] com.zaxxer.hikari.pool.PoolBase          : HikariPool-1 - Attempting to create/setup new connection (b2116acd-b372-497c-8a08-38b6b2f63ab7)
-2025-08-17 04:28:50.426 -DEBUG 30417 --- [onnection-adder] com.zaxxer.hikari.pool.PoolBase          : HikariPool-1 - Established new connection (b2116acd-b372-497c-8a08-38b6b2f63ab7)
-2025-08-17 04:28:50.426 -DEBUG 30417 --- [onnection-adder] com.zaxxer.hikari.pool.HikariPool        : HikariPool-1 - Added connection com.mysql.cj.jdbc.ConnectionImpl@4168f961
-2025-08-17 04:28:52.156 - WARN 30417 --- [l-1:housekeeper] com.zaxxer.hikari.pool.HikariPool        : HikariPool-1 - Thread starvation or clock leap detected (housekeeper delta=15m27s840ms).
-2025-08-17 04:28:52.156 -DEBUG 30417 --- [l-1:housekeeper] com.zaxxer.hikari.pool.HikariPool        : HikariPool-1 - Before cleanup stats (total=5/10, idle=5/5, active=0, waiting=0)
-2025-08-17 04:28:52.156 -DEBUG 30417 --- [l-1:housekeeper] com.zaxxer.hikari.pool.HikariPool        : HikariPool-1 - After  cleanup stats (total=5/10, idle=5/5, active=0, waiting=0)
-2025-08-17 04:28:52.156 -DEBUG 30417 --- [l-1:housekeeper] com.zaxxer.hikari.pool.HikariPool        : HikariPool-1 - Fill pool skipped, pool has sufficient level or currently being filled.
-2025-08-17 04:29:00.093 - WARN 30417 --- [l-1:housekeeper] com.zaxxer.hikari.pool.PoolBase          : HikariPool-1 - Failed to validate connection com.mysql.cj.jdbc.ConnectionImpl@7f583af (No operations allowed after connection closed.). Possibly consider using a shorter maxLifetime value.
-2025-08-17 04:29:00.095 -DEBUG 30417 --- [nnection-closer] com.zaxxer.hikari.pool.PoolBase          : HikariPool-1 - Closing connection com.mysql.cj.jdbc.ConnectionImpl@7f583af: (connection is dead)
-2025-08-17 04:29:00.095 -DEBUG 30417 --- [onnection-adder] com.zaxxer.hikari.pool.PoolBase          : HikariPool-1 - Attempting to create/setup new connection (432290c5-6714-4c45-bc19-ba25234b34e7)
-2025-08-17 04:29:00.215 -DEBUG 30417 --- [onnection-adder] com.zaxxer.hikari.pool.PoolBase          : HikariPool-1 - Established new connection (432290c5-6714-4c45-bc19-ba25234b34e7)
-2025-08-17 04:29:00.215 -DEBUG 30417 --- [onnection-adder] com.zaxxer.hikari.pool.HikariPool        : HikariPool-1 - Added connection com.mysql.cj.jdbc.ConnectionImpl@7d2055a1
-2025-08-17 04:29:03.884 - WARN 30417 --- [l-1:housekeeper] com.zaxxer.hikari.pool.PoolBase          : HikariPool-1 - Failed to validate connection com.mysql.cj.jdbc.ConnectionImpl@7bef6cd7 (No operations allowed after connection closed.). Possibly consider using a shorter maxLifetime value.
-2025-08-17 04:29:03.885 -DEBUG 30417 --- [nnection-closer] com.zaxxer.hikari.pool.PoolBase          : HikariPool-1 - Closing connection com.mysql.cj.jdbc.ConnectionImpl@7bef6cd7: (connection is dead)
-2025-08-17 04:29:03.885 -DEBUG 30417 --- [onnection-adder] com.zaxxer.hikari.pool.PoolBase          : HikariPool-1 - Attempting to create/setup new connection (e90d254b-b49b-47d3-b20a-01db029bfd48)
-2025-08-17 04:29:03.953 -DEBUG 30417 --- [onnection-adder] com.zaxxer.hikari.pool.PoolBase          : HikariPool-1 - Established new connection (e90d254b-b49b-47d3-b20a-01db029bfd48)
-2025-08-17 04:29:03.953 -DEBUG 30417 --- [onnection-adder] com.zaxxer.hikari.pool.HikariPool        : HikariPool-1 - Added connection com.mysql.cj.jdbc.ConnectionImpl@3c1d5f9a
-2025-08-17 04:29:22.191 -DEBUG 30417 --- [l-1:housekeeper] com.zaxxer.hikari.pool.HikariPool        : HikariPool-1 - Before cleanup stats (total=5/10, idle=5/5, active=0, waiting=0)
-2025-08-17 04:29:22.191 -DEBUG 30417 --- [l-1:housekeeper] com.zaxxer.hikari.pool.HikariPool        : HikariPool-1 - After  cleanup stats (total=5/10, idle=5/5, active=0, waiting=0)
-2025-08-17 04:29:22.191 -DEBUG 30417 --- [l-1:housekeeper] com.zaxxer.hikari.pool.HikariPool        : HikariPool-1 - Fill pool skipped, pool has sufficient level or currently being filled.
-2025-08-17 04:44:49.949 - WARN 30417 --- [l-1:housekeeper] com.zaxxer.hikari.pool.HikariPool        : HikariPool-1 - Thread starvation or clock leap detected (housekeeper delta=15m27s758ms).
-2025-08-17 04:44:49.950 -DEBUG 30417 --- [l-1:housekeeper] com.zaxxer.hikari.pool.HikariPool        : HikariPool-1 - Before cleanup stats (total=5/10, idle=5/5, active=0, waiting=0)
-2025-08-17 04:44:49.950 -DEBUG 30417 --- [l-1:housekeeper] com.zaxxer.hikari.pool.HikariPool        : HikariPool-1 - After  cleanup stats (total=5/10, idle=5/5, active=0, waiting=0)
-2025-08-17 04:44:49.951 -DEBUG 30417 --- [l-1:housekeeper] com.zaxxer.hikari.pool.HikariPool        : HikariPool-1 - Fill pool skipped, pool has sufficient level or currently being filled.
-2025-08-17 04:44:55.108 - WARN 30417 --- [l-1:housekeeper] com.zaxxer.hikari.pool.PoolBase          : HikariPool-1 - Failed to validate connection com.mysql.cj.jdbc.ConnectionImpl@79926c42 (No operations allowed after connection closed.). Possibly consider using a shorter maxLifetime value.
-2025-08-17 04:44:55.109 -DEBUG 30417 --- [nnection-closer] com.zaxxer.hikari.pool.PoolBase          : HikariPool-1 - Closing connection com.mysql.cj.jdbc.ConnectionImpl@79926c42: (connection is dead)
-2025-08-17 04:44:55.110 -DEBUG 30417 --- [onnection-adder] com.zaxxer.hikari.pool.PoolBase          : HikariPool-1 - Attempting to create/setup new connection (a37f2688-c08b-4991-b7d4-22776e2f0f7d)
-2025-08-17 04:44:55.204 -DEBUG 30417 --- [onnection-adder] com.zaxxer.hikari.pool.PoolBase          : HikariPool-1 - Established new connection (a37f2688-c08b-4991-b7d4-22776e2f0f7d)
-2025-08-17 04:44:55.204 -DEBUG 30417 --- [onnection-adder] com.zaxxer.hikari.pool.HikariPool        : HikariPool-1 - Added connection com.mysql.cj.jdbc.ConnectionImpl@37d5fb85
-2025-08-17 04:45:11.633 - WARN 30417 --- [l-1:housekeeper] com.zaxxer.hikari.pool.PoolBase          : HikariPool-1 - Failed to validate connection com.mysql.cj.jdbc.ConnectionImpl@38af6679 (No operations allowed after connection closed.). Possibly consider using a shorter maxLifetime value.
-2025-08-17 04:45:11.634 -DEBUG 30417 --- [nnection-closer] com.zaxxer.hikari.pool.PoolBase          : HikariPool-1 - Closing connection com.mysql.cj.jdbc.ConnectionImpl@38af6679: (connection is dead)
-2025-08-17 04:45:11.635 -DEBUG 30417 --- [onnection-adder] com.zaxxer.hikari.pool.PoolBase          : HikariPool-1 - Attempting to create/setup new connection (b0612de2-cdf4-4034-a774-f4b5af009695)
-2025-08-17 04:45:11.692 -DEBUG 30417 --- [onnection-adder] com.zaxxer.hikari.pool.PoolBase          : HikariPool-1 - Established new connection (b0612de2-cdf4-4034-a774-f4b5af009695)
-2025-08-17 04:45:11.692 -DEBUG 30417 --- [onnection-adder] com.zaxxer.hikari.pool.HikariPool        : HikariPool-1 - Added connection com.mysql.cj.jdbc.ConnectionImpl@85afc97
-2025-08-17 04:45:19.953 -DEBUG 30417 --- [l-1:housekeeper] com.zaxxer.hikari.pool.HikariPool        : HikariPool-1 - Before cleanup stats (total=5/10, idle=5/5, active=0, waiting=0)
-2025-08-17 04:45:19.953 -DEBUG 30417 --- [l-1:housekeeper] com.zaxxer.hikari.pool.HikariPool        : HikariPool-1 - After  cleanup stats (total=5/10, idle=5/5, active=0, waiting=0)
-2025-08-17 04:45:19.953 -DEBUG 30417 --- [l-1:housekeeper] com.zaxxer.hikari.pool.HikariPool        : HikariPool-1 - Fill pool skipped, pool has sufficient level or currently being filled.
-2025-08-17 05:00:34.802 - WARN 30417 --- [l-1:housekeeper] com.zaxxer.hikari.pool.PoolBase          : HikariPool-1 - Failed to validate connection com.mysql.cj.jdbc.ConnectionImpl@7d2055a1 (No operations allowed after connection closed.). Possibly consider using a shorter maxLifetime value.
-2025-08-17 05:00:34.804 -DEBUG 30417 --- [nnection-closer] com.zaxxer.hikari.pool.PoolBase          : HikariPool-1 - Closing connection com.mysql.cj.jdbc.ConnectionImpl@7d2055a1: (connection is dead)
-2025-08-17 05:00:34.805 -DEBUG 30417 --- [onnection-adder] com.zaxxer.hikari.pool.PoolBase          : HikariPool-1 - Attempting to create/setup new connection (5a0f1cb5-9238-4111-8c45-233a7b42cc84)
-2025-08-17 05:00:35.006 -DEBUG 30417 --- [onnection-adder] com.zaxxer.hikari.pool.PoolBase          : HikariPool-1 - Established new connection (5a0f1cb5-9238-4111-8c45-233a7b42cc84)
-2025-08-17 05:00:35.006 -DEBUG 30417 --- [onnection-adder] com.zaxxer.hikari.pool.HikariPool        : HikariPool-1 - Added connection com.mysql.cj.jdbc.ConnectionImpl@7a987c1a
-2025-08-17 05:00:43.579 - WARN 30417 --- [l-1:housekeeper] com.zaxxer.hikari.pool.PoolBase          : HikariPool-1 - Failed to validate connection com.mysql.cj.jdbc.ConnectionImpl@4168f961 (No operations allowed after connection closed.). Possibly consider using a shorter maxLifetime value.
-2025-08-17 05:00:43.580 -DEBUG 30417 --- [nnection-closer] com.zaxxer.hikari.pool.PoolBase          : HikariPool-1 - Closing connection com.mysql.cj.jdbc.ConnectionImpl@4168f961: (connection is dead)
-2025-08-17 05:00:43.581 -DEBUG 30417 --- [onnection-adder] com.zaxxer.hikari.pool.PoolBase          : HikariPool-1 - Attempting to create/setup new connection (d061face-ecba-45c9-9c40-9e951f3d95dc)
-2025-08-17 05:00:43.815 -DEBUG 30417 --- [onnection-adder] com.zaxxer.hikari.pool.PoolBase          : HikariPool-1 - Established new connection (d061face-ecba-45c9-9c40-9e951f3d95dc)
-2025-08-17 05:00:43.815 -DEBUG 30417 --- [onnection-adder] com.zaxxer.hikari.pool.HikariPool        : HikariPool-1 - Added connection com.mysql.cj.jdbc.ConnectionImpl@180ca35a
-2025-08-17 05:00:46.103 - WARN 30417 --- [l-1:housekeeper] com.zaxxer.hikari.pool.PoolBase          : HikariPool-1 - Failed to validate connection com.mysql.cj.jdbc.ConnectionImpl@3c1d5f9a (No operations allowed after connection closed.). Possibly consider using a shorter maxLifetime value.
-2025-08-17 05:00:46.104 -DEBUG 30417 --- [nnection-closer] com.zaxxer.hikari.pool.PoolBase          : HikariPool-1 - Closing connection com.mysql.cj.jdbc.ConnectionImpl@3c1d5f9a: (connection is dead)
-2025-08-17 05:00:46.104 -DEBUG 30417 --- [onnection-adder] com.zaxxer.hikari.pool.PoolBase          : HikariPool-1 - Attempting to create/setup new connection (16248e0c-89f7-410e-86b4-aeb3d8012fb8)
-2025-08-17 05:00:46.302 -DEBUG 30417 --- [onnection-adder] com.zaxxer.hikari.pool.PoolBase          : HikariPool-1 - Established new connection (16248e0c-89f7-410e-86b4-aeb3d8012fb8)
-2025-08-17 05:00:46.302 -DEBUG 30417 --- [onnection-adder] com.zaxxer.hikari.pool.HikariPool        : HikariPool-1 - Added connection com.mysql.cj.jdbc.ConnectionImpl@5931a961
-2025-08-17 05:00:48.060 - WARN 30417 --- [l-1:housekeeper] com.zaxxer.hikari.pool.HikariPool        : HikariPool-1 - Thread starvation or clock leap detected (housekeeper delta=15m28s107ms).
-2025-08-17 05:00:48.060 -DEBUG 30417 --- [l-1:housekeeper] com.zaxxer.hikari.pool.HikariPool        : HikariPool-1 - Before cleanup stats (total=5/10, idle=5/5, active=0, waiting=0)
-2025-08-17 05:00:48.060 -DEBUG 30417 --- [l-1:housekeeper] com.zaxxer.hikari.pool.HikariPool        : HikariPool-1 - After  cleanup stats (total=5/10, idle=5/5, active=0, waiting=0)
-2025-08-17 05:00:48.060 -DEBUG 30417 --- [l-1:housekeeper] com.zaxxer.hikari.pool.HikariPool        : HikariPool-1 - Fill pool skipped, pool has sufficient level or currently being filled.
-2025-08-17 05:14:13.054 - WARN 30417 --- [l-1:housekeeper] com.zaxxer.hikari.pool.HikariPool        : HikariPool-1 - Thread starvation or clock leap detected (housekeeper delta=13m24s994ms).
-2025-08-17 05:14:13.056 -DEBUG 30417 --- [l-1:housekeeper] com.zaxxer.hikari.pool.HikariPool        : HikariPool-1 - Before cleanup stats (total=5/10, idle=5/5, active=0, waiting=0)
-2025-08-17 05:14:13.056 -DEBUG 30417 --- [l-1:housekeeper] com.zaxxer.hikari.pool.HikariPool        : HikariPool-1 - After  cleanup stats (total=5/10, idle=5/5, active=0, waiting=0)
-2025-08-17 05:14:13.056 -DEBUG 30417 --- [l-1:housekeeper] com.zaxxer.hikari.pool.HikariPool        : HikariPool-1 - Fill pool skipped, pool has sufficient level or currently being filled.
-2025-08-17 05:14:27.048 - WARN 30417 --- [l-1:housekeeper] com.zaxxer.hikari.pool.PoolBase          : HikariPool-1 - Failed to validate connection com.mysql.cj.jdbc.ConnectionImpl@37d5fb85 (No operations allowed after connection closed.). Possibly consider using a shorter maxLifetime value.
-2025-08-17 05:14:27.049 -DEBUG 30417 --- [nnection-closer] com.zaxxer.hikari.pool.PoolBase          : HikariPool-1 - Closing connection com.mysql.cj.jdbc.ConnectionImpl@37d5fb85: (connection is dead)
-2025-08-17 05:14:27.050 -DEBUG 30417 --- [onnection-adder] com.zaxxer.hikari.pool.PoolBase          : HikariPool-1 - Attempting to create/setup new connection (8b7db796-aa70-47ee-a2f9-4e55e4775c56)
-2025-08-17 05:14:27.450 -DEBUG 30417 --- [onnection-adder] com.zaxxer.hikari.pool.PoolBase          : HikariPool-1 - Established new connection (8b7db796-aa70-47ee-a2f9-4e55e4775c56)
-2025-08-17 05:14:27.450 -DEBUG 30417 --- [onnection-adder] com.zaxxer.hikari.pool.HikariPool        : HikariPool-1 - Added connection com.mysql.cj.jdbc.ConnectionImpl@56b8d9c
-2025-08-17 05:14:42.525 - WARN 30417 --- [l-1:housekeeper] com.zaxxer.hikari.pool.PoolBase          : HikariPool-1 - Failed to validate connection com.mysql.cj.jdbc.ConnectionImpl@85afc97 (No operations allowed after connection closed.). Possibly consider using a shorter maxLifetime value.
-2025-08-17 05:14:42.526 -DEBUG 30417 --- [nnection-closer] com.zaxxer.hikari.pool.PoolBase          : HikariPool-1 - Closing connection com.mysql.cj.jdbc.ConnectionImpl@85afc97: (connection is dead)
-2025-08-17 05:14:42.526 -DEBUG 30417 --- [onnection-adder] com.zaxxer.hikari.pool.PoolBase          : HikariPool-1 - Attempting to create/setup new connection (6468aeb9-ea54-4438-a205-7d087423a13c)
-2025-08-17 05:14:42.604 -DEBUG 30417 --- [onnection-adder] com.zaxxer.hikari.pool.PoolBase          : HikariPool-1 - Established new connection (6468aeb9-ea54-4438-a205-7d087423a13c)
-2025-08-17 05:14:42.604 -DEBUG 30417 --- [onnection-adder] com.zaxxer.hikari.pool.HikariPool        : HikariPool-1 - Added connection com.mysql.cj.jdbc.ConnectionImpl@5e98e357
-2025-08-17 05:14:43.060 -DEBUG 30417 --- [l-1:housekeeper] com.zaxxer.hikari.pool.HikariPool        : HikariPool-1 - Before cleanup stats (total=5/10, idle=5/5, active=0, waiting=0)
-2025-08-17 05:14:43.060 -DEBUG 30417 --- [l-1:housekeeper] com.zaxxer.hikari.pool.HikariPool        : HikariPool-1 - After  cleanup stats (total=5/10, idle=5/5, active=0, waiting=0)
-2025-08-17 05:14:43.060 -DEBUG 30417 --- [l-1:housekeeper] com.zaxxer.hikari.pool.HikariPool        : HikariPool-1 - Fill pool skipped, pool has sufficient level or currently being filled.
-2025-08-17 05:15:07.325 - WARN 30417 --- [l-1:housekeeper] com.zaxxer.hikari.pool.PoolBase          : HikariPool-1 - Failed to validate connection com.mysql.cj.jdbc.ConnectionImpl@7a987c1a (No operations allowed after connection closed.). Possibly consider using a shorter maxLifetime value.
-2025-08-17 05:15:07.328 -DEBUG 30417 --- [nnection-closer] com.zaxxer.hikari.pool.PoolBase          : HikariPool-1 - Closing connection com.mysql.cj.jdbc.ConnectionImpl@7a987c1a: (connection is dead)
-2025-08-17 05:15:07.329 -DEBUG 30417 --- [onnection-adder] com.zaxxer.hikari.pool.PoolBase          : HikariPool-1 - Attempting to create/setup new connection (820423c7-1442-45d7-a687-14e32b9f6dac)
-2025-08-17 05:15:07.411 -DEBUG 30417 --- [onnection-adder] com.zaxxer.hikari.pool.PoolBase          : HikariPool-1 - Established new connection (820423c7-1442-45d7-a687-14e32b9f6dac)
-2025-08-17 05:15:07.411 -DEBUG 30417 --- [onnection-adder] com.zaxxer.hikari.pool.HikariPool        : HikariPool-1 - Added connection com.mysql.cj.jdbc.ConnectionImpl@4578b6ae
-2025-08-17 05:30:10.819 - WARN 30417 --- [l-1:housekeeper] com.zaxxer.hikari.pool.HikariPool        : HikariPool-1 - Thread starvation or clock leap detected (housekeeper delta=15m27s759ms).
-2025-08-17 05:30:10.819 -DEBUG 30417 --- [l-1:housekeeper] com.zaxxer.hikari.pool.HikariPool        : HikariPool-1 - Before cleanup stats (total=5/10, idle=5/5, active=0, waiting=0)
-2025-08-17 05:30:10.819 -DEBUG 30417 --- [l-1:housekeeper] com.zaxxer.hikari.pool.HikariPool        : HikariPool-1 - After  cleanup stats (total=5/10, idle=5/5, active=0, waiting=0)
-2025-08-17 05:30:10.819 -DEBUG 30417 --- [l-1:housekeeper] com.zaxxer.hikari.pool.HikariPool        : HikariPool-1 - Fill pool skipped, pool has sufficient level or currently being filled.
-2025-08-17 05:30:27.363 - WARN 30417 --- [l-1:housekeeper] com.zaxxer.hikari.pool.PoolBase          : HikariPool-1 - Failed to validate connection com.mysql.cj.jdbc.ConnectionImpl@5931a961 (No operations allowed after connection closed.). Possibly consider using a shorter maxLifetime value.
-2025-08-17 05:30:27.363 -DEBUG 30417 --- [nnection-closer] com.zaxxer.hikari.pool.PoolBase          : HikariPool-1 - Closing connection com.mysql.cj.jdbc.ConnectionImpl@5931a961: (connection is dead)
-2025-08-17 05:30:27.364 -DEBUG 30417 --- [onnection-adder] com.zaxxer.hikari.pool.PoolBase          : HikariPool-1 - Attempting to create/setup new connection (8732d903-130c-434e-96bb-1becf416bc41)
-2025-08-17 05:30:27.435 -DEBUG 30417 --- [onnection-adder] com.zaxxer.hikari.pool.PoolBase          : HikariPool-1 - Established new connection (8732d903-130c-434e-96bb-1becf416bc41)
-2025-08-17 05:30:27.435 -DEBUG 30417 --- [onnection-adder] com.zaxxer.hikari.pool.HikariPool        : HikariPool-1 - Added connection com.mysql.cj.jdbc.ConnectionImpl@520e95fa
-2025-08-17 05:30:34.699 - WARN 30417 --- [l-1:housekeeper] com.zaxxer.hikari.pool.PoolBase          : HikariPool-1 - Failed to validate connection com.mysql.cj.jdbc.ConnectionImpl@180ca35a (No operations allowed after connection closed.). Possibly consider using a shorter maxLifetime value.
-2025-08-17 05:30:34.701 -DEBUG 30417 --- [nnection-closer] com.zaxxer.hikari.pool.PoolBase          : HikariPool-1 - Closing connection com.mysql.cj.jdbc.ConnectionImpl@180ca35a: (connection is dead)
-2025-08-17 05:30:34.702 -DEBUG 30417 --- [onnection-adder] com.zaxxer.hikari.pool.PoolBase          : HikariPool-1 - Attempting to create/setup new connection (df2901a7-ba27-4ebd-a3c1-adbf0529eadd)
-2025-08-17 05:30:34.901 -DEBUG 30417 --- [onnection-adder] com.zaxxer.hikari.pool.PoolBase          : HikariPool-1 - Established new connection (df2901a7-ba27-4ebd-a3c1-adbf0529eadd)
-2025-08-17 05:30:34.901 -DEBUG 30417 --- [onnection-adder] com.zaxxer.hikari.pool.HikariPool        : HikariPool-1 - Added connection com.mysql.cj.jdbc.ConnectionImpl@51d34b4
-2025-08-17 05:30:40.825 -DEBUG 30417 --- [l-1:housekeeper] com.zaxxer.hikari.pool.HikariPool        : HikariPool-1 - Before cleanup stats (total=5/10, idle=5/5, active=0, waiting=0)
-2025-08-17 05:30:40.825 -DEBUG 30417 --- [l-1:housekeeper] com.zaxxer.hikari.pool.HikariPool        : HikariPool-1 - After  cleanup stats (total=5/10, idle=5/5, active=0, waiting=0)
-2025-08-17 05:30:40.825 -DEBUG 30417 --- [l-1:housekeeper] com.zaxxer.hikari.pool.HikariPool        : HikariPool-1 - Fill pool skipped, pool has sufficient level or currently being filled.
-2025-08-17 05:46:02.308 - WARN 30417 --- [l-1:housekeeper] com.zaxxer.hikari.pool.PoolBase          : HikariPool-1 - Failed to validate connection com.mysql.cj.jdbc.ConnectionImpl@56b8d9c (No operations allowed after connection closed.). Possibly consider using a shorter maxLifetime value.
-2025-08-17 05:46:02.310 -DEBUG 30417 --- [nnection-closer] com.zaxxer.hikari.pool.PoolBase          : HikariPool-1 - Closing connection com.mysql.cj.jdbc.ConnectionImpl@56b8d9c: (connection is dead)
-2025-08-17 05:46:02.311 -DEBUG 30417 --- [onnection-adder] com.zaxxer.hikari.pool.PoolBase          : HikariPool-1 - Attempting to create/setup new connection (d9e4edc3-f2a7-473d-99a3-12b2e3643842)
-2025-08-17 05:46:02.403 -DEBUG 30417 --- [onnection-adder] com.zaxxer.hikari.pool.PoolBase          : HikariPool-1 - Established new connection (d9e4edc3-f2a7-473d-99a3-12b2e3643842)
-2025-08-17 05:46:02.404 -DEBUG 30417 --- [onnection-adder] com.zaxxer.hikari.pool.HikariPool        : HikariPool-1 - Added connection com.mysql.cj.jdbc.ConnectionImpl@71df7ed9
-2025-08-17 05:46:08.616 - WARN 30417 --- [l-1:housekeeper] com.zaxxer.hikari.pool.HikariPool        : HikariPool-1 - Thread starvation or clock leap detected (housekeeper delta=15m27s791ms).
-2025-08-17 05:46:08.616 -DEBUG 30417 --- [l-1:housekeeper] com.zaxxer.hikari.pool.HikariPool        : HikariPool-1 - Before cleanup stats (total=5/10, idle=5/5, active=0, waiting=0)
-2025-08-17 05:46:08.616 -DEBUG 30417 --- [l-1:housekeeper] com.zaxxer.hikari.pool.HikariPool        : HikariPool-1 - After  cleanup stats (total=5/10, idle=5/5, active=0, waiting=0)
-2025-08-17 05:46:08.616 -DEBUG 30417 --- [l-1:housekeeper] com.zaxxer.hikari.pool.HikariPool        : HikariPool-1 - Fill pool skipped, pool has sufficient level or currently being filled.
-2025-08-17 05:46:36.899 - WARN 30417 --- [l-1:housekeeper] com.zaxxer.hikari.pool.PoolBase          : HikariPool-1 - Failed to validate connection com.mysql.cj.jdbc.ConnectionImpl@5e98e357 (No operations allowed after connection closed.). Possibly consider using a shorter maxLifetime value.
-2025-08-17 05:46:36.900 -DEBUG 30417 --- [nnection-closer] com.zaxxer.hikari.pool.PoolBase          : HikariPool-1 - Closing connection com.mysql.cj.jdbc.ConnectionImpl@5e98e357: (connection is dead)
-2025-08-17 05:46:36.901 -DEBUG 30417 --- [onnection-adder] com.zaxxer.hikari.pool.PoolBase          : HikariPool-1 - Attempting to create/setup new connection (37a50aaf-da71-47ca-b102-98795350a8a8)
-2025-08-17 05:46:36.997 -DEBUG 30417 --- [onnection-adder] com.zaxxer.hikari.pool.PoolBase          : HikariPool-1 - Established new connection (37a50aaf-da71-47ca-b102-98795350a8a8)
-2025-08-17 05:46:36.998 -DEBUG 30417 --- [onnection-adder] com.zaxxer.hikari.pool.HikariPool        : HikariPool-1 - Added connection com.mysql.cj.jdbc.ConnectionImpl@23f2fc56
-2025-08-17 05:46:38.625 -DEBUG 30417 --- [l-1:housekeeper] com.zaxxer.hikari.pool.HikariPool        : HikariPool-1 - Before cleanup stats (total=5/10, idle=5/5, active=0, waiting=0)
-2025-08-17 05:46:38.625 -DEBUG 30417 --- [l-1:housekeeper] com.zaxxer.hikari.pool.HikariPool        : HikariPool-1 - After  cleanup stats (total=5/10, idle=5/5, active=0, waiting=0)
-2025-08-17 05:46:38.625 -DEBUG 30417 --- [l-1:housekeeper] com.zaxxer.hikari.pool.HikariPool        : HikariPool-1 - Fill pool skipped, pool has sufficient level or currently being filled.
-2025-08-17 06:01:49.095 - WARN 30417 --- [l-1:housekeeper] com.zaxxer.hikari.pool.PoolBase          : HikariPool-1 - Failed to validate connection com.mysql.cj.jdbc.ConnectionImpl@4578b6ae (No operations allowed after connection closed.). Possibly consider using a shorter maxLifetime value.
-2025-08-17 06:01:49.097 -DEBUG 30417 --- [nnection-closer] com.zaxxer.hikari.pool.PoolBase          : HikariPool-1 - Closing connection com.mysql.cj.jdbc.ConnectionImpl@4578b6ae: (connection is dead)
-2025-08-17 06:01:49.098 -DEBUG 30417 --- [onnection-adder] com.zaxxer.hikari.pool.PoolBase          : HikariPool-1 - Attempting to create/setup new connection (710a7cb3-3baa-4fa2-96ff-c55452843f16)
-2025-08-17 06:01:49.176 -DEBUG 30417 --- [onnection-adder] com.zaxxer.hikari.pool.PoolBase          : HikariPool-1 - Established new connection (710a7cb3-3baa-4fa2-96ff-c55452843f16)
-2025-08-17 06:01:49.176 -DEBUG 30417 --- [onnection-adder] com.zaxxer.hikari.pool.HikariPool        : HikariPool-1 - Added connection com.mysql.cj.jdbc.ConnectionImpl@309865cb
-2025-08-17 06:02:02.695 - WARN 30417 --- [l-1:housekeeper] com.zaxxer.hikari.pool.PoolBase          : HikariPool-1 - Failed to validate connection com.mysql.cj.jdbc.ConnectionImpl@520e95fa (No operations allowed after connection closed.). Possibly consider using a shorter maxLifetime value.
-2025-08-17 06:02:02.696 -DEBUG 30417 --- [nnection-closer] com.zaxxer.hikari.pool.PoolBase          : HikariPool-1 - Closing connection com.mysql.cj.jdbc.ConnectionImpl@520e95fa: (connection is dead)
-2025-08-17 06:02:02.697 -DEBUG 30417 --- [onnection-adder] com.zaxxer.hikari.pool.PoolBase          : HikariPool-1 - Attempting to create/setup new connection (a80bf792-39fb-45b4-bc1d-a38d67536368)
-2025-08-17 06:02:03.035 -DEBUG 30417 --- [onnection-adder] com.zaxxer.hikari.pool.PoolBase          : HikariPool-1 - Established new connection (a80bf792-39fb-45b4-bc1d-a38d67536368)
-2025-08-17 06:02:03.035 -DEBUG 30417 --- [onnection-adder] com.zaxxer.hikari.pool.HikariPool        : HikariPool-1 - Added connection com.mysql.cj.jdbc.ConnectionImpl@2db97cb1
-2025-08-17 06:02:06.524 - WARN 30417 --- [l-1:housekeeper] com.zaxxer.hikari.pool.HikariPool        : HikariPool-1 - Thread starvation or clock leap detected (housekeeper delta=15m27s899ms).
-2025-08-17 06:02:06.524 -DEBUG 30417 --- [l-1:housekeeper] com.zaxxer.hikari.pool.HikariPool        : HikariPool-1 - Before cleanup stats (total=5/10, idle=5/5, active=0, waiting=0)
-2025-08-17 06:02:06.525 -DEBUG 30417 --- [l-1:housekeeper] com.zaxxer.hikari.pool.HikariPool        : HikariPool-1 - After  cleanup stats (total=5/10, idle=5/5, active=0, waiting=0)
-2025-08-17 06:02:06.525 -DEBUG 30417 --- [l-1:housekeeper] com.zaxxer.hikari.pool.HikariPool        : HikariPool-1 - Fill pool skipped, pool has sufficient level or currently being filled.
-2025-08-17 06:02:20.228 - WARN 30417 --- [l-1:housekeeper] com.zaxxer.hikari.pool.PoolBase          : HikariPool-1 - Failed to validate connection com.mysql.cj.jdbc.ConnectionImpl@51d34b4 (No operations allowed after connection closed.). Possibly consider using a shorter maxLifetime value.
-2025-08-17 06:02:20.229 -DEBUG 30417 --- [nnection-closer] com.zaxxer.hikari.pool.PoolBase          : HikariPool-1 - Closing connection com.mysql.cj.jdbc.ConnectionImpl@51d34b4: (connection is dead)
-2025-08-17 06:02:20.229 -DEBUG 30417 --- [onnection-adder] com.zaxxer.hikari.pool.PoolBase          : HikariPool-1 - Attempting to create/setup new connection (dc7150eb-5157-473b-9d3d-455b14049fa3)
-2025-08-17 06:02:20.315 -DEBUG 30417 --- [onnection-adder] com.zaxxer.hikari.pool.PoolBase          : HikariPool-1 - Established new connection (dc7150eb-5157-473b-9d3d-455b14049fa3)
-2025-08-17 06:02:20.315 -DEBUG 30417 --- [onnection-adder] com.zaxxer.hikari.pool.HikariPool        : HikariPool-1 - Added connection com.mysql.cj.jdbc.ConnectionImpl@4ae39c88
-2025-08-17 06:15:13.421 - WARN 30417 --- [l-1:housekeeper] com.zaxxer.hikari.pool.HikariPool        : HikariPool-1 - Thread starvation or clock leap detected (housekeeper delta=13m6s896ms).
-2025-08-17 06:15:13.422 -DEBUG 30417 --- [l-1:housekeeper] com.zaxxer.hikari.pool.HikariPool        : HikariPool-1 - Before cleanup stats (total=5/10, idle=5/5, active=0, waiting=0)
-2025-08-17 06:15:13.422 -DEBUG 30417 --- [l-1:housekeeper] com.zaxxer.hikari.pool.HikariPool        : HikariPool-1 - After  cleanup stats (total=5/10, idle=5/5, active=0, waiting=0)
-2025-08-17 06:15:13.422 -DEBUG 30417 --- [l-1:housekeeper] com.zaxxer.hikari.pool.HikariPool        : HikariPool-1 - Fill pool skipped, pool has sufficient level or currently being filled.
-2025-08-17 06:15:22.916 - WARN 30417 --- [l-1:housekeeper] com.zaxxer.hikari.pool.PoolBase          : HikariPool-1 - Failed to validate connection com.mysql.cj.jdbc.ConnectionImpl@71df7ed9 (No operations allowed after connection closed.). Possibly consider using a shorter maxLifetime value.
-2025-08-17 06:15:22.916 -DEBUG 30417 --- [nnection-closer] com.zaxxer.hikari.pool.PoolBase          : HikariPool-1 - Closing connection com.mysql.cj.jdbc.ConnectionImpl@71df7ed9: (connection is dead)
-2025-08-17 06:15:22.917 -DEBUG 30417 --- [onnection-adder] com.zaxxer.hikari.pool.PoolBase          : HikariPool-1 - Attempting to create/setup new connection (d85f64cd-5938-49a5-868c-7e8e1edaf112)
-2025-08-17 06:15:22.984 -DEBUG 30417 --- [onnection-adder] com.zaxxer.hikari.pool.PoolBase          : HikariPool-1 - Established new connection (d85f64cd-5938-49a5-868c-7e8e1edaf112)
-2025-08-17 06:15:22.984 -DEBUG 30417 --- [onnection-adder] com.zaxxer.hikari.pool.HikariPool        : HikariPool-1 - Added connection com.mysql.cj.jdbc.ConnectionImpl@4c306984
-2025-08-17 06:15:43.430 -DEBUG 30417 --- [l-1:housekeeper] com.zaxxer.hikari.pool.HikariPool        : HikariPool-1 - Before cleanup stats (total=5/10, idle=5/5, active=0, waiting=0)
-2025-08-17 06:15:43.430 -DEBUG 30417 --- [l-1:housekeeper] com.zaxxer.hikari.pool.HikariPool        : HikariPool-1 - After  cleanup stats (total=5/10, idle=5/5, active=0, waiting=0)
-2025-08-17 06:15:43.431 -DEBUG 30417 --- [l-1:housekeeper] com.zaxxer.hikari.pool.HikariPool        : HikariPool-1 - Fill pool skipped, pool has sufficient level or currently being filled.
-2025-08-17 06:16:05.285 - WARN 30417 --- [l-1:housekeeper] com.zaxxer.hikari.pool.PoolBase          : HikariPool-1 - Failed to validate connection com.mysql.cj.jdbc.ConnectionImpl@23f2fc56 (No operations allowed after connection closed.). Possibly consider using a shorter maxLifetime value.
-2025-08-17 06:16:05.286 -DEBUG 30417 --- [nnection-closer] com.zaxxer.hikari.pool.PoolBase          : HikariPool-1 - Closing connection com.mysql.cj.jdbc.ConnectionImpl@23f2fc56: (connection is dead)
-2025-08-17 06:16:05.286 -DEBUG 30417 --- [onnection-adder] com.zaxxer.hikari.pool.PoolBase          : HikariPool-1 - Attempting to create/setup new connection (60535b0f-6f26-49ea-a81c-39eda26b613f)
-2025-08-17 06:16:05.382 -DEBUG 30417 --- [onnection-adder] com.zaxxer.hikari.pool.PoolBase          : HikariPool-1 - Established new connection (60535b0f-6f26-49ea-a81c-39eda26b613f)
-2025-08-17 06:16:05.382 -DEBUG 30417 --- [onnection-adder] com.zaxxer.hikari.pool.HikariPool        : HikariPool-1 - Added connection com.mysql.cj.jdbc.ConnectionImpl@2c1bf8a9
-2025-08-17 06:31:06.603 - WARN 30417 --- [l-1:housekeeper] com.zaxxer.hikari.pool.PoolBase          : HikariPool-1 - Failed to validate connection com.mysql.cj.jdbc.ConnectionImpl@309865cb (No operations allowed after connection closed.). Possibly consider using a shorter maxLifetime value.
-2025-08-17 06:31:06.603 -DEBUG 30417 --- [nnection-closer] com.zaxxer.hikari.pool.PoolBase          : HikariPool-1 - Closing connection com.mysql.cj.jdbc.ConnectionImpl@309865cb: (connection is dead)
-2025-08-17 06:31:06.603 -DEBUG 30417 --- [onnection-adder] com.zaxxer.hikari.pool.PoolBase          : HikariPool-1 - Attempting to create/setup new connection (37897ad2-fdeb-4c0f-8951-444298d25287)
-2025-08-17 06:31:06.670 -DEBUG 30417 --- [onnection-adder] com.zaxxer.hikari.pool.PoolBase          : HikariPool-1 - Established new connection (37897ad2-fdeb-4c0f-8951-444298d25287)
-2025-08-17 06:31:06.670 -DEBUG 30417 --- [onnection-adder] com.zaxxer.hikari.pool.HikariPool        : HikariPool-1 - Added connection com.mysql.cj.jdbc.ConnectionImpl@6d26f292
-2025-08-17 06:31:10.830 - WARN 30417 --- [l-1:housekeeper] com.zaxxer.hikari.pool.HikariPool        : HikariPool-1 - Thread starvation or clock leap detected (housekeeper delta=15m27s400ms).
-2025-08-17 06:31:10.830 -DEBUG 30417 --- [l-1:housekeeper] com.zaxxer.hikari.pool.HikariPool        : HikariPool-1 - Before cleanup stats (total=5/10, idle=5/5, active=0, waiting=0)
-2025-08-17 06:31:10.830 -DEBUG 30417 --- [l-1:housekeeper] com.zaxxer.hikari.pool.HikariPool        : HikariPool-1 - After  cleanup stats (total=5/10, idle=5/5, active=0, waiting=0)
-2025-08-17 06:31:10.830 -DEBUG 30417 --- [l-1:housekeeper] com.zaxxer.hikari.pool.HikariPool        : HikariPool-1 - Fill pool skipped, pool has sufficient level or currently being filled.
-2025-08-17 06:31:14.913 - WARN 30417 --- [l-1:housekeeper] com.zaxxer.hikari.pool.PoolBase          : HikariPool-1 - Failed to validate connection com.mysql.cj.jdbc.ConnectionImpl@2db97cb1 (No operations allowed after connection closed.). Possibly consider using a shorter maxLifetime value.
-2025-08-17 06:31:14.914 -DEBUG 30417 --- [nnection-closer] com.zaxxer.hikari.pool.PoolBase          : HikariPool-1 - Closing connection com.mysql.cj.jdbc.ConnectionImpl@2db97cb1: (connection is dead)
-2025-08-17 06:31:14.915 -DEBUG 30417 --- [onnection-adder] com.zaxxer.hikari.pool.PoolBase          : HikariPool-1 - Attempting to create/setup new connection (07cfd029-1096-4c93-b66d-523446a723bc)
-2025-08-17 06:31:14.983 -DEBUG 30417 --- [onnection-adder] com.zaxxer.hikari.pool.PoolBase          : HikariPool-1 - Established new connection (07cfd029-1096-4c93-b66d-523446a723bc)
-2025-08-17 06:31:14.984 -DEBUG 30417 --- [onnection-adder] com.zaxxer.hikari.pool.HikariPool        : HikariPool-1 - Added connection com.mysql.cj.jdbc.ConnectionImpl@2573e751
-2025-08-17 06:31:40.837 -DEBUG 30417 --- [l-1:housekeeper] com.zaxxer.hikari.pool.HikariPool        : HikariPool-1 - Before cleanup stats (total=5/10, idle=5/5, active=0, waiting=0)
-2025-08-17 06:31:40.837 -DEBUG 30417 --- [l-1:housekeeper] com.zaxxer.hikari.pool.HikariPool        : HikariPool-1 - After  cleanup stats (total=5/10, idle=5/5, active=0, waiting=0)
-2025-08-17 06:31:40.837 -DEBUG 30417 --- [l-1:housekeeper] com.zaxxer.hikari.pool.HikariPool        : HikariPool-1 - Fill pool skipped, pool has sufficient level or currently being filled.
-2025-08-17 06:31:45.307 - WARN 30417 --- [l-1:housekeeper] com.zaxxer.hikari.pool.PoolBase          : HikariPool-1 - Failed to validate connection com.mysql.cj.jdbc.ConnectionImpl@4ae39c88 (No operations allowed after connection closed.). Possibly consider using a shorter maxLifetime value.
-2025-08-17 06:31:45.308 -DEBUG 30417 --- [nnection-closer] com.zaxxer.hikari.pool.PoolBase          : HikariPool-1 - Closing connection com.mysql.cj.jdbc.ConnectionImpl@4ae39c88: (connection is dead)
-2025-08-17 06:31:45.309 -DEBUG 30417 --- [onnection-adder] com.zaxxer.hikari.pool.PoolBase          : HikariPool-1 - Attempting to create/setup new connection (99e49347-4602-41a7-97f5-3f6f929ba096)
-2025-08-17 06:31:45.402 -DEBUG 30417 --- [onnection-adder] com.zaxxer.hikari.pool.PoolBase          : HikariPool-1 - Established new connection (99e49347-4602-41a7-97f5-3f6f929ba096)
-2025-08-17 06:31:45.402 -DEBUG 30417 --- [onnection-adder] com.zaxxer.hikari.pool.HikariPool        : HikariPool-1 - Added connection com.mysql.cj.jdbc.ConnectionImpl@4acb7c52
-2025-08-17 06:47:01.073 - WARN 30417 --- [l-1:housekeeper] com.zaxxer.hikari.pool.PoolBase          : HikariPool-1 - Failed to validate connection com.mysql.cj.jdbc.ConnectionImpl@4c306984 (No operations allowed after connection closed.). Possibly consider using a shorter maxLifetime value.
-2025-08-17 06:47:01.074 -DEBUG 30417 --- [nnection-closer] com.zaxxer.hikari.pool.PoolBase          : HikariPool-1 - Closing connection com.mysql.cj.jdbc.ConnectionImpl@4c306984: (connection is dead)
-2025-08-17 06:47:01.075 -DEBUG 30417 --- [onnection-adder] com.zaxxer.hikari.pool.PoolBase          : HikariPool-1 - Attempting to create/setup new connection (6e2eddab-0343-4e66-a045-fae4dc150c1a)
-2025-08-17 06:47:01.269 -DEBUG 30417 --- [onnection-adder] com.zaxxer.hikari.pool.PoolBase          : HikariPool-1 - Established new connection (6e2eddab-0343-4e66-a045-fae4dc150c1a)
-2025-08-17 06:47:01.270 -DEBUG 30417 --- [onnection-adder] com.zaxxer.hikari.pool.HikariPool        : HikariPool-1 - Added connection com.mysql.cj.jdbc.ConnectionImpl@5fbc9e5
-2025-08-17 06:47:08.890 - WARN 30417 --- [l-1:housekeeper] com.zaxxer.hikari.pool.HikariPool        : HikariPool-1 - Thread starvation or clock leap detected (housekeeper delta=15m28s53ms).
-2025-08-17 06:47:08.890 -DEBUG 30417 --- [l-1:housekeeper] com.zaxxer.hikari.pool.HikariPool        : HikariPool-1 - Before cleanup stats (total=5/10, idle=5/5, active=0, waiting=0)
-2025-08-17 06:47:08.890 -DEBUG 30417 --- [l-1:housekeeper] com.zaxxer.hikari.pool.HikariPool        : HikariPool-1 - After  cleanup stats (total=5/10, idle=5/5, active=0, waiting=0)
-2025-08-17 06:47:08.890 -DEBUG 30417 --- [l-1:housekeeper] com.zaxxer.hikari.pool.HikariPool        : HikariPool-1 - Fill pool skipped, pool has sufficient level or currently being filled.
-2025-08-17 06:47:38.895 -DEBUG 30417 --- [l-1:housekeeper] com.zaxxer.hikari.pool.HikariPool        : HikariPool-1 - Before cleanup stats (total=5/10, idle=5/5, active=0, waiting=0)
-2025-08-17 06:47:38.896 -DEBUG 30417 --- [l-1:housekeeper] com.zaxxer.hikari.pool.HikariPool        : HikariPool-1 - After  cleanup stats (total=5/10, idle=5/5, active=0, waiting=0)
-2025-08-17 06:47:38.896 -DEBUG 30417 --- [l-1:housekeeper] com.zaxxer.hikari.pool.HikariPool        : HikariPool-1 - Fill pool skipped, pool has sufficient level or currently being filled.
-2025-08-17 07:02:38.679 - WARN 30417 --- [l-1:housekeeper] com.zaxxer.hikari.pool.PoolBase          : HikariPool-1 - Failed to validate connection com.mysql.cj.jdbc.ConnectionImpl@6d26f292 (No operations allowed after connection closed.). Possibly consider using a shorter maxLifetime value.
-2025-08-17 07:02:38.679 -DEBUG 30417 --- [nnection-closer] com.zaxxer.hikari.pool.PoolBase          : HikariPool-1 - Closing connection com.mysql.cj.jdbc.ConnectionImpl@6d26f292: (connection is dead)
-2025-08-17 07:02:38.679 -DEBUG 30417 --- [onnection-adder] com.zaxxer.hikari.pool.PoolBase          : HikariPool-1 - Attempting to create/setup new connection (39760d06-0a72-4d41-8fe3-a83a87bb3704)
-2025-08-17 07:02:38.771 -DEBUG 30417 --- [onnection-adder] com.zaxxer.hikari.pool.PoolBase          : HikariPool-1 - Established new connection (39760d06-0a72-4d41-8fe3-a83a87bb3704)
-2025-08-17 07:02:38.772 -DEBUG 30417 --- [onnection-adder] com.zaxxer.hikari.pool.HikariPool        : HikariPool-1 - Added connection com.mysql.cj.jdbc.ConnectionImpl@72ab9e3b
-2025-08-17 07:02:44.753 - WARN 30417 --- [l-1:housekeeper] com.zaxxer.hikari.pool.PoolBase          : HikariPool-1 - Failed to validate connection com.mysql.cj.jdbc.ConnectionImpl@2c1bf8a9 (No operations allowed after connection closed.). Possibly consider using a shorter maxLifetime value.
-2025-08-17 07:02:44.754 -DEBUG 30417 --- [nnection-closer] com.zaxxer.hikari.pool.PoolBase          : HikariPool-1 - Closing connection com.mysql.cj.jdbc.ConnectionImpl@2c1bf8a9: (connection is dead)
-2025-08-17 07:02:44.755 -DEBUG 30417 --- [onnection-adder] com.zaxxer.hikari.pool.PoolBase          : HikariPool-1 - Attempting to create/setup new connection (9f9daa0a-d67c-4c8e-affc-236586460c0f)
-2025-08-17 07:02:44.811 -DEBUG 30417 --- [onnection-adder] com.zaxxer.hikari.pool.PoolBase          : HikariPool-1 - Established new connection (9f9daa0a-d67c-4c8e-affc-236586460c0f)
-2025-08-17 07:02:44.811 -DEBUG 30417 --- [onnection-adder] com.zaxxer.hikari.pool.HikariPool        : HikariPool-1 - Added connection com.mysql.cj.jdbc.ConnectionImpl@2cb25473
-2025-08-17 07:02:50.390 - WARN 30417 --- [l-1:housekeeper] com.zaxxer.hikari.pool.PoolBase          : HikariPool-1 - Failed to validate connection com.mysql.cj.jdbc.ConnectionImpl@2573e751 (No operations allowed after connection closed.). Possibly consider using a shorter maxLifetime value.
-2025-08-17 07:02:50.391 -DEBUG 30417 --- [nnection-closer] com.zaxxer.hikari.pool.PoolBase          : HikariPool-1 - Closing connection com.mysql.cj.jdbc.ConnectionImpl@2573e751: (connection is dead)
-2025-08-17 07:02:50.391 -DEBUG 30417 --- [onnection-adder] com.zaxxer.hikari.pool.PoolBase          : HikariPool-1 - Attempting to create/setup new connection (3ebb2dbc-e865-42af-bf9d-9bc1b6b2f342)
-2025-08-17 07:02:50.460 -DEBUG 30417 --- [onnection-adder] com.zaxxer.hikari.pool.PoolBase          : HikariPool-1 - Established new connection (3ebb2dbc-e865-42af-bf9d-9bc1b6b2f342)
-2025-08-17 07:02:50.460 -DEBUG 30417 --- [onnection-adder] com.zaxxer.hikari.pool.HikariPool        : HikariPool-1 - Added connection com.mysql.cj.jdbc.ConnectionImpl@98e6fe4
-2025-08-17 07:03:06.635 - WARN 30417 --- [l-1:housekeeper] com.zaxxer.hikari.pool.HikariPool        : HikariPool-1 - Thread starvation or clock leap detected (housekeeper delta=15m27s740ms).
-2025-08-17 07:03:06.642 -DEBUG 30417 --- [l-1:housekeeper] com.zaxxer.hikari.pool.HikariPool        : HikariPool-1 - Before cleanup stats (total=5/10, idle=5/5, active=0, waiting=0)
-2025-08-17 07:03:06.643 -DEBUG 30417 --- [l-1:housekeeper] com.zaxxer.hikari.pool.HikariPool        : HikariPool-1 - After  cleanup stats (total=5/10, idle=5/5, active=0, waiting=0)
-2025-08-17 07:03:06.643 -DEBUG 30417 --- [l-1:housekeeper] com.zaxxer.hikari.pool.HikariPool        : HikariPool-1 - Fill pool skipped, pool has sufficient level or currently being filled.
-2025-08-17 07:03:18.732 - WARN 30417 --- [l-1:housekeeper] com.zaxxer.hikari.pool.PoolBase          : HikariPool-1 - Failed to validate connection com.mysql.cj.jdbc.ConnectionImpl@4acb7c52 (No operations allowed after connection closed.). Possibly consider using a shorter maxLifetime value.
-2025-08-17 07:03:18.733 -DEBUG 30417 --- [nnection-closer] com.zaxxer.hikari.pool.PoolBase          : HikariPool-1 - Closing connection com.mysql.cj.jdbc.ConnectionImpl@4acb7c52: (connection is dead)
-2025-08-17 07:03:18.734 -DEBUG 30417 --- [onnection-adder] com.zaxxer.hikari.pool.PoolBase          : HikariPool-1 - Attempting to create/setup new connection (3fbccee1-0f81-4ba3-9e15-20cd76a185a6)
-2025-08-17 07:03:18.818 -DEBUG 30417 --- [onnection-adder] com.zaxxer.hikari.pool.PoolBase          : HikariPool-1 - Established new connection (3fbccee1-0f81-4ba3-9e15-20cd76a185a6)
-2025-08-17 07:03:18.818 -DEBUG 30417 --- [onnection-adder] com.zaxxer.hikari.pool.HikariPool        : HikariPool-1 - Added connection com.mysql.cj.jdbc.ConnectionImpl@7e44486c
-2025-08-17 07:04:25.639 - WARN 30417 --- [l-1:housekeeper] com.zaxxer.hikari.pool.HikariPool        : HikariPool-1 - Thread starvation or clock leap detected (housekeeper delta=1m19s4ms).
-2025-08-17 07:04:25.640 -DEBUG 30417 --- [l-1:housekeeper] com.zaxxer.hikari.pool.HikariPool        : HikariPool-1 - Before cleanup stats (total=5/10, idle=5/5, active=0, waiting=0)
-2025-08-17 07:04:25.641 -DEBUG 30417 --- [l-1:housekeeper] com.zaxxer.hikari.pool.HikariPool        : HikariPool-1 - After  cleanup stats (total=5/10, idle=5/5, active=0, waiting=0)
-2025-08-17 07:04:25.641 -DEBUG 30417 --- [l-1:housekeeper] com.zaxxer.hikari.pool.HikariPool        : HikariPool-1 - Fill pool skipped, pool has sufficient level or currently being filled.
-2025-08-17 07:04:33.506 - WARN 30417 --- [l-1:housekeeper] com.zaxxer.hikari.pool.PoolBase          : HikariPool-1 - Failed to validate connection com.mysql.cj.jdbc.ConnectionImpl@5fbc9e5 (No operations allowed after connection closed.). Possibly consider using a shorter maxLifetime value.
-2025-08-17 07:04:33.507 -DEBUG 30417 --- [nnection-closer] com.zaxxer.hikari.pool.PoolBase          : HikariPool-1 - Closing connection com.mysql.cj.jdbc.ConnectionImpl@5fbc9e5: (connection is dead)
-2025-08-17 07:04:33.508 -DEBUG 30417 --- [onnection-adder] com.zaxxer.hikari.pool.PoolBase          : HikariPool-1 - Attempting to create/setup new connection (27b8c71a-873d-4440-a373-5e70aa35da8f)
-2025-08-17 07:04:33.573 -DEBUG 30417 --- [onnection-adder] com.zaxxer.hikari.pool.PoolBase          : HikariPool-1 - Established new connection (27b8c71a-873d-4440-a373-5e70aa35da8f)
-2025-08-17 07:04:33.573 -DEBUG 30417 --- [onnection-adder] com.zaxxer.hikari.pool.HikariPool        : HikariPool-1 - Added connection com.mysql.cj.jdbc.ConnectionImpl@5f1d8a2d
-2025-08-17 07:04:55.642 -DEBUG 30417 --- [l-1:housekeeper] com.zaxxer.hikari.pool.HikariPool        : HikariPool-1 - Before cleanup stats (total=5/10, idle=5/5, active=0, waiting=0)
-2025-08-17 07:04:55.643 -DEBUG 30417 --- [l-1:housekeeper] com.zaxxer.hikari.pool.HikariPool        : HikariPool-1 - After  cleanup stats (total=5/10, idle=5/5, active=0, waiting=0)
-2025-08-17 07:04:55.643 -DEBUG 30417 --- [l-1:housekeeper] com.zaxxer.hikari.pool.HikariPool        : HikariPool-1 - Fill pool skipped, pool has sufficient level or currently being filled.
-2025-08-17 07:16:25.836 - WARN 30417 --- [l-1:housekeeper] com.zaxxer.hikari.pool.PoolBase          : HikariPool-1 - Failed to validate connection com.mysql.cj.jdbc.ConnectionImpl@72ab9e3b (No operations allowed after connection closed.). Possibly consider using a shorter maxLifetime value.
-2025-08-17 07:16:25.838 -DEBUG 30417 --- [nnection-closer] com.zaxxer.hikari.pool.PoolBase          : HikariPool-1 - Closing connection com.mysql.cj.jdbc.ConnectionImpl@72ab9e3b: (connection is dead)
-2025-08-17 07:16:25.838 -DEBUG 30417 --- [onnection-adder] com.zaxxer.hikari.pool.PoolBase          : HikariPool-1 - Attempting to create/setup new connection (ba9ba3e2-6fd9-445d-b221-a2816a096813)
-2025-08-17 07:16:25.942 -DEBUG 30417 --- [onnection-adder] com.zaxxer.hikari.pool.PoolBase          : HikariPool-1 - Established new connection (ba9ba3e2-6fd9-445d-b221-a2816a096813)
-2025-08-17 07:16:25.942 -DEBUG 30417 --- [onnection-adder] com.zaxxer.hikari.pool.HikariPool        : HikariPool-1 - Added connection com.mysql.cj.jdbc.ConnectionImpl@63128e15
-2025-08-17 07:16:28.242 - WARN 30417 --- [l-1:housekeeper] com.zaxxer.hikari.pool.HikariPool        : HikariPool-1 - Thread starvation or clock leap detected (housekeeper delta=11m32s599ms).
-2025-08-17 07:16:28.242 -DEBUG 30417 --- [l-1:housekeeper] com.zaxxer.hikari.pool.HikariPool        : HikariPool-1 - Before cleanup stats (total=5/10, idle=5/5, active=0, waiting=0)
-2025-08-17 07:16:28.242 -DEBUG 30417 --- [l-1:housekeeper] com.zaxxer.hikari.pool.HikariPool        : HikariPool-1 - After  cleanup stats (total=5/10, idle=5/5, active=0, waiting=0)
-2025-08-17 07:16:28.242 -DEBUG 30417 --- [l-1:housekeeper] com.zaxxer.hikari.pool.HikariPool        : HikariPool-1 - Fill pool skipped, pool has sufficient level or currently being filled.
-2025-08-17 07:16:31.279 - WARN 30417 --- [l-1:housekeeper] com.zaxxer.hikari.pool.PoolBase          : HikariPool-1 - Failed to validate connection com.mysql.cj.jdbc.ConnectionImpl@2cb25473 (No operations allowed after connection closed.). Possibly consider using a shorter maxLifetime value.
-2025-08-17 07:16:31.279 -DEBUG 30417 --- [nnection-closer] com.zaxxer.hikari.pool.PoolBase          : HikariPool-1 - Closing connection com.mysql.cj.jdbc.ConnectionImpl@2cb25473: (connection is dead)
-2025-08-17 07:16:31.279 -DEBUG 30417 --- [onnection-adder] com.zaxxer.hikari.pool.PoolBase          : HikariPool-1 - Attempting to create/setup new connection (91d5d434-7197-4c60-9702-8eb05887e33e)
-2025-08-17 07:16:31.490 -DEBUG 30417 --- [onnection-adder] com.zaxxer.hikari.pool.PoolBase          : HikariPool-1 - Established new connection (91d5d434-7197-4c60-9702-8eb05887e33e)
-2025-08-17 07:16:31.490 -DEBUG 30417 --- [onnection-adder] com.zaxxer.hikari.pool.HikariPool        : HikariPool-1 - Added connection com.mysql.cj.jdbc.ConnectionImpl@6cfdb739
-2025-08-17 07:16:34.776 - WARN 30417 --- [l-1:housekeeper] com.zaxxer.hikari.pool.PoolBase          : HikariPool-1 - Failed to validate connection com.mysql.cj.jdbc.ConnectionImpl@98e6fe4 (No operations allowed after connection closed.). Possibly consider using a shorter maxLifetime value.
-2025-08-17 07:16:34.777 -DEBUG 30417 --- [nnection-closer] com.zaxxer.hikari.pool.PoolBase          : HikariPool-1 - Closing connection com.mysql.cj.jdbc.ConnectionImpl@98e6fe4: (connection is dead)
-2025-08-17 07:16:34.777 -DEBUG 30417 --- [onnection-adder] com.zaxxer.hikari.pool.PoolBase          : HikariPool-1 - Attempting to create/setup new connection (d7ae51a4-90f0-4e9f-8f51-eb2ccc043d69)
-2025-08-17 07:16:34.973 -DEBUG 30417 --- [onnection-adder] com.zaxxer.hikari.pool.PoolBase          : HikariPool-1 - Established new connection (d7ae51a4-90f0-4e9f-8f51-eb2ccc043d69)
-2025-08-17 07:16:34.973 -DEBUG 30417 --- [onnection-adder] com.zaxxer.hikari.pool.HikariPool        : HikariPool-1 - Added connection com.mysql.cj.jdbc.ConnectionImpl@2dc0bd02
-2025-08-17 07:16:58.252 -DEBUG 30417 --- [l-1:housekeeper] com.zaxxer.hikari.pool.HikariPool        : HikariPool-1 - Before cleanup stats (total=5/10, idle=5/5, active=0, waiting=0)
-2025-08-17 07:16:58.252 -DEBUG 30417 --- [l-1:housekeeper] com.zaxxer.hikari.pool.HikariPool        : HikariPool-1 - After  cleanup stats (total=5/10, idle=5/5, active=0, waiting=0)
-2025-08-17 07:16:58.252 -DEBUG 30417 --- [l-1:housekeeper] com.zaxxer.hikari.pool.HikariPool        : HikariPool-1 - Fill pool skipped, pool has sufficient level or currently being filled.
-2025-08-17 07:17:01.000 - WARN 30417 --- [l-1:housekeeper] com.zaxxer.hikari.pool.PoolBase          : HikariPool-1 - Failed to validate connection com.mysql.cj.jdbc.ConnectionImpl@7e44486c (No operations allowed after connection closed.). Possibly consider using a shorter maxLifetime value.
-2025-08-17 07:17:01.001 -DEBUG 30417 --- [nnection-closer] com.zaxxer.hikari.pool.PoolBase          : HikariPool-1 - Closing connection com.mysql.cj.jdbc.ConnectionImpl@7e44486c: (connection is dead)
-2025-08-17 07:17:01.001 -DEBUG 30417 --- [onnection-adder] com.zaxxer.hikari.pool.PoolBase          : HikariPool-1 - Attempting to create/setup new connection (58950389-615f-4361-9df6-9defa3ed0ff6)
-2025-08-17 07:17:01.082 -DEBUG 30417 --- [onnection-adder] com.zaxxer.hikari.pool.PoolBase          : HikariPool-1 - Established new connection (58950389-615f-4361-9df6-9defa3ed0ff6)
-2025-08-17 07:17:01.082 -DEBUG 30417 --- [onnection-adder] com.zaxxer.hikari.pool.HikariPool        : HikariPool-1 - Added connection com.mysql.cj.jdbc.ConnectionImpl@76ce7645
-2025-08-17 07:32:19.287 - WARN 30417 --- [l-1:housekeeper] com.zaxxer.hikari.pool.PoolBase          : HikariPool-1 - Failed to validate connection com.mysql.cj.jdbc.ConnectionImpl@5f1d8a2d (No operations allowed after connection closed.). Possibly consider using a shorter maxLifetime value.
-2025-08-17 07:32:19.288 -DEBUG 30417 --- [nnection-closer] com.zaxxer.hikari.pool.PoolBase          : HikariPool-1 - Closing connection com.mysql.cj.jdbc.ConnectionImpl@5f1d8a2d: (connection is dead)
-2025-08-17 07:32:19.288 -DEBUG 30417 --- [onnection-adder] com.zaxxer.hikari.pool.PoolBase          : HikariPool-1 - Attempting to create/setup new connection (dc4f55c0-6450-4b44-9cd0-6f08e06124d1)
-2025-08-17 07:32:19.357 -DEBUG 30417 --- [onnection-adder] com.zaxxer.hikari.pool.PoolBase          : HikariPool-1 - Established new connection (dc4f55c0-6450-4b44-9cd0-6f08e06124d1)
-2025-08-17 07:32:19.358 -DEBUG 30417 --- [onnection-adder] com.zaxxer.hikari.pool.HikariPool        : HikariPool-1 - Added connection com.mysql.cj.jdbc.ConnectionImpl@7c409f87
-2025-08-17 07:32:26.479 - WARN 30417 --- [l-1:housekeeper] com.zaxxer.hikari.pool.HikariPool        : HikariPool-1 - Thread starvation or clock leap detected (housekeeper delta=15m28s227ms).
-2025-08-17 07:32:26.480 -DEBUG 30417 --- [l-1:housekeeper] com.zaxxer.hikari.pool.HikariPool        : HikariPool-1 - Before cleanup stats (total=5/10, idle=5/5, active=0, waiting=0)
-2025-08-17 07:32:26.480 -DEBUG 30417 --- [l-1:housekeeper] com.zaxxer.hikari.pool.HikariPool        : HikariPool-1 - After  cleanup stats (total=5/10, idle=5/5, active=0, waiting=0)
-2025-08-17 07:32:26.480 -DEBUG 30417 --- [l-1:housekeeper] com.zaxxer.hikari.pool.HikariPool        : HikariPool-1 - Fill pool skipped, pool has sufficient level or currently being filled.
-2025-08-17 07:47:54.844 - WARN 30417 --- [l-1:housekeeper] com.zaxxer.hikari.pool.HikariPool        : HikariPool-1 - Thread starvation or clock leap detected (housekeeper delta=15m28s365ms).
-2025-08-17 07:47:54.845 -DEBUG 30417 --- [l-1:housekeeper] com.zaxxer.hikari.pool.HikariPool        : HikariPool-1 - Before cleanup stats (total=5/10, idle=5/5, active=0, waiting=0)
-2025-08-17 07:47:54.845 -DEBUG 30417 --- [l-1:housekeeper] com.zaxxer.hikari.pool.HikariPool        : HikariPool-1 - After  cleanup stats (total=5/10, idle=5/5, active=0, waiting=0)
-2025-08-17 07:47:54.845 -DEBUG 30417 --- [l-1:housekeeper] com.zaxxer.hikari.pool.HikariPool        : HikariPool-1 - Fill pool skipped, pool has sufficient level or currently being filled.
-2025-08-17 07:48:06.056 - WARN 30417 --- [l-1:housekeeper] com.zaxxer.hikari.pool.PoolBase          : HikariPool-1 - Failed to validate connection com.mysql.cj.jdbc.ConnectionImpl@6cfdb739 (No operations allowed after connection closed.). Possibly consider using a shorter maxLifetime value.
-2025-08-17 07:48:06.056 -DEBUG 30417 --- [nnection-closer] com.zaxxer.hikari.pool.PoolBase          : HikariPool-1 - Closing connection com.mysql.cj.jdbc.ConnectionImpl@6cfdb739: (connection is dead)
-2025-08-17 07:48:06.057 -DEBUG 30417 --- [onnection-adder] com.zaxxer.hikari.pool.PoolBase          : HikariPool-1 - Attempting to create/setup new connection (91a8eea5-26d6-40bd-a4ca-a4a8ea9ac819)
-2025-08-17 07:48:06.277 -DEBUG 30417 --- [onnection-adder] com.zaxxer.hikari.pool.PoolBase          : HikariPool-1 - Established new connection (91a8eea5-26d6-40bd-a4ca-a4a8ea9ac819)
-2025-08-17 07:48:06.278 -DEBUG 30417 --- [onnection-adder] com.zaxxer.hikari.pool.HikariPool        : HikariPool-1 - Added connection com.mysql.cj.jdbc.ConnectionImpl@2e7d42e3
-2025-08-17 07:48:08.425 - WARN 30417 --- [l-1:housekeeper] com.zaxxer.hikari.pool.PoolBase          : HikariPool-1 - Failed to validate connection com.mysql.cj.jdbc.ConnectionImpl@63128e15 (No operations allowed after connection closed.). Possibly consider using a shorter maxLifetime value.
-2025-08-17 07:48:08.425 -DEBUG 30417 --- [nnection-closer] com.zaxxer.hikari.pool.PoolBase          : HikariPool-1 - Closing connection com.mysql.cj.jdbc.ConnectionImpl@63128e15: (connection is dead)
-2025-08-17 07:48:08.426 -DEBUG 30417 --- [onnection-adder] com.zaxxer.hikari.pool.PoolBase          : HikariPool-1 - Attempting to create/setup new connection (3de12280-ac24-430d-91cd-2f2ccd204924)
-2025-08-17 07:48:08.493 -DEBUG 30417 --- [onnection-adder] com.zaxxer.hikari.pool.PoolBase          : HikariPool-1 - Established new connection (3de12280-ac24-430d-91cd-2f2ccd204924)
-2025-08-17 07:48:08.494 -DEBUG 30417 --- [onnection-adder] com.zaxxer.hikari.pool.HikariPool        : HikariPool-1 - Added connection com.mysql.cj.jdbc.ConnectionImpl@6f4048d8
-2025-08-17 07:48:23.377 - WARN 30417 --- [l-1:housekeeper] com.zaxxer.hikari.pool.PoolBase          : HikariPool-1 - Failed to validate connection com.mysql.cj.jdbc.ConnectionImpl@2dc0bd02 (No operations allowed after connection closed.). Possibly consider using a shorter maxLifetime value.
-2025-08-17 07:48:23.379 -DEBUG 30417 --- [nnection-closer] com.zaxxer.hikari.pool.PoolBase          : HikariPool-1 - Closing connection com.mysql.cj.jdbc.ConnectionImpl@2dc0bd02: (connection is dead)
-2025-08-17 07:48:23.379 -DEBUG 30417 --- [onnection-adder] com.zaxxer.hikari.pool.PoolBase          : HikariPool-1 - Attempting to create/setup new connection (22aa62d7-bf0e-4848-bf5d-0f222b40ccdf)
-2025-08-17 07:48:23.444 -DEBUG 30417 --- [onnection-adder] com.zaxxer.hikari.pool.PoolBase          : HikariPool-1 - Established new connection (22aa62d7-bf0e-4848-bf5d-0f222b40ccdf)
-2025-08-17 07:48:23.444 -DEBUG 30417 --- [onnection-adder] com.zaxxer.hikari.pool.HikariPool        : HikariPool-1 - Added connection com.mysql.cj.jdbc.ConnectionImpl@45d95c31
-2025-08-17 07:48:24.856 -DEBUG 30417 --- [l-1:housekeeper] com.zaxxer.hikari.pool.HikariPool        : HikariPool-1 - Before cleanup stats (total=5/10, idle=5/5, active=0, waiting=0)
-2025-08-17 07:48:24.856 -DEBUG 30417 --- [l-1:housekeeper] com.zaxxer.hikari.pool.HikariPool        : HikariPool-1 - After  cleanup stats (total=5/10, idle=5/5, active=0, waiting=0)
-2025-08-17 07:48:24.856 -DEBUG 30417 --- [l-1:housekeeper] com.zaxxer.hikari.pool.HikariPool        : HikariPool-1 - Fill pool skipped, pool has sufficient level or currently being filled.
-2025-08-17 08:03:46.633 - WARN 30417 --- [l-1:housekeeper] com.zaxxer.hikari.pool.PoolBase          : HikariPool-1 - Failed to validate connection com.mysql.cj.jdbc.ConnectionImpl@76ce7645 (No operations allowed after connection closed.). Possibly consider using a shorter maxLifetime value.
-2025-08-17 08:03:46.635 -DEBUG 30417 --- [nnection-closer] com.zaxxer.hikari.pool.PoolBase          : HikariPool-1 - Closing connection com.mysql.cj.jdbc.ConnectionImpl@76ce7645: (connection is dead)
-2025-08-17 08:03:46.636 -DEBUG 30417 --- [onnection-adder] com.zaxxer.hikari.pool.PoolBase          : HikariPool-1 - Attempting to create/setup new connection (95e5e9f3-1096-441a-8050-8c4199e1b6d4)
-2025-08-17 08:03:46.743 -DEBUG 30417 --- [onnection-adder] com.zaxxer.hikari.pool.PoolBase          : HikariPool-1 - Established new connection (95e5e9f3-1096-441a-8050-8c4199e1b6d4)
-2025-08-17 08:03:46.743 -DEBUG 30417 --- [onnection-adder] com.zaxxer.hikari.pool.HikariPool        : HikariPool-1 - Added connection com.mysql.cj.jdbc.ConnectionImpl@60a42275
-2025-08-17 08:03:52.620 - WARN 30417 --- [l-1:housekeeper] com.zaxxer.hikari.pool.PoolBase          : HikariPool-1 - Failed to validate connection com.mysql.cj.jdbc.ConnectionImpl@7c409f87 (No operations allowed after connection closed.). Possibly consider using a shorter maxLifetime value.
-2025-08-17 08:03:52.621 -DEBUG 30417 --- [nnection-closer] com.zaxxer.hikari.pool.PoolBase          : HikariPool-1 - Closing connection com.mysql.cj.jdbc.ConnectionImpl@7c409f87: (connection is dead)
-2025-08-17 08:03:52.622 -DEBUG 30417 --- [onnection-adder] com.zaxxer.hikari.pool.PoolBase          : HikariPool-1 - Attempting to create/setup new connection (c61ff803-e497-4152-9a81-15c9e0fbd240)
-2025-08-17 08:03:52.686 -DEBUG 30417 --- [onnection-adder] com.zaxxer.hikari.pool.PoolBase          : HikariPool-1 - Established new connection (c61ff803-e497-4152-9a81-15c9e0fbd240)
-2025-08-17 08:03:52.686 -DEBUG 30417 --- [onnection-adder] com.zaxxer.hikari.pool.HikariPool        : HikariPool-1 - Added connection com.mysql.cj.jdbc.ConnectionImpl@672113bd
-2025-08-17 08:03:52.892 - WARN 30417 --- [l-1:housekeeper] com.zaxxer.hikari.pool.HikariPool        : HikariPool-1 - Thread starvation or clock leap detected (housekeeper delta=15m28s36ms).
-2025-08-17 08:03:52.892 -DEBUG 30417 --- [l-1:housekeeper] com.zaxxer.hikari.pool.HikariPool        : HikariPool-1 - Before cleanup stats (total=5/10, idle=5/5, active=0, waiting=0)
-2025-08-17 08:03:52.892 -DEBUG 30417 --- [l-1:housekeeper] com.zaxxer.hikari.pool.HikariPool        : HikariPool-1 - After  cleanup stats (total=5/10, idle=5/5, active=0, waiting=0)
-2025-08-17 08:03:52.892 -DEBUG 30417 --- [l-1:housekeeper] com.zaxxer.hikari.pool.HikariPool        : HikariPool-1 - Fill pool skipped, pool has sufficient level or currently being filled.
-2025-08-17 08:04:22.895 -DEBUG 30417 --- [l-1:housekeeper] com.zaxxer.hikari.pool.HikariPool        : HikariPool-1 - Before cleanup stats (total=5/10, idle=5/5, active=0, waiting=0)
-2025-08-17 08:04:22.896 -DEBUG 30417 --- [l-1:housekeeper] com.zaxxer.hikari.pool.HikariPool        : HikariPool-1 - After  cleanup stats (total=5/10, idle=5/5, active=0, waiting=0)
-2025-08-17 08:04:22.897 -DEBUG 30417 --- [l-1:housekeeper] com.zaxxer.hikari.pool.HikariPool        : HikariPool-1 - Fill pool skipped, pool has sufficient level or currently being filled.
-2025-08-17 08:17:20.764 - WARN 30417 --- [l-1:housekeeper] com.zaxxer.hikari.pool.PoolBase          : HikariPool-1 - Failed to validate connection com.mysql.cj.jdbc.ConnectionImpl@2e7d42e3 (No operations allowed after connection closed.). Possibly consider using a shorter maxLifetime value.
-2025-08-17 08:17:20.766 -DEBUG 30417 --- [nnection-closer] com.zaxxer.hikari.pool.PoolBase          : HikariPool-1 - Closing connection com.mysql.cj.jdbc.ConnectionImpl@2e7d42e3: (connection is dead)
-2025-08-17 08:17:20.766 -DEBUG 30417 --- [onnection-adder] com.zaxxer.hikari.pool.PoolBase          : HikariPool-1 - Attempting to create/setup new connection (a4682154-4595-4a2c-b437-88cfb11dcbe8)
-2025-08-17 08:17:20.871 -DEBUG 30417 --- [onnection-adder] com.zaxxer.hikari.pool.PoolBase          : HikariPool-1 - Established new connection (a4682154-4595-4a2c-b437-88cfb11dcbe8)
-2025-08-17 08:17:20.871 -DEBUG 30417 --- [onnection-adder] com.zaxxer.hikari.pool.HikariPool        : HikariPool-1 - Added connection com.mysql.cj.jdbc.ConnectionImpl@1f17efb1
-2025-08-17 08:17:32.881 - WARN 30417 --- [l-1:housekeeper] com.zaxxer.hikari.pool.HikariPool        : HikariPool-1 - Thread starvation or clock leap detected (housekeeper delta=13m9s986ms).
-2025-08-17 08:17:32.881 -DEBUG 30417 --- [l-1:housekeeper] com.zaxxer.hikari.pool.HikariPool        : HikariPool-1 - Before cleanup stats (total=5/10, idle=5/5, active=0, waiting=0)
-2025-08-17 08:17:32.881 -DEBUG 30417 --- [l-1:housekeeper] com.zaxxer.hikari.pool.HikariPool        : HikariPool-1 - After  cleanup stats (total=5/10, idle=5/5, active=0, waiting=0)
-2025-08-17 08:17:32.882 -DEBUG 30417 --- [l-1:housekeeper] com.zaxxer.hikari.pool.HikariPool        : HikariPool-1 - Fill pool skipped, pool has sufficient level or currently being filled.
-2025-08-17 08:17:34.813 - WARN 30417 --- [l-1:housekeeper] com.zaxxer.hikari.pool.PoolBase          : HikariPool-1 - Failed to validate connection com.mysql.cj.jdbc.ConnectionImpl@6f4048d8 (No operations allowed after connection closed.). Possibly consider using a shorter maxLifetime value.
-2025-08-17 08:17:34.814 -DEBUG 30417 --- [nnection-closer] com.zaxxer.hikari.pool.PoolBase          : HikariPool-1 - Closing connection com.mysql.cj.jdbc.ConnectionImpl@6f4048d8: (connection is dead)
-2025-08-17 08:17:34.814 -DEBUG 30417 --- [onnection-adder] com.zaxxer.hikari.pool.PoolBase          : HikariPool-1 - Attempting to create/setup new connection (c6fce04c-bc0b-4f44-bf0e-b29a761740ea)
-2025-08-17 08:17:35.015 -DEBUG 30417 --- [onnection-adder] com.zaxxer.hikari.pool.PoolBase          : HikariPool-1 - Established new connection (c6fce04c-bc0b-4f44-bf0e-b29a761740ea)
-2025-08-17 08:17:35.015 -DEBUG 30417 --- [onnection-adder] com.zaxxer.hikari.pool.HikariPool        : HikariPool-1 - Added connection com.mysql.cj.jdbc.ConnectionImpl@69fe0fc8
-2025-08-17 08:17:45.703 - WARN 30417 --- [l-1:housekeeper] com.zaxxer.hikari.pool.PoolBase          : HikariPool-1 - Failed to validate connection com.mysql.cj.jdbc.ConnectionImpl@45d95c31 (No operations allowed after connection closed.). Possibly consider using a shorter maxLifetime value.
-2025-08-17 08:17:45.703 -DEBUG 30417 --- [nnection-closer] com.zaxxer.hikari.pool.PoolBase          : HikariPool-1 - Closing connection com.mysql.cj.jdbc.ConnectionImpl@45d95c31: (connection is dead)
-2025-08-17 08:17:45.704 -DEBUG 30417 --- [onnection-adder] com.zaxxer.hikari.pool.PoolBase          : HikariPool-1 - Attempting to create/setup new connection (9714c5df-6b9a-46fc-ad40-ae7e4cbd4097)
-2025-08-17 08:17:45.768 -DEBUG 30417 --- [onnection-adder] com.zaxxer.hikari.pool.PoolBase          : HikariPool-1 - Established new connection (9714c5df-6b9a-46fc-ad40-ae7e4cbd4097)
-2025-08-17 08:17:45.768 -DEBUG 30417 --- [onnection-adder] com.zaxxer.hikari.pool.HikariPool        : HikariPool-1 - Added connection com.mysql.cj.jdbc.ConnectionImpl@57e838d1
-2025-08-17 08:18:02.884 -DEBUG 30417 --- [l-1:housekeeper] com.zaxxer.hikari.pool.HikariPool        : HikariPool-1 - Before cleanup stats (total=5/10, idle=5/5, active=0, waiting=0)
-2025-08-17 08:18:02.885 -DEBUG 30417 --- [l-1:housekeeper] com.zaxxer.hikari.pool.HikariPool        : HikariPool-1 - After  cleanup stats (total=5/10, idle=5/5, active=0, waiting=0)
-2025-08-17 08:18:02.885 -DEBUG 30417 --- [l-1:housekeeper] com.zaxxer.hikari.pool.HikariPool        : HikariPool-1 - Fill pool skipped, pool has sufficient level or currently being filled.
-2025-08-17 08:33:08.511 - WARN 30417 --- [l-1:housekeeper] com.zaxxer.hikari.pool.PoolBase          : HikariPool-1 - Failed to validate connection com.mysql.cj.jdbc.ConnectionImpl@60a42275 (No operations allowed after connection closed.). Possibly consider using a shorter maxLifetime value.
-2025-08-17 08:33:08.511 -DEBUG 30417 --- [nnection-closer] com.zaxxer.hikari.pool.PoolBase          : HikariPool-1 - Closing connection com.mysql.cj.jdbc.ConnectionImpl@60a42275: (connection is dead)
-2025-08-17 08:33:08.512 -DEBUG 30417 --- [onnection-adder] com.zaxxer.hikari.pool.PoolBase          : HikariPool-1 - Attempting to create/setup new connection (b2d14cef-1204-4678-871c-9d6264434886)
-2025-08-17 08:33:08.597 -DEBUG 30417 --- [onnection-adder] com.zaxxer.hikari.pool.PoolBase          : HikariPool-1 - Established new connection (b2d14cef-1204-4678-871c-9d6264434886)
-2025-08-17 08:33:08.598 -DEBUG 30417 --- [onnection-adder] com.zaxxer.hikari.pool.HikariPool        : HikariPool-1 - Added connection com.mysql.cj.jdbc.ConnectionImpl@4d45c666
-2025-08-17 08:33:29.858 - WARN 30417 --- [l-1:housekeeper] com.zaxxer.hikari.pool.PoolBase          : HikariPool-1 - Failed to validate connection com.mysql.cj.jdbc.ConnectionImpl@672113bd (No operations allowed after connection closed.). Possibly consider using a shorter maxLifetime value.
-2025-08-17 08:33:29.859 -DEBUG 30417 --- [nnection-closer] com.zaxxer.hikari.pool.PoolBase          : HikariPool-1 - Closing connection com.mysql.cj.jdbc.ConnectionImpl@672113bd: (connection is dead)
-2025-08-17 08:33:29.860 -DEBUG 30417 --- [onnection-adder] com.zaxxer.hikari.pool.PoolBase          : HikariPool-1 - Attempting to create/setup new connection (f7a51883-04a3-4654-a455-52c41ce4238a)
-2025-08-17 08:33:30.242 -DEBUG 30417 --- [onnection-adder] com.zaxxer.hikari.pool.PoolBase          : HikariPool-1 - Established new connection (f7a51883-04a3-4654-a455-52c41ce4238a)
-2025-08-17 08:33:30.243 -DEBUG 30417 --- [onnection-adder] com.zaxxer.hikari.pool.HikariPool        : HikariPool-1 - Added connection com.mysql.cj.jdbc.ConnectionImpl@30154a1e
-2025-08-17 08:33:31.125 - WARN 30417 --- [l-1:housekeeper] com.zaxxer.hikari.pool.HikariPool        : HikariPool-1 - Thread starvation or clock leap detected (housekeeper delta=15m28s241ms).
-2025-08-17 08:33:31.125 -DEBUG 30417 --- [l-1:housekeeper] com.zaxxer.hikari.pool.HikariPool        : HikariPool-1 - Before cleanup stats (total=5/10, idle=5/5, active=0, waiting=0)
-2025-08-17 08:33:31.126 -DEBUG 30417 --- [l-1:housekeeper] com.zaxxer.hikari.pool.HikariPool        : HikariPool-1 - After  cleanup stats (total=5/10, idle=5/5, active=0, waiting=0)
-2025-08-17 08:33:31.126 -DEBUG 30417 --- [l-1:housekeeper] com.zaxxer.hikari.pool.HikariPool        : HikariPool-1 - Fill pool skipped, pool has sufficient level or currently being filled.
-2025-08-17 08:48:58.097 - WARN 30417 --- [l-1:housekeeper] com.zaxxer.hikari.pool.PoolBase          : HikariPool-1 - Failed to validate connection com.mysql.cj.jdbc.ConnectionImpl@1f17efb1 (No operations allowed after connection closed.). Possibly consider using a shorter maxLifetime value.
-2025-08-17 08:48:58.100 -DEBUG 30417 --- [nnection-closer] com.zaxxer.hikari.pool.PoolBase          : HikariPool-1 - Closing connection com.mysql.cj.jdbc.ConnectionImpl@1f17efb1: (connection is dead)
-2025-08-17 08:48:58.100 -DEBUG 30417 --- [onnection-adder] com.zaxxer.hikari.pool.PoolBase          : HikariPool-1 - Attempting to create/setup new connection (4617df7d-ee3c-4d58-aa43-d259932fb0de)
-2025-08-17 08:48:58.190 -DEBUG 30417 --- [onnection-adder] com.zaxxer.hikari.pool.PoolBase          : HikariPool-1 - Established new connection (4617df7d-ee3c-4d58-aa43-d259932fb0de)
-2025-08-17 08:48:58.190 -DEBUG 30417 --- [onnection-adder] com.zaxxer.hikari.pool.HikariPool        : HikariPool-1 - Added connection com.mysql.cj.jdbc.ConnectionImpl@4cc0582f
-2025-08-17 08:48:59.604 - WARN 30417 --- [l-1:housekeeper] com.zaxxer.hikari.pool.HikariPool        : HikariPool-1 - Thread starvation or clock leap detected (housekeeper delta=15m28s479ms).
-2025-08-17 08:48:59.604 -DEBUG 30417 --- [l-1:housekeeper] com.zaxxer.hikari.pool.HikariPool        : HikariPool-1 - Before cleanup stats (total=5/10, idle=5/5, active=0, waiting=0)
-2025-08-17 08:48:59.605 -DEBUG 30417 --- [l-1:housekeeper] com.zaxxer.hikari.pool.HikariPool        : HikariPool-1 - After  cleanup stats (total=5/10, idle=5/5, active=0, waiting=0)
-2025-08-17 08:48:59.605 -DEBUG 30417 --- [l-1:housekeeper] com.zaxxer.hikari.pool.HikariPool        : HikariPool-1 - Fill pool skipped, pool has sufficient level or currently being filled.
-2025-08-17 08:49:08.134 - WARN 30417 --- [l-1:housekeeper] com.zaxxer.hikari.pool.PoolBase          : HikariPool-1 - Failed to validate connection com.mysql.cj.jdbc.ConnectionImpl@69fe0fc8 (No operations allowed after connection closed.). Possibly consider using a shorter maxLifetime value.
-2025-08-17 08:49:08.135 -DEBUG 30417 --- [nnection-closer] com.zaxxer.hikari.pool.PoolBase          : HikariPool-1 - Closing connection com.mysql.cj.jdbc.ConnectionImpl@69fe0fc8: (connection is dead)
-2025-08-17 08:49:08.135 -DEBUG 30417 --- [onnection-adder] com.zaxxer.hikari.pool.PoolBase          : HikariPool-1 - Attempting to create/setup new connection (95801bdc-cea1-44f8-a206-eadd196ddedd)
-2025-08-17 08:49:08.205 -DEBUG 30417 --- [onnection-adder] com.zaxxer.hikari.pool.PoolBase          : HikariPool-1 - Established new connection (95801bdc-cea1-44f8-a206-eadd196ddedd)
-2025-08-17 08:49:08.206 -DEBUG 30417 --- [onnection-adder] com.zaxxer.hikari.pool.HikariPool        : HikariPool-1 - Added connection com.mysql.cj.jdbc.ConnectionImpl@3ccda81e
-2025-08-17 08:49:25.094 - WARN 30417 --- [l-1:housekeeper] com.zaxxer.hikari.pool.PoolBase          : HikariPool-1 - Failed to validate connection com.mysql.cj.jdbc.ConnectionImpl@57e838d1 (No operations allowed after connection closed.). Possibly consider using a shorter maxLifetime value.
-2025-08-17 08:49:25.094 -DEBUG 30417 --- [nnection-closer] com.zaxxer.hikari.pool.PoolBase          : HikariPool-1 - Closing connection com.mysql.cj.jdbc.ConnectionImpl@57e838d1: (connection is dead)
-2025-08-17 08:49:25.095 -DEBUG 30417 --- [onnection-adder] com.zaxxer.hikari.pool.PoolBase          : HikariPool-1 - Attempting to create/setup new connection (92bf0a78-8232-498e-95f7-dc74f42dc68a)
-2025-08-17 08:49:25.169 -DEBUG 30417 --- [onnection-adder] com.zaxxer.hikari.pool.PoolBase          : HikariPool-1 - Established new connection (92bf0a78-8232-498e-95f7-dc74f42dc68a)
-2025-08-17 08:49:25.169 -DEBUG 30417 --- [onnection-adder] com.zaxxer.hikari.pool.HikariPool        : HikariPool-1 - Added connection com.mysql.cj.jdbc.ConnectionImpl@7b7c6cce
-2025-08-17 08:49:29.612 -DEBUG 30417 --- [l-1:housekeeper] com.zaxxer.hikari.pool.HikariPool        : HikariPool-1 - Before cleanup stats (total=5/10, idle=5/5, active=0, waiting=0)
-2025-08-17 08:49:29.613 -DEBUG 30417 --- [l-1:housekeeper] com.zaxxer.hikari.pool.HikariPool        : HikariPool-1 - After  cleanup stats (total=5/10, idle=5/5, active=0, waiting=0)
-2025-08-17 08:49:29.613 -DEBUG 30417 --- [l-1:housekeeper] com.zaxxer.hikari.pool.HikariPool        : HikariPool-1 - Fill pool skipped, pool has sufficient level or currently being filled.
-2025-08-17 09:04:46.368 - WARN 30417 --- [l-1:housekeeper] com.zaxxer.hikari.pool.PoolBase          : HikariPool-1 - Failed to validate connection com.mysql.cj.jdbc.ConnectionImpl@4d45c666 (No operations allowed after connection closed.). Possibly consider using a shorter maxLifetime value.
-2025-08-17 09:04:46.370 -DEBUG 30417 --- [nnection-closer] com.zaxxer.hikari.pool.PoolBase          : HikariPool-1 - Closing connection com.mysql.cj.jdbc.ConnectionImpl@4d45c666: (connection is dead)
-2025-08-17 09:04:46.370 -DEBUG 30417 --- [onnection-adder] com.zaxxer.hikari.pool.PoolBase          : HikariPool-1 - Attempting to create/setup new connection (16074707-4739-4340-b962-8e230bdc804b)
-2025-08-17 09:04:46.548 -DEBUG 30417 --- [onnection-adder] com.zaxxer.hikari.pool.PoolBase          : HikariPool-1 - Established new connection (16074707-4739-4340-b962-8e230bdc804b)
-2025-08-17 09:04:46.549 -DEBUG 30417 --- [onnection-adder] com.zaxxer.hikari.pool.HikariPool        : HikariPool-1 - Added connection com.mysql.cj.jdbc.ConnectionImpl@5c1edfe7
-2025-08-17 09:04:57.461 - WARN 30417 --- [l-1:housekeeper] com.zaxxer.hikari.pool.HikariPool        : HikariPool-1 - Thread starvation or clock leap detected (housekeeper delta=15m27s849ms).
-2025-08-17 09:04:57.461 -DEBUG 30417 --- [l-1:housekeeper] com.zaxxer.hikari.pool.HikariPool        : HikariPool-1 - Before cleanup stats (total=5/10, idle=5/5, active=0, waiting=0)
-2025-08-17 09:04:57.461 -DEBUG 30417 --- [l-1:housekeeper] com.zaxxer.hikari.pool.HikariPool        : HikariPool-1 - After  cleanup stats (total=5/10, idle=5/5, active=0, waiting=0)
-2025-08-17 09:04:57.461 -DEBUG 30417 --- [l-1:housekeeper] com.zaxxer.hikari.pool.HikariPool        : HikariPool-1 - Fill pool skipped, pool has sufficient level or currently being filled.
-2025-08-17 09:05:10.058 - WARN 30417 --- [l-1:housekeeper] com.zaxxer.hikari.pool.PoolBase          : HikariPool-1 - Failed to validate connection com.mysql.cj.jdbc.ConnectionImpl@30154a1e (No operations allowed after connection closed.). Possibly consider using a shorter maxLifetime value.
-2025-08-17 09:05:10.059 -DEBUG 30417 --- [nnection-closer] com.zaxxer.hikari.pool.PoolBase          : HikariPool-1 - Closing connection com.mysql.cj.jdbc.ConnectionImpl@30154a1e: (connection is dead)
-2025-08-17 09:05:10.059 -DEBUG 30417 --- [onnection-adder] com.zaxxer.hikari.pool.PoolBase          : HikariPool-1 - Attempting to create/setup new connection (440d4b2e-6dbb-41d0-b35a-84c725c16de1)
-2025-08-17 09:05:10.138 -DEBUG 30417 --- [onnection-adder] com.zaxxer.hikari.pool.PoolBase          : HikariPool-1 - Established new connection (440d4b2e-6dbb-41d0-b35a-84c725c16de1)
-2025-08-17 09:05:10.138 -DEBUG 30417 --- [onnection-adder] com.zaxxer.hikari.pool.HikariPool        : HikariPool-1 - Added connection com.mysql.cj.jdbc.ConnectionImpl@57ffe3ea
-2025-08-17 09:05:27.469 -DEBUG 30417 --- [l-1:housekeeper] com.zaxxer.hikari.pool.HikariPool        : HikariPool-1 - Before cleanup stats (total=5/10, idle=5/5, active=0, waiting=0)
-2025-08-17 09:05:27.469 -DEBUG 30417 --- [l-1:housekeeper] com.zaxxer.hikari.pool.HikariPool        : HikariPool-1 - After  cleanup stats (total=5/10, idle=5/5, active=0, waiting=0)
-2025-08-17 09:05:27.469 -DEBUG 30417 --- [l-1:housekeeper] com.zaxxer.hikari.pool.HikariPool        : HikariPool-1 - Fill pool skipped, pool has sufficient level or currently being filled.
-2025-08-17 09:17:00.579 - WARN 30417 --- [l-1:housekeeper] com.zaxxer.hikari.pool.PoolBase          : HikariPool-1 - Failed to validate connection com.mysql.cj.jdbc.ConnectionImpl@3ccda81e (No operations allowed after connection closed.). Possibly consider using a shorter maxLifetime value.
-2025-08-17 09:17:00.580 -DEBUG 30417 --- [nnection-closer] com.zaxxer.hikari.pool.PoolBase          : HikariPool-1 - Closing connection com.mysql.cj.jdbc.ConnectionImpl@3ccda81e: (connection is dead)
-2025-08-17 09:17:00.580 -DEBUG 30417 --- [onnection-adder] com.zaxxer.hikari.pool.PoolBase          : HikariPool-1 - Attempting to create/setup new connection (40b5a061-a38a-42cc-9207-bdb0e217c465)
-2025-08-17 09:17:00.670 -DEBUG 30417 --- [onnection-adder] com.zaxxer.hikari.pool.PoolBase          : HikariPool-1 - Established new connection (40b5a061-a38a-42cc-9207-bdb0e217c465)
-2025-08-17 09:17:00.671 -DEBUG 30417 --- [onnection-adder] com.zaxxer.hikari.pool.HikariPool        : HikariPool-1 - Added connection com.mysql.cj.jdbc.ConnectionImpl@1439b901
-2025-08-17 09:17:03.741 - WARN 30417 --- [l-1:housekeeper] com.zaxxer.hikari.pool.PoolBase          : HikariPool-1 - Failed to validate connection com.mysql.cj.jdbc.ConnectionImpl@4cc0582f (No operations allowed after connection closed.). Possibly consider using a shorter maxLifetime value.
-2025-08-17 09:17:03.741 -DEBUG 30417 --- [nnection-closer] com.zaxxer.hikari.pool.PoolBase          : HikariPool-1 - Closing connection com.mysql.cj.jdbc.ConnectionImpl@4cc0582f: (connection is dead)
-2025-08-17 09:17:03.742 -DEBUG 30417 --- [onnection-adder] com.zaxxer.hikari.pool.PoolBase          : HikariPool-1 - Attempting to create/setup new connection (de758864-ac06-40e4-b327-b4650f5683ea)
-2025-08-17 09:17:03.824 -DEBUG 30417 --- [onnection-adder] com.zaxxer.hikari.pool.PoolBase          : HikariPool-1 - Established new connection (de758864-ac06-40e4-b327-b4650f5683ea)
-2025-08-17 09:17:03.824 -DEBUG 30417 --- [onnection-adder] com.zaxxer.hikari.pool.HikariPool        : HikariPool-1 - Added connection com.mysql.cj.jdbc.ConnectionImpl@5504b33a
-2025-08-17 09:17:11.630 - WARN 30417 --- [l-1:housekeeper] com.zaxxer.hikari.pool.HikariPool        : HikariPool-1 - Thread starvation or clock leap detected (housekeeper delta=11m44s161ms).
-2025-08-17 09:17:11.630 -DEBUG 30417 --- [l-1:housekeeper] com.zaxxer.hikari.pool.HikariPool        : HikariPool-1 - Before cleanup stats (total=5/10, idle=5/5, active=0, waiting=0)
-2025-08-17 09:17:11.630 -DEBUG 30417 --- [l-1:housekeeper] com.zaxxer.hikari.pool.HikariPool        : HikariPool-1 - After  cleanup stats (total=5/10, idle=5/5, active=0, waiting=0)
-2025-08-17 09:17:11.630 -DEBUG 30417 --- [l-1:housekeeper] com.zaxxer.hikari.pool.HikariPool        : HikariPool-1 - Fill pool skipped, pool has sufficient level or currently being filled.
-2025-08-17 09:17:25.398 - WARN 30417 --- [l-1:housekeeper] com.zaxxer.hikari.pool.PoolBase          : HikariPool-1 - Failed to validate connection com.mysql.cj.jdbc.ConnectionImpl@7b7c6cce (No operations allowed after connection closed.). Possibly consider using a shorter maxLifetime value.
-2025-08-17 09:17:25.399 -DEBUG 30417 --- [nnection-closer] com.zaxxer.hikari.pool.PoolBase          : HikariPool-1 - Closing connection com.mysql.cj.jdbc.ConnectionImpl@7b7c6cce: (connection is dead)
-2025-08-17 09:17:25.400 -DEBUG 30417 --- [onnection-adder] com.zaxxer.hikari.pool.PoolBase          : HikariPool-1 - Attempting to create/setup new connection (5ae9f6a8-8e86-4677-b089-45dc25c151e8)
-2025-08-17 09:17:25.464 -DEBUG 30417 --- [onnection-adder] com.zaxxer.hikari.pool.PoolBase          : HikariPool-1 - Established new connection (5ae9f6a8-8e86-4677-b089-45dc25c151e8)
-2025-08-17 09:17:25.465 -DEBUG 30417 --- [onnection-adder] com.zaxxer.hikari.pool.HikariPool        : HikariPool-1 - Added connection com.mysql.cj.jdbc.ConnectionImpl@3cd6209
-2025-08-17 09:17:41.637 -DEBUG 30417 --- [l-1:housekeeper] com.zaxxer.hikari.pool.HikariPool        : HikariPool-1 - Before cleanup stats (total=5/10, idle=5/5, active=0, waiting=0)
-2025-08-17 09:17:41.638 -DEBUG 30417 --- [l-1:housekeeper] com.zaxxer.hikari.pool.HikariPool        : HikariPool-1 - After  cleanup stats (total=5/10, idle=5/5, active=0, waiting=0)
-2025-08-17 09:17:41.638 -DEBUG 30417 --- [l-1:housekeeper] com.zaxxer.hikari.pool.HikariPool        : HikariPool-1 - Fill pool skipped, pool has sufficient level or currently being filled.
-2025-08-17 09:32:45.476 - WARN 30417 --- [l-1:housekeeper] com.zaxxer.hikari.pool.PoolBase          : HikariPool-1 - Failed to validate connection com.mysql.cj.jdbc.ConnectionImpl@5c1edfe7 (No operations allowed after connection closed.). Possibly consider using a shorter maxLifetime value.
-2025-08-17 09:32:45.477 -DEBUG 30417 --- [nnection-closer] com.zaxxer.hikari.pool.PoolBase          : HikariPool-1 - Closing connection com.mysql.cj.jdbc.ConnectionImpl@5c1edfe7: (connection is dead)
-2025-08-17 09:32:45.478 -DEBUG 30417 --- [onnection-adder] com.zaxxer.hikari.pool.PoolBase          : HikariPool-1 - Attempting to create/setup new connection (fa6b0a57-e006-47ab-80e0-2820b94e95d0)
-2025-08-17 09:32:45.610 -DEBUG 30417 --- [onnection-adder] com.zaxxer.hikari.pool.PoolBase          : HikariPool-1 - Established new connection (fa6b0a57-e006-47ab-80e0-2820b94e95d0)
-2025-08-17 09:32:45.610 -DEBUG 30417 --- [onnection-adder] com.zaxxer.hikari.pool.HikariPool        : HikariPool-1 - Added connection com.mysql.cj.jdbc.ConnectionImpl@5501a2cf
-2025-08-17 09:33:01.743 - WARN 30417 --- [l-1:housekeeper] com.zaxxer.hikari.pool.PoolBase          : HikariPool-1 - Failed to validate connection com.mysql.cj.jdbc.ConnectionImpl@57ffe3ea (No operations allowed after connection closed.). Possibly consider using a shorter maxLifetime value.
-2025-08-17 09:33:01.744 -DEBUG 30417 --- [nnection-closer] com.zaxxer.hikari.pool.PoolBase          : HikariPool-1 - Closing connection com.mysql.cj.jdbc.ConnectionImpl@57ffe3ea: (connection is dead)
-2025-08-17 09:33:01.745 -DEBUG 30417 --- [onnection-adder] com.zaxxer.hikari.pool.PoolBase          : HikariPool-1 - Attempting to create/setup new connection (b02e9bd7-34ec-4e27-ab40-1a1988f603b3)
-2025-08-17 09:33:01.806 -DEBUG 30417 --- [onnection-adder] com.zaxxer.hikari.pool.PoolBase          : HikariPool-1 - Established new connection (b02e9bd7-34ec-4e27-ab40-1a1988f603b3)
-2025-08-17 09:33:01.806 -DEBUG 30417 --- [onnection-adder] com.zaxxer.hikari.pool.HikariPool        : HikariPool-1 - Added connection com.mysql.cj.jdbc.ConnectionImpl@58ec0d27
-2025-08-17 09:33:10.167 - WARN 30417 --- [l-1:housekeeper] com.zaxxer.hikari.pool.HikariPool        : HikariPool-1 - Thread starvation or clock leap detected (housekeeper delta=15m28s530ms).
-2025-08-17 09:33:10.169 -DEBUG 30417 --- [l-1:housekeeper] com.zaxxer.hikari.pool.HikariPool        : HikariPool-1 - Before cleanup stats (total=5/10, idle=5/5, active=0, waiting=0)
-2025-08-17 09:33:10.169 -DEBUG 30417 --- [l-1:housekeeper] com.zaxxer.hikari.pool.HikariPool        : HikariPool-1 - After  cleanup stats (total=5/10, idle=5/5, active=0, waiting=0)
-2025-08-17 09:33:10.169 -DEBUG 30417 --- [l-1:housekeeper] com.zaxxer.hikari.pool.HikariPool        : HikariPool-1 - Fill pool skipped, pool has sufficient level or currently being filled.
-2025-08-17 09:48:38.160 - WARN 30417 --- [l-1:housekeeper] com.zaxxer.hikari.pool.HikariPool        : HikariPool-1 - Thread starvation or clock leap detected (housekeeper delta=15m27s993ms).
-2025-08-17 09:48:38.161 -DEBUG 30417 --- [l-1:housekeeper] com.zaxxer.hikari.pool.HikariPool        : HikariPool-1 - Before cleanup stats (total=5/10, idle=5/5, active=0, waiting=0)
-2025-08-17 09:48:38.162 -DEBUG 30417 --- [l-1:housekeeper] com.zaxxer.hikari.pool.HikariPool        : HikariPool-1 - After  cleanup stats (total=5/10, idle=5/5, active=0, waiting=0)
-2025-08-17 09:48:38.162 -DEBUG 30417 --- [l-1:housekeeper] com.zaxxer.hikari.pool.HikariPool        : HikariPool-1 - Fill pool skipped, pool has sufficient level or currently being filled.
-2025-08-17 09:48:41.322 - WARN 30417 --- [l-1:housekeeper] com.zaxxer.hikari.pool.PoolBase          : HikariPool-1 - Failed to validate connection com.mysql.cj.jdbc.ConnectionImpl@1439b901 (No operations allowed after connection closed.). Possibly consider using a shorter maxLifetime value.
-2025-08-17 09:48:41.322 -DEBUG 30417 --- [nnection-closer] com.zaxxer.hikari.pool.PoolBase          : HikariPool-1 - Closing connection com.mysql.cj.jdbc.ConnectionImpl@1439b901: (connection is dead)
-2025-08-17 09:48:41.323 -DEBUG 30417 --- [onnection-adder] com.zaxxer.hikari.pool.PoolBase          : HikariPool-1 - Attempting to create/setup new connection (d603c2fe-866a-4974-914c-d27c4c3bebd4)
-2025-08-17 09:48:41.425 -DEBUG 30417 --- [onnection-adder] com.zaxxer.hikari.pool.PoolBase          : HikariPool-1 - Established new connection (d603c2fe-866a-4974-914c-d27c4c3bebd4)
-2025-08-17 09:48:41.425 -DEBUG 30417 --- [onnection-adder] com.zaxxer.hikari.pool.HikariPool        : HikariPool-1 - Added connection com.mysql.cj.jdbc.ConnectionImpl@1d54207a
-2025-08-17 09:48:59.570 - WARN 30417 --- [l-1:housekeeper] com.zaxxer.hikari.pool.PoolBase          : HikariPool-1 - Failed to validate connection com.mysql.cj.jdbc.ConnectionImpl@5504b33a (No operations allowed after connection closed.). Possibly consider using a shorter maxLifetime value.
-2025-08-17 09:48:59.571 -DEBUG 30417 --- [nnection-closer] com.zaxxer.hikari.pool.PoolBase          : HikariPool-1 - Closing connection com.mysql.cj.jdbc.ConnectionImpl@5504b33a: (connection is dead)
-2025-08-17 09:48:59.572 -DEBUG 30417 --- [onnection-adder] com.zaxxer.hikari.pool.PoolBase          : HikariPool-1 - Attempting to create/setup new connection (b2656a21-17ab-4932-908b-5255964ba4c6)
-2025-08-17 09:48:59.630 -DEBUG 30417 --- [onnection-adder] com.zaxxer.hikari.pool.PoolBase          : HikariPool-1 - Established new connection (b2656a21-17ab-4932-908b-5255964ba4c6)
-2025-08-17 09:48:59.630 -DEBUG 30417 --- [onnection-adder] com.zaxxer.hikari.pool.HikariPool        : HikariPool-1 - Added connection com.mysql.cj.jdbc.ConnectionImpl@624b35f8
-2025-08-17 09:49:05.923 - WARN 30417 --- [l-1:housekeeper] com.zaxxer.hikari.pool.PoolBase          : HikariPool-1 - Failed to validate connection com.mysql.cj.jdbc.ConnectionImpl@3cd6209 (No operations allowed after connection closed.). Possibly consider using a shorter maxLifetime value.
-2025-08-17 09:49:05.924 -DEBUG 30417 --- [nnection-closer] com.zaxxer.hikari.pool.PoolBase          : HikariPool-1 - Closing connection com.mysql.cj.jdbc.ConnectionImpl@3cd6209: (connection is dead)
-2025-08-17 09:49:05.925 -DEBUG 30417 --- [onnection-adder] com.zaxxer.hikari.pool.PoolBase          : HikariPool-1 - Attempting to create/setup new connection (90c3fe06-59cd-4543-b993-2c7adf0d4e18)
-2025-08-17 09:49:05.997 -DEBUG 30417 --- [onnection-adder] com.zaxxer.hikari.pool.PoolBase          : HikariPool-1 - Established new connection (90c3fe06-59cd-4543-b993-2c7adf0d4e18)
-2025-08-17 09:49:05.998 -DEBUG 30417 --- [onnection-adder] com.zaxxer.hikari.pool.HikariPool        : HikariPool-1 - Added connection com.mysql.cj.jdbc.ConnectionImpl@47f03a24
-2025-08-17 09:49:08.161 -DEBUG 30417 --- [l-1:housekeeper] com.zaxxer.hikari.pool.HikariPool        : HikariPool-1 - Before cleanup stats (total=5/10, idle=5/5, active=0, waiting=0)
-2025-08-17 09:49:08.161 -DEBUG 30417 --- [l-1:housekeeper] com.zaxxer.hikari.pool.HikariPool        : HikariPool-1 - After  cleanup stats (total=5/10, idle=5/5, active=0, waiting=0)
-2025-08-17 09:49:08.161 -DEBUG 30417 --- [l-1:housekeeper] com.zaxxer.hikari.pool.HikariPool        : HikariPool-1 - Fill pool skipped, pool has sufficient level or currently being filled.
-2025-08-17 10:04:35.532 - WARN 30417 --- [l-1:housekeeper] com.zaxxer.hikari.pool.PoolBase          : HikariPool-1 - Failed to validate connection com.mysql.cj.jdbc.ConnectionImpl@5501a2cf (No operations allowed after connection closed.). Possibly consider using a shorter maxLifetime value.
-2025-08-17 10:04:35.534 -DEBUG 30417 --- [nnection-closer] com.zaxxer.hikari.pool.PoolBase          : HikariPool-1 - Closing connection com.mysql.cj.jdbc.ConnectionImpl@5501a2cf: (connection is dead)
-2025-08-17 10:04:35.535 -DEBUG 30417 --- [onnection-adder] com.zaxxer.hikari.pool.PoolBase          : HikariPool-1 - Attempting to create/setup new connection (04a7a6fe-7ae0-4755-a414-3b6bb08995bf)
-2025-08-17 10:04:35.642 -DEBUG 30417 --- [onnection-adder] com.zaxxer.hikari.pool.PoolBase          : HikariPool-1 - Established new connection (04a7a6fe-7ae0-4755-a414-3b6bb08995bf)
-2025-08-17 10:04:35.642 -DEBUG 30417 --- [onnection-adder] com.zaxxer.hikari.pool.HikariPool        : HikariPool-1 - Added connection com.mysql.cj.jdbc.ConnectionImpl@6a01e096
-2025-08-17 10:04:36.037 - WARN 30417 --- [l-1:housekeeper] com.zaxxer.hikari.pool.HikariPool        : HikariPool-1 - Thread starvation or clock leap detected (housekeeper delta=15m27s876ms).
-2025-08-17 10:04:36.037 -DEBUG 30417 --- [l-1:housekeeper] com.zaxxer.hikari.pool.HikariPool        : HikariPool-1 - Before cleanup stats (total=5/10, idle=5/5, active=0, waiting=0)
-2025-08-17 10:04:36.037 -DEBUG 30417 --- [l-1:housekeeper] com.zaxxer.hikari.pool.HikariPool        : HikariPool-1 - After  cleanup stats (total=5/10, idle=5/5, active=0, waiting=0)
-2025-08-17 10:04:36.037 -DEBUG 30417 --- [l-1:housekeeper] com.zaxxer.hikari.pool.HikariPool        : HikariPool-1 - Fill pool skipped, pool has sufficient level or currently being filled.
-2025-08-17 10:04:40.262 - WARN 30417 --- [l-1:housekeeper] com.zaxxer.hikari.pool.PoolBase          : HikariPool-1 - Failed to validate connection com.mysql.cj.jdbc.ConnectionImpl@58ec0d27 (No operations allowed after connection closed.). Possibly consider using a shorter maxLifetime value.
-2025-08-17 10:04:40.262 -DEBUG 30417 --- [nnection-closer] com.zaxxer.hikari.pool.PoolBase          : HikariPool-1 - Closing connection com.mysql.cj.jdbc.ConnectionImpl@58ec0d27: (connection is dead)
-2025-08-17 10:04:40.262 -DEBUG 30417 --- [onnection-adder] com.zaxxer.hikari.pool.PoolBase          : HikariPool-1 - Attempting to create/setup new connection (b606f7e9-58d2-49a3-bc22-86ceb537489b)
-2025-08-17 10:04:40.462 -DEBUG 30417 --- [onnection-adder] com.zaxxer.hikari.pool.PoolBase          : HikariPool-1 - Established new connection (b606f7e9-58d2-49a3-bc22-86ceb537489b)
-2025-08-17 10:04:40.462 -DEBUG 30417 --- [onnection-adder] com.zaxxer.hikari.pool.HikariPool        : HikariPool-1 - Added connection com.mysql.cj.jdbc.ConnectionImpl@2b3ceaad
-2025-08-17 10:18:09.988 - WARN 30417 --- [l-1:housekeeper] com.zaxxer.hikari.pool.HikariPool        : HikariPool-1 - Thread starvation or clock leap detected (housekeeper delta=13m33s951ms).
-2025-08-17 10:18:09.989 -DEBUG 30417 --- [l-1:housekeeper] com.zaxxer.hikari.pool.HikariPool        : HikariPool-1 - Before cleanup stats (total=5/10, idle=5/5, active=0, waiting=0)
-2025-08-17 10:18:09.989 -DEBUG 30417 --- [l-1:housekeeper] com.zaxxer.hikari.pool.HikariPool        : HikariPool-1 - After  cleanup stats (total=5/10, idle=5/5, active=0, waiting=0)
-2025-08-17 10:18:09.989 -DEBUG 30417 --- [l-1:housekeeper] com.zaxxer.hikari.pool.HikariPool        : HikariPool-1 - Fill pool skipped, pool has sufficient level or currently being filled.
-2025-08-17 10:18:28.259 - WARN 30417 --- [l-1:housekeeper] com.zaxxer.hikari.pool.PoolBase          : HikariPool-1 - Failed to validate connection com.mysql.cj.jdbc.ConnectionImpl@1d54207a (No operations allowed after connection closed.). Possibly consider using a shorter maxLifetime value.
-2025-08-17 10:18:28.260 -DEBUG 30417 --- [nnection-closer] com.zaxxer.hikari.pool.PoolBase          : HikariPool-1 - Closing connection com.mysql.cj.jdbc.ConnectionImpl@1d54207a: (connection is dead)
-2025-08-17 10:18:28.260 -DEBUG 30417 --- [onnection-adder] com.zaxxer.hikari.pool.PoolBase          : HikariPool-1 - Attempting to create/setup new connection (f8d31e02-d630-4457-a64d-54191861d297)
-2025-08-17 10:18:28.380 -DEBUG 30417 --- [onnection-adder] com.zaxxer.hikari.pool.PoolBase          : HikariPool-1 - Established new connection (f8d31e02-d630-4457-a64d-54191861d297)
-2025-08-17 10:18:28.380 -DEBUG 30417 --- [onnection-adder] com.zaxxer.hikari.pool.HikariPool        : HikariPool-1 - Added connection com.mysql.cj.jdbc.ConnectionImpl@57dbe9cc
-2025-08-17 10:18:39.992 -DEBUG 30417 --- [l-1:housekeeper] com.zaxxer.hikari.pool.HikariPool        : HikariPool-1 - Before cleanup stats (total=5/10, idle=5/5, active=0, waiting=0)
-2025-08-17 10:18:39.993 -DEBUG 30417 --- [l-1:housekeeper] com.zaxxer.hikari.pool.HikariPool        : HikariPool-1 - After  cleanup stats (total=5/10, idle=5/5, active=0, waiting=0)
-2025-08-17 10:18:39.993 -DEBUG 30417 --- [l-1:housekeeper] com.zaxxer.hikari.pool.HikariPool        : HikariPool-1 - Fill pool skipped, pool has sufficient level or currently being filled.
-2025-08-17 10:18:47.128 - WARN 30417 --- [l-1:housekeeper] com.zaxxer.hikari.pool.PoolBase          : HikariPool-1 - Failed to validate connection com.mysql.cj.jdbc.ConnectionImpl@624b35f8 (No operations allowed after connection closed.). Possibly consider using a shorter maxLifetime value.
-2025-08-17 10:18:47.129 -DEBUG 30417 --- [nnection-closer] com.zaxxer.hikari.pool.PoolBase          : HikariPool-1 - Closing connection com.mysql.cj.jdbc.ConnectionImpl@624b35f8: (connection is dead)
-2025-08-17 10:18:47.130 -DEBUG 30417 --- [onnection-adder] com.zaxxer.hikari.pool.PoolBase          : HikariPool-1 - Attempting to create/setup new connection (cfcbe4df-51e6-4341-b32d-239ca50a1c05)
-2025-08-17 10:18:47.195 -DEBUG 30417 --- [onnection-adder] com.zaxxer.hikari.pool.PoolBase          : HikariPool-1 - Established new connection (cfcbe4df-51e6-4341-b32d-239ca50a1c05)
-2025-08-17 10:18:47.196 -DEBUG 30417 --- [onnection-adder] com.zaxxer.hikari.pool.HikariPool        : HikariPool-1 - Added connection com.mysql.cj.jdbc.ConnectionImpl@1b5c51f6
-2025-08-17 10:18:51.458 - WARN 30417 --- [l-1:housekeeper] com.zaxxer.hikari.pool.PoolBase          : HikariPool-1 - Failed to validate connection com.mysql.cj.jdbc.ConnectionImpl@47f03a24 (No operations allowed after connection closed.). Possibly consider using a shorter maxLifetime value.
-2025-08-17 10:18:51.459 -DEBUG 30417 --- [nnection-closer] com.zaxxer.hikari.pool.PoolBase          : HikariPool-1 - Closing connection com.mysql.cj.jdbc.ConnectionImpl@47f03a24: (connection is dead)
-2025-08-17 10:18:51.459 -DEBUG 30417 --- [onnection-adder] com.zaxxer.hikari.pool.PoolBase          : HikariPool-1 - Attempting to create/setup new connection (a1754163-7914-4703-84ee-f279ce4f8043)
-2025-08-17 10:18:51.534 -DEBUG 30417 --- [onnection-adder] com.zaxxer.hikari.pool.PoolBase          : HikariPool-1 - Established new connection (a1754163-7914-4703-84ee-f279ce4f8043)
-2025-08-17 10:18:51.535 -DEBUG 30417 --- [onnection-adder] com.zaxxer.hikari.pool.HikariPool        : HikariPool-1 - Added connection com.mysql.cj.jdbc.ConnectionImpl@5a615bcd
-2025-08-17 10:19:52.419 - WARN 30417 --- [l-1:housekeeper] com.zaxxer.hikari.pool.HikariPool        : HikariPool-1 - Thread starvation or clock leap detected (housekeeper delta=1m12s427ms).
-2025-08-17 10:19:52.420 -DEBUG 30417 --- [l-1:housekeeper] com.zaxxer.hikari.pool.HikariPool        : HikariPool-1 - Before cleanup stats (total=5/10, idle=5/5, active=0, waiting=0)
-2025-08-17 10:19:52.421 -DEBUG 30417 --- [l-1:housekeeper] com.zaxxer.hikari.pool.HikariPool        : HikariPool-1 - After  cleanup stats (total=5/10, idle=5/5, active=0, waiting=0)
-2025-08-17 10:19:52.421 -DEBUG 30417 --- [l-1:housekeeper] com.zaxxer.hikari.pool.HikariPool        : HikariPool-1 - Fill pool skipped, pool has sufficient level or currently being filled.
-2025-08-17 10:20:08.886 - WARN 30417 --- [l-1:housekeeper] com.zaxxer.hikari.pool.PoolBase          : HikariPool-1 - Failed to validate connection com.mysql.cj.jdbc.ConnectionImpl@2b3ceaad (No operations allowed after connection closed.). Possibly consider using a shorter maxLifetime value.
-2025-08-17 10:20:08.887 -DEBUG 30417 --- [nnection-closer] com.zaxxer.hikari.pool.PoolBase          : HikariPool-1 - Closing connection com.mysql.cj.jdbc.ConnectionImpl@2b3ceaad: (connection is dead)
-2025-08-17 10:20:08.888 -DEBUG 30417 --- [onnection-adder] com.zaxxer.hikari.pool.PoolBase          : HikariPool-1 - Attempting to create/setup new connection (504b1edb-6015-44cc-a8ed-3d820d3ffd4d)
-2025-08-17 10:20:09.106 -DEBUG 30417 --- [onnection-adder] com.zaxxer.hikari.pool.PoolBase          : HikariPool-1 - Established new connection (504b1edb-6015-44cc-a8ed-3d820d3ffd4d)
-2025-08-17 10:20:09.107 -DEBUG 30417 --- [onnection-adder] com.zaxxer.hikari.pool.HikariPool        : HikariPool-1 - Added connection com.mysql.cj.jdbc.ConnectionImpl@259cd64b
-2025-08-17 10:20:14.920 - WARN 30417 --- [l-1:housekeeper] com.zaxxer.hikari.pool.PoolBase          : HikariPool-1 - Failed to validate connection com.mysql.cj.jdbc.ConnectionImpl@6a01e096 (No operations allowed after connection closed.). Possibly consider using a shorter maxLifetime value.
-2025-08-17 10:20:14.921 -DEBUG 30417 --- [nnection-closer] com.zaxxer.hikari.pool.PoolBase          : HikariPool-1 - Closing connection com.mysql.cj.jdbc.ConnectionImpl@6a01e096: (connection is dead)
-2025-08-17 10:20:14.922 -DEBUG 30417 --- [onnection-adder] com.zaxxer.hikari.pool.PoolBase          : HikariPool-1 - Attempting to create/setup new connection (5b4e48fe-b88a-45a8-8407-d9f332cd3c31)
-2025-08-17 10:20:14.998 -DEBUG 30417 --- [onnection-adder] com.zaxxer.hikari.pool.PoolBase          : HikariPool-1 - Established new connection (5b4e48fe-b88a-45a8-8407-d9f332cd3c31)
-2025-08-17 10:20:14.998 -DEBUG 30417 --- [onnection-adder] com.zaxxer.hikari.pool.HikariPool        : HikariPool-1 - Added connection com.mysql.cj.jdbc.ConnectionImpl@3679c7ba
-2025-08-17 10:20:22.427 -DEBUG 30417 --- [l-1:housekeeper] com.zaxxer.hikari.pool.HikariPool        : HikariPool-1 - Before cleanup stats (total=5/10, idle=5/5, active=0, waiting=0)
-2025-08-17 10:20:22.427 -DEBUG 30417 --- [l-1:housekeeper] com.zaxxer.hikari.pool.HikariPool        : HikariPool-1 - After  cleanup stats (total=5/10, idle=5/5, active=0, waiting=0)
-2025-08-17 10:20:22.427 -DEBUG 30417 --- [l-1:housekeeper] com.zaxxer.hikari.pool.HikariPool        : HikariPool-1 - Fill pool skipped, pool has sufficient level or currently being filled.
-
Daemon will be stopped at the end of the build stop command received

> Task :bootRun
2025-08-17 10:20:52.432 -DEBUG 30417 --- [l-1:housekeeper] com.zaxxer.hikari.pool.HikariPool        : HikariPool-1 - Before cleanup stats (total=5/10, idle=5/5, active=0, waiting=0)
-2025-08-17 10:20:52.433 -DEBUG 30417 --- [l-1:housekeeper] com.zaxxer.hikari.pool.HikariPool        : HikariPool-1 - After  cleanup stats (total=5/10, idle=5/5, active=0, waiting=0)
-2025-08-17 10:20:52.433 -DEBUG 30417 --- [l-1:housekeeper] com.zaxxer.hikari.pool.HikariPool        : HikariPool-1 - Fill pool skipped, pool has sufficient level or currently being filled.
-2025-08-17 10:20:53.558 -DEBUG 30417 --- [l-1:housekeeper] com.zaxxer.hikari.pool.HikariPool        : HikariPool-1 - keepalive: connection com.mysql.cj.jdbc.ConnectionImpl@57dbe9cc is alive
-